<?xml version="1.0" encoding="ISO-8859-1" standalone="no" ?>
<!DOCTYPE app-data SYSTEM
          "http://java.apache.org/turbine/dtd/database.dtd">

<!-- ==================================================================== -->
<!--                                                                      -->
<!-- T U R B I N E  P R O J E C T  S C H E M A                            -->
<!--                                                                      -->
<!-- ==================================================================== -->
<!-- This is an example Turbine project schema.                           -->
<!-- ==================================================================== -->

<app-data>

<database name="SIMPLE">
  <table name="SIMPLE">
    <column name="ROWID" required="true" autoIncrement="true"
            primaryKey="true" type="INTEGER"/>
    <column name="NAME" required="true" size="255" type="VARCHAR"/>
    <column name="SPECIES" type="INTEGER" default="-2"/>
    <column name="PLANET" type="INTEGER" default="-1"/>
  </table>
</database>  

<database name="INTERPLANETARY">  
  <table name="CIVILIZATION">
    <column name="CIV_ID" required="true" autoIncrement="true"
            primaryKey="true" type="INTEGER"/>
    <column name="NAME" required="true" type="LONGVARCHAR"/>
  </table>

  <table name="CIV_PEOPLE">
    <column name="CIV_ID" required="true" primaryKey="true" 
            type="INTEGER"/>
    <column name="PEOPLE_ID" required="true" primaryKey="true" type="INTEGER"/>

    <foreign-key foreignTable="CIVILIZATION">
        <reference local="CIV_ID" foreign="CIV_ID"/>
    </foreign-key>
    <foreign-key foreignTable="PEOPLE">
        <reference local="PEOPLE_ID" foreign="PEOPLE_ID"/>
    </foreign-key>
  </table>

  <table name="PEOPLE">
    <column name="PEOPLE_ID" required="true" autoIncrement="true"
            primaryKey="true" type="INTEGER"/>
    <column name="NAME" required="true" size="255" type="VARCHAR"/>
    <column name="SPECIES" type="INTEGER" default="-2"/>
    <column name="PLANET" type="INTEGER" default="-1"/>
  </table>
</database>  

</app-data>
