<?xml version="1.0" encoding="ISO-8859-1" standalone="no" ?>
<!DOCTYPE app-data SYSTEM
          "http://java.apache.org/turbine/dtd/database.dtd">

<!-- ==================================================================== -->
<!--                                                                      -->
<!-- T U R B I N E  P R O J E C T  S C H E M A                            -->
<!--                                                                      -->
<!-- ==================================================================== -->
<!-- This is an example Turbine project schema.                           -->
<!-- ==================================================================== -->

<app-data>
<database name="database1">
  <table name="table1">
    <column name="ROWID" required="true" autoIncrement="true" primaryKey="true" type="INTEGER"/>
    <column name="NAME" required="true" size="255" type="VARCHAR"/>
    <column name="SPECIES" type="INTEGER" default="-2"/>
    <column name="PLANET" type="INTEGER" default="-1"/>
  </table>
</database>  
<database name="database2">  
  <table name="table2">
    <column name="ROWID" required="true" autoIncrement="true" primaryKey="true" type="INTEGER"/>
    <column name="NAME" required="true" size="255" type="VARCHAR"/>
    <column name="SPECIES" type="INTEGER" default="-2"/>
    <column name="PLANET" type="INTEGER" default="-1"/>
  </table>
</database>  
</app-data>
