<?xml version="1.0" encoding="UTF-8"?>

<project>

  <pomVersion>3</pomVersion>
  <name>jakarta-turbine-3</name>
  <id>turbine</id>
  <currentVersion>3.0-alpha-1</currentVersion>
  <organization>
    <name>Apache Software Foundation</name>
    <url>http://jakarta.apache.org/</url>
    <logo>/images/jakarta-logo-blue.gif</logo>
  </organization>
  <logo>/images/blue-logo.gif</logo>
  <inceptionYear>2000</inceptionYear>
  <package>org.apache.turbine</package>
  <gumpRepositoryId>jakarta</gumpRepositoryId>
  <shortDescription>A servlet based framework.</shortDescription>

  <description>
    Turbine is a servlet based framework that allows experienced
    Java developers to quickly build secure web applications. Parts
    of Turbine can also be used independently of the web portion of
    Turbine as well. In other words, we strive to make portions of
    Turbine easily available for use in other applications.
  </description>

  <url>http://jakarta.apache.org/turbine/turbine-3/</url>
  <issueTrackingUrl>http://issues.apache.org/scarab/servlet/scarab/</issueTrackingUrl>
  <siteAddress>jakarta.apache.org</siteAddress>
  <siteDirectory>/www/jakarta.apache.org/turbine/turbine-3/</siteDirectory>

  <repository>
    <connection>scm:cvs:pserver:anoncvs@cvs.apache.org:/home/cvspublic:jakarta-turbine-3</connection>
    <developerConnection>scm:cvs:ext:${maven.username}@cvs.apache.org:/home/cvs:jakarta-turbine-3</developerConnection>
    <url>http://cvs.apache.org/viewcvs/jakarta-turbine-3/</url>
  </repository>

  <mailingLists>
    <mailingList>
      <name>Turbine User List</name>
      <subscribe>turbine-user-subscribe@jakarta.apache.org</subscribe>
      <unsubscribe>turbine-user-unsubscribe@jakarta.apache.org</unsubscribe>
      <archive>http://archives.apache.org/eyebrowse/SummarizeList?listName=turbine-user@jakarta.apache.org</archive>
    </mailingList>
    <mailingList>
      <name>Turbine Developer List</name>
      <subscribe>turbine-dev-subscribe@jakarta.apache.org</subscribe>
      <unsubscribe>turbine-dev-unsubscribe@jakarta.apache.org</unsubscribe>
      <archive>http://archives.apache.org/eyebrowse/SummarizeList?listName=turbine-dev@jakarta.apache.org</archive>
    </mailingList>
  </mailingLists>

  <developers>
    <developer>
      <name>Jeff Brekke</name>
      <id>brekke</id>
      <email>ekkerbj@yahoo.com</email>
      <organization/>
    </developer>
    <developer>
      <name>Eric Dobbs</name>
      <id>dobbs</id>
      <email>eric@dobbse.net</email>
      <organization/>
    </developer>
    <developer>
      <name>John McNally</name>
      <id>jmcnally</id>
      <email>jmcnally@collab.net</email>
      <organization>CollabNet</organization>
    </developer>
    <developer>
      <name>Martin Poeschl</name>
      <id>mpoeschl</id>
      <email>mpoeschl@marmot.at</email>
      <organization>Tucana.at</organization>
    </developer>
    <developer>
      <name>Eric Pugh</name>
      <id>epugh</id>
      <email>epugh@opensourceconnections.com</email>
      <organization>OpenSource Connections</organization>
    </developer>    
    <developer>
      <name>Daniel Rall</name>
      <id>dlr</id>
      <email>dlr@finemaltcoding.com</email>
      <organization>CollabNet</organization>
    </developer>
    <developer>
      <name>Jon Scott Stevens</name>
      <id>jon</id>
      <email>jon@latchkey.com</email>
      <organization>CollabNet, Inc.</organization>
    </developer>
    <developer>
      <name>James Taylor</name>
      <id>jtaylor</id>
      <email>james@jamestaylor.org</email>
      <organization/>
    </developer>
  </developers>

  <dependencies>
    <dependency>
      <id>commons-beanutils</id>
      <version>1.6.1</version>
    </dependency>
    <dependency>
      <id>commons-collections</id>
      <version>3.1</version>
    </dependency>
    <dependency>
      <id>commons-configuration</id>
      <version>1.0</version>
      <url>http://jakarta.apache.org/commons/configuration/</url>      
    </dependency>
    <dependency>
      <groupId>xstream</groupId>
      <artifactId>xstream</artifactId>
      <version>1.0.2</version>
      <url>http://xstream.codehaus.org/</url>
    </dependency>  
    <dependency>
      <id>commons-lang</id>
      <version>2.0</version>
    </dependency>
    <dependency>
      <id>commons-logging</id>
      <version>1.0.3</version>
    </dependency>
    <dependency>
      <id>commons-io</id>
      <version>0.1</version>
    </dependency>
    <dependency>
      <id>commons-http</id>
      <version>1.1</version>
    </dependency>
    <dependency>
      <id>commons-fileupload</id>
      <version>1.0-dev</version>
    </dependency>
    <dependency>
      <id>dom4j</id>
      <version>1.3</version>
    </dependency>
    <dependency>
      <id>fulcrum</id>
      <version>20041101.190347</version>
    </dependency>
    <dependency>
      <id>commons-httpclient</id>
      <version>1.0</version>
    </dependency>
    <dependency>
      <id>httpunit</id>
      <version>1.3</version>
    </dependency>
    <dependency>
      <id>jaf:activation</id>
      <version>1.0.2</version>
    </dependency>
    <dependency>
      <id>jtidy</id>
      <version>4aug2000r7-dev</version>
    </dependency>
    <dependency>
      <id>junit</id>
      <version>3.8.1</version>
    </dependency>
    <dependency>
      <id>log4j</id>
      <version>1.2.8</version>
    </dependency>
    <dependency>
      <id>regexp</id>
      <version>1.3-dev</version>
    </dependency>
    <dependency>
      <id>servletapi</id>
      <version>2.2</version>
    </dependency>

    <dependency>
      <id>torque</id>
      <version>3.1</version>
    </dependency>
    <dependency>
      <id>velocity</id>
      <version>1.3.1</version>
    </dependency>
    <dependency>
      <id>velocity-dvsl</id>
      <version>0.45</version>
    </dependency>
    <dependency>
      <id>xerces:xercesImpl</id>
      <version>2.0.2</version>
      <url>http://xml.apache.org/xerces2-j/</url>
    </dependency>
    <dependency>
      <id>xerces:xmlParserAPIs</id>
      <version>2.0.2</version>
      <url>http://xml.apache.org/xerces2-j/</url>
    </dependency>
    <dependency>
      <id>commons-jxpath</id>
      <version>0.1-dev</version>
    </dependency>
    <dependency>
      <id>jgen</id>
      <version>1.4-dev</version>
    </dependency>
  </dependencies>

  <build>

    <nagEmailAddress>turbine-dev@jakarta.apache.org</nagEmailAddress>

    <sourceDirectory>src/java</sourceDirectory>
    <aspectSourceDirectory/>

    <unitTestSourceDirectory>src/test</unitTestSourceDirectory>

    <unitTest>
      <includes>
        <include>**/*Test.java</include>
      </includes>
    </unitTest>

    <integrationUnitTestSourceDirectory>src/rttest</integrationUnitTestSourceDirectory>

    <integrationUnitTest>
      <includes>
        <include>**/*Test.java</include>
      </includes>
    </integrationUnitTest>

    <resources>
      <includes>
        <include>conf/**/*pipeline.xml</include>
        <include>conf/**/*valve.xml</include>
      </includes>
    </resources>

    <jars/>

  </build>

  <reports>
    <!--
    <report>maven-jdepend-plugin</report>
    -->
    <report>maven-checkstyle-plugin</report>
    <report>maven-changelog-plugin</report>
    <report>maven-developer-activity-plugin</report>
    <report>maven-file-activity-plugin</report>
    <report>maven-javadoc-plugin</report>
    <report>maven-jxr-plugin</report>
    <!--
    <report>maven-junit-report-plugin</report>
    -->
    <report>maven-tasklist-plugin</report>

  </reports>

</project>
