<?xml version="1.0" encoding="ISO-8859-1" standalone="no" ?>
<!DOCTYPE input-data SYSTEM
          "http://java.apache.org/turbine/dtd/constraints.dtd">

<!-- PUBLIC "-//Apache//Apache-Turbine-Intake Application Data//EN" --> 

<!-- ==================================================================== -->
<!--                                                                      -->
<!--                P R O J E C T  I N P U T S                            -->
<!--                                                                      -->
<!-- ==================================================================== -->
<!-- This is an example.                      .                           -->
<!-- ==================================================================== -->

<input-data basePackage="org.tigris.scarab.">
<group class="Attribute" key="att" mapToObject="baseom.Attribute">
        <field name="Id" key="id" type="SimpleKey" mapToProperty="setPrimaryKey">
           <rule mask="[0-9]+">badIdMessage</rule>
        </field>
        <field name="TypeId" key="typeid" type="SimpleKey" mapToProperty="setPrimaryKey">
            <rule mask="[0-9]+">badIdMessage</rule>
        </field>
        <field name="Name" key="name" type="String" />
        <field name="Deleted" key="del" type="boolean" />
</group>
<group class="AttributeValue" key="attv" 
            mapToObject="baseom.AttributeValue">
        <field name="Id" key="id" type="ComboKey" mapToProperty="setPrimaryKey">
           <rule mask="[0-9]+|:">badIdMessage</rule>
        </field>
        <field name="OptionId" key="optionid" type="SimpleKey" mapToProperty="setOptionId">
           <rule mask="[0-9]+">badIdMessage</rule>
        </field>
        <field name="UserId" key="visid" type="SimpleKey" mapToProperty="setUserId">
           <rule mask="[0-9]+">badIdMessage</rule>
        </field>
        <field name="Value" key="val" type="String">
            <rule maxLength="255">Value length cannot be &gt; 255</rule>
        </field>
        <field name="Deleted" key="del" type="boolean" />
</group>
<group class="Issue" key="issue" mapToObject="baseom.Issue">
        <field name="Id" key="id" type="SimpleKey" mapToProperty="setPrimaryKey">
           <rule mask="[0-9]+">badIdMessage</rule>
        </field>
        <field name="ModuleId" key="modid" type="SimpleKey" mapToProperty="setModuleId">
            <rule mask="[0-9]+">badIdMessage</rule>
        </field>
        <field name="Deleted" key="del" type="boolean" />
</group>
<group class="Module" key="mod" mapToObject="baseom.Module">
        <field name="Id" key="o" type="SimpleKey" mapToProperty="setPrimaryKey">
           <rule mask="[0-9]+">badIdMessage</rule>
        </field>
        <field name="Name" key="name" type="String">
            <rule maxLength="255"/>
        </field>
        <field name="Description" key="desc" type="String">
            <rule maxLength="1024"/>
        </field>
        <field name="URL" key="url" type="String">
            <rule maxLength="255"/>
        </field>
        <field name="ParentId" key="parentid" type="SimpleKey" mapToProperty="setParentId">
           <rule mask="[0-9]+">badIdMessage</rule>
        </field>
        <field name="OwnerId" key="ownerid" type="SimpleKey" mapToProperty="setOwnerId">
           <rule mask="[0-9]+">badIdMessage</rule>
        </field>
        <field name="Deleted" key="del" type="boolean" />
</group>
</input-data>







