<?xml version="1.0"?>
<!DOCTYPE project [
    <!ENTITY ouml "&#246;">
]>
<!-- ===================================================================== -->
<!--                                                                       -->
<!-- $Id: project.xml,v 1.16 2004/04/01 18:43:04 epugh Exp $ -->
<!--                                                                       -->
<!-- ===================================================================== -->


<project>
  <pomVersion>3</pomVersion>
  <name>commons-configuration</name>
  <id>commons-configuration</id>
  <currentVersion>1.0-rc1</currentVersion>

  <organization>
    <name>Apache Software Foundation</name>
    <url>http://www.apache.org</url>
    <logo>http://jakarta.apache.org/images/jakarta-logo.gif</logo>
  </organization>

  <inceptionYear>2001</inceptionYear>
  <package>org.apache.commons.configuration</package>

  <shortDescription>Common Configuration</shortDescription>

  <!-- Gump integration -->
  <gumpRepositoryId>jakarta</gumpRepositoryId>
  <logo>/images/logo.png</logo>

  <description>
    Tools to assist in the reading of configuration/preferences files in
    various formats
  </description>

  <url>http://jakarta.apache.org/commons/configuration/</url>
  <issueTrackingUrl>http://nagoya.apache.org/bugzilla/</issueTrackingUrl>
  <siteAddress>jakarta.apache.org</siteAddress>
  <siteDirectory>/www/jakarta.apache.org/commons/configuration/</siteDirectory>
  <distributionDirectory>/www/jakarta.apache.org/builds/jakarta-commons/</distributionDirectory>

  <repository>
    <connection>scm:cvs:pserver:anoncvs@cvs.apache.org:/home/cvspublic:jakarta-commons</connection>
    <url>http://cvs.apache.org/viewcvs/jakarta-commons/configuration/</url>
  </repository>

  <branches>
  </branches>

  <mailingLists>
    <mailingList>
      <name>Configuration List</name>
      <subscribe>commons-dev-subscribe@jakarta.apache.org</subscribe>
      <unsubscribe>commons-dev-unsubscribe@jakarta.apache.org</unsubscribe>
      <archive>http://nagoya.apache.org/eyebrowse/SummarizeList?listName=commons-dev@jakarta.apache.org</archive>
    </mailingList>
  </mailingLists>

  <developers>

    <developer>
      <name>Daniel Rall</name>
      <id>dlr</id>
      <email>dlr@finemaltcoding.com</email>
      <organization>CollabNet, Inc.</organization>
    </developer>

    <developer>
      <name>Jason van Zyl</name>
      <id>jvanzyl</id>
      <email>jason@zenplex.com</email>
      <organization>Zenplex</organization>
    </developer>

    <developer>
      <name>Martin Poeschl</name>
      <id>mpoeschl</id>
      <email>mpoeschl@marmot.at</email>
      <organization>tucana.at</organization>
    </developer>

    <developer>
      <name>dIon Gillard</name>
      <id>dion</id>
      <email>dion@multitask.com.au</email>
      <organization>Multitask Consulting</organization>
    </developer>

    <developer>
      <name>Henning P. Schmiedehausen</name>
      <id>henning</id>
      <email>hps@intermeta.de</email>
      <organization>INTERMETA - Gesellschaft fuer Mehrwertdienste mbH</organization>
    </developer>

    <developer>
      <name>Eric Pugh</name>
      <id>epugh</id>
      <email>epugh@upstate.com</email>
      <organization>upstate.com</organization>
    </developer>

    <developer>
      <name>Brian E. Dunbar</name>
      <id>bdunbar</id>
      <email>bdunbar@dunbarconsulting.org</email>
      <organization>dunbarconsulting.org</organization>
    </developer>
  </developers>
  
  <contributors>  
    <contributor>
      <name>Emmanuel Bourg</name>
      <id>ebourg</id>
      <email>e.bourg@cross-systems.com</email>
    </contributor> 
    <contributor>
      <name>Oliver Heger</name>
      <id>oheger</id>
      <email>oliver.heger@t-online.de</email>
    </contributor> 
    <contributor>
      <name>J&ouml;rg Schaible</name>
      <id>jschaible</id>
      <email>joerg.schaible@gmx.de</email>
      <organization>Elsag-Solutions AG</organization>
      <timezone>+1</timezone>
    </contributor>            
    <contributor>
      <name>Konstantin Shaposhnikov</name>
      <id>kshaposhnikov</id>
      <email>ksh@scand.com</email>
      <organization>scand.com</organization>
    </contributor>
  </contributors>
  
  <dependencies>
    <dependency>
      <id>commons-collections</id>
      <version>2.1</version>
      <properties>        
        <war.bundle>true</war.bundle>
      </properties>      
    </dependency>

    <dependency>
      <id>commons-lang</id>
      <version>2.0</version>
      <properties>        
        <war.bundle>true</war.bundle>
      </properties>      
    </dependency>

    <dependency>
      <id>commons-logging</id>
      <version>1.0.3</version>
      <properties>        
        <war.bundle>true</war.bundle>
      </properties>      
    </dependency>

    <dependency>
      <id>dom4j</id>
      <version>1.4</version>
      <properties>        
        <war.bundle>true</war.bundle>
      </properties>            
    </dependency>

    <dependency>
      <id>commons-digester</id>      
      <version>1.5</version>
      <properties>        
        <war.bundle>true</war.bundle>
      </properties>            
    </dependency>

    <dependency>
      <id>commons-beanutils</id>      
      <version>1.7-dev</version>
      <properties>        
        <war.bundle>true</war.bundle>
      </properties>            
    </dependency>

    <dependency>
      <id>xerces</id>
      <version>2.2.1</version>
      <url>http://xml.apache.org/xerces2-j/</url>
      <properties>        
        <war.bundle>true</war.bundle>
      </properties> 
    </dependency>

    <dependency>
      <id>xml-apis</id>
      <version>2.0.2</version>
      <url>http://xml.apache.org/commons/</url>
      <properties>        
        <war.bundle>true</war.bundle>
      </properties>  
    </dependency>

    <!-- Needed for testing -->
    <dependency>
      <id>junit</id>
      <version>3.8.1</version>
      <url>http://www.junit.org</url>
    </dependency>

    <dependency>
      <id>simple-jndi</id>
      <version>0.9.1</version>
      <url>http://www.osjava.org/simple-jndi/</url> 
    </dependency>

    <dependency>
      <id>commons-dbcp</id>
      <version>1.1</version>
    </dependency>

    <dependency>
      <id>commons-pool</id>
      <version>1.1</version>
    </dependency>

    <dependency>
      <id>hsqldb</id>
      <version>1.7.1</version>
    </dependency>

    <dependency>
      <id>dbunit</id>
      <version>1.5.5</version>
    </dependency>

    <dependency>
      <id>exml</id>
      <version>dbunit1.5.1</version>
    </dependency>

   <dependency> 
      <groupId>maven</groupId> 
      <artifactId>maven-tasks-plugin</artifactId> 
      <version>1.1.0</version> 
      <url>http://maven-plugins.sourceforge.net/maven-tasks-plugin/</url> 
      <type>plugin</type>
    </dependency> 
    <dependency> 
      <groupId>maven</groupId> 
      <artifactId>maven-findbugs-plugin</artifactId> 
      <version>0.7.1</version> 
      <url>http://maven-plugins.sourceforge.net/maven-findbugs-plugin/</url> 
      <type>plugin</type>
    </dependency> 

  </dependencies>

  <build>
    <nagEmailAddress>commons-dev@jakarta.apache.org</nagEmailAddress>

    <sourceDirectory>src/java</sourceDirectory>
    <unitTestSourceDirectory>src/test</unitTestSourceDirectory>
    <integrationUnitTestSourceDirectory/>
    <aspectSourceDirectories/>

    <!-- Unit test classes -->
    <unitTest>
      <includes>
        <include>**/*Test*.java</include>
      </includes>
      <excludes>
        <exclude>**/TestBasePropertiesConfiguration.java</exclude>
        <exclude>**/NonStringTestHolder.java</exclude>
        <exclude>**/TestJNDIConfiguration.java</exclude>
      </excludes>
      <resources>
        <resource>
          <directory>conf</directory>
          <includes>
            <include>*.xml</include>
          </includes>
        </resource>
        <resource>
          <directory>conf</directory>
          <includes>
            <include>testClasspath.properties</include>
            <include>testdb.script</include>
            <include>*.properties</include>
          </includes>
        </resource>
        <resource>
          <directory>conf</directory>
          <targetPath>org/apache/commons/configuration</targetPath> 
          <includes>
            <include>test.properties</include>
            <include>include.properties</include>
          </includes>
        </resource>
        <resource>
          <directory>conf/config</directory>
          <targetPath>config</targetPath> 
          <includes>
            <include>**/*.properties</include>
          </includes>
        </resource>        
      </resources>
    </unitTest>

    <resources>
      <resource>
        <directory>conf</directory>
        <includes>
          <include>digesterRules.xml</include>
        </includes>
      </resource>
    </resources>
  </build>
  <reports>
    <report>maven-jdepend-plugin</report>
    <report>maven-checkstyle-plugin</report>
    <report>maven-changes-plugin</report>
    <report>maven-changelog-plugin</report>
    <report>maven-file-activity-plugin</report>
    <report>maven-developer-activity-plugin</report>
    <report>maven-javadoc-plugin</report>
    <report>maven-jxr-plugin</report>
    <report>maven-junit-report-plugin</report>
    <report>maven-tasklist-plugin</report>
    <report>maven-pmd-plugin</report>
    <report>maven-simian-plugin</report>
    <report>maven-faq-plugin</report>
    <report>maven-jcoverage-plugin</report>
    <report>maven-tasks-plugin</report>   
    <report>maven-findbugs-plugin</report> 
  </reports>
</project>
