<?xml version="1.0" encoding="ISO-8859-1" standalone="no" ?>
<!DOCTYPE database SYSTEM "http://jakarta.apache.org/turbine/dtd/database_3_0_1.dtd">

<!-- ==================================================================== -->
<!--                                                                      -->
<!-- E X A M P L E  T O R Q U E  S C H E M A                             -->
<!--                                                                      -->
<!-- ==================================================================== -->

<!--
  Note: You must now specify a database name.
-->

<database name="INTERPLANETARY">
  <table name="CIVILIZATION">
    <column name="CIV_ID" required="true" autoIncrement="true"
            primaryKey="true" type="INTEGER"/>
    <column name="NAME" required="true" type="LONGVARCHAR"/>
  </table>

  <table name="CIV_PEOPLE">
    <column name="CIV_ID" required="true" primaryKey="true"
            type="INTEGER"/>
    <column name="PEOPLE_ID" required="true" primaryKey="true" type="INTEGER"/>

    <foreign-key foreignTable="CIVILIZATION">
        <reference local="CIV_ID" foreign="CIV_ID"/>
    </foreign-key>
    <foreign-key foreignTable="PEOPLE">
        <reference local="PEOPLE_ID" foreign="PEOPLE_ID"/>
    </foreign-key>
  </table>

  <table name="PEOPLE">
    <column name="PEOPLE_ID" required="true" autoIncrement="true"
            primaryKey="true" type="INTEGER"/>
    <column name="NAME" required="true" size="255" type="VARCHAR"/>
    <column name="SPECIES" type="INTEGER" default="-2"/>
    <column name="PLANET" type="INTEGER" default="-1"/>
  </table>
</database>
