<pipeline>
  <name>TurbineClassicPipeline</name>
  <valves>
    <valve className="org.apache.turbine.pipeline.DetermineActionValve"/>
    <valve className="org.apache.turbine.pipeline.DetermineTargetValve"/>
            
    <valve className="org.apache.turbine.pipeline.TargetExtensionConditionalValve">
        <extension>.vm</extension>
        <valves>
            <valve className="org.apache.turbine.pipeline.DefaultSessionTimeoutValve"/>
            <valve className="org.apache.turbine.pipeline.DefaultLoginValve"/>
            <valve className="org.apache.turbine.pipeline.DefaultSessionValidationValve"/>
            <valve className="org.apache.turbine.pipeline.DefaultACLCreationValve"/>
            <valve className="org.apache.turbine.pipeline.DefaultActionValve"/>
            <valve className="org.apache.turbine.pipeline.RunModulesValve"/>
            <valve className="org.apache.turbine.pipeline.DefaultTargetValve"/>
        </valves>    
    </valve>
    
    <valve className="org.apache.turbine.pipeline.TargetExtensionConditionalValve">
        <extension>.jsp</extension>
        <valves>
            <valve className="org.apache.turbine.pipeline.JspRendererValve"/>
        </valves>    
    </valve>

    <valve className="org.apache.turbine.pipeline.TargetExtensionConditionalValve">
        <extension>.swt</extension>
        <valves>
            <valve className="org.apache.turbine.pipeline.RunModulesValve"/>
            <valve className="org.apache.turbine.pipeline.JGenRendererValve"/>
        </valves>    
    </valve>
    
  </valves>
</pipeline>
