/*
 *  Attributes
 */

insert into SCARAB_ATTRIBUTE(ATTRIBUTE_ID, ATTRIBUTE_NAME, ATTRIBUTE_TYPE_ID, DESCRIPTION) /* Description */
        values(0, 'Null Attribute', 1, 'Null Attribute');
insert into SCARAB_ATTRIBUTE(ATTRIBUTE_ID, ATTRIBUTE_NAME, ATTRIBUTE_TYPE_ID, DESCRIPTION) /* Description */
        values(1, 'Description', 12, 'Description');
insert into SCARAB_ATTRIBUTE(ATTRIBUTE_ID, ATTRIBUTE_NAME, 
       ATTRIBUTE_TYPE_ID, PERMISSION, DESCRIPTION) /* Assigned to */
       values(2, 'Assigned To', 8, 'Issue | Edit', 'Assigned To');
insert into SCARAB_ATTRIBUTE(ATTRIBUTE_ID, ATTRIBUTE_NAME, ATTRIBUTE_TYPE_ID, DESCRIPTION) /* Status */
        values(3, 'Status', 5, 'Status');
insert into SCARAB_ATTRIBUTE(ATTRIBUTE_ID, ATTRIBUTE_NAME, 
       ATTRIBUTE_TYPE_ID, REQUIRED_OPTION_ID, DESCRIPTION) /* resolution */
        values(4, 'Resolution', 5, 5, 'Resolution');
insert into SCARAB_ATTRIBUTE(ATTRIBUTE_ID, ATTRIBUTE_NAME, 
       ATTRIBUTE_TYPE_ID, DESCRIPTION) /* Platform */
       values(5, 'Platform', 5, 'Platform');
insert into SCARAB_ATTRIBUTE(ATTRIBUTE_ID, ATTRIBUTE_NAME, ATTRIBUTE_TYPE_ID, DESCRIPTION) /* Operating System */
        values(6, 'Operating System', 5, 'Operating System');
insert into SCARAB_ATTRIBUTE(ATTRIBUTE_ID, ATTRIBUTE_NAME, ATTRIBUTE_TYPE_ID, DESCRIPTION) /* Priority select-one*/
        values(7, 'Priority', 5, 'Priority');
insert into SCARAB_ATTRIBUTE(ATTRIBUTE_ID, ATTRIBUTE_NAME, ATTRIBUTE_TYPE_ID, DESCRIPTION) /* Priority voted*/
        values(8, 'Vote', 5, 'Vote');
insert into SCARAB_ATTRIBUTE(ATTRIBUTE_ID, ATTRIBUTE_NAME, ATTRIBUTE_TYPE_ID, DESCRIPTION) /* Severity */
        values(9, 'Severity', 5, 'Severity');
insert into SCARAB_ATTRIBUTE(ATTRIBUTE_ID, ATTRIBUTE_NAME, ATTRIBUTE_TYPE_ID, DESCRIPTION) /* Tracking */
        values(10, 'Tracking', 10, 'Tracking');
insert into SCARAB_ATTRIBUTE(ATTRIBUTE_ID, ATTRIBUTE_NAME, ATTRIBUTE_TYPE_ID, DESCRIPTION) /* Brief (one-line) Description */
        values(11, 'Summary', 1, 'Summary');
insert into SCARAB_ATTRIBUTE(ATTRIBUTE_ID, ATTRIBUTE_NAME, ATTRIBUTE_TYPE_ID, DESCRIPTION) /* Functional Area */
        values(12, 'Functional Area', 5, 'Functional Area');
insert into SCARAB_ATTRIBUTE(ATTRIBUTE_ID, ATTRIBUTE_NAME, ATTRIBUTE_TYPE_ID, DESCRIPTION) /* Total Votes */
        values(13, 'Total Votes', 9, 'Total Votes');

update SCARAB_ATTRIBUTE set CREATED_BY='2';

/*
 * Attribute Options
 */

insert into SCARAB_ATTRIBUTE_OPTION(OPTION_ID, ATTRIBUTE_ID, OPTION_NAME) /* null option */
        values(0, 0, 'Root');
insert into SCARAB_ATTRIBUTE_OPTION(OPTION_ID, ATTRIBUTE_ID, OPTION_NAME) /* Unconfirmed */
        values(1, 3, 'unconfirmed');
insert into SCARAB_ATTRIBUTE_OPTION(OPTION_ID, ATTRIBUTE_ID, OPTION_NAME) /* New */
        values(2, 3, 'new');
insert into SCARAB_ATTRIBUTE_OPTION(OPTION_ID, ATTRIBUTE_ID, OPTION_NAME) /* Assigned */
        values(3, 3, 'assigned');
insert into SCARAB_ATTRIBUTE_OPTION(OPTION_ID, ATTRIBUTE_ID, OPTION_NAME) /* Reopened */
        values(4, 3, 'reopened');
insert into SCARAB_ATTRIBUTE_OPTION(OPTION_ID, ATTRIBUTE_ID, OPTION_NAME) /* Resolved */
        values(5, 3, 'resolved');
insert into SCARAB_ATTRIBUTE_OPTION(OPTION_ID, ATTRIBUTE_ID, OPTION_NAME) /* Verified */
        values(6, 3, 'verified');
insert into SCARAB_ATTRIBUTE_OPTION(OPTION_ID, ATTRIBUTE_ID, OPTION_NAME) /* Closed */
        values(7, 3, 'closed');
insert into SCARAB_ATTRIBUTE_OPTION(OPTION_ID, ATTRIBUTE_ID, OPTION_NAME) /* Fixed */
        values(8, 4, 'fixed');
insert into SCARAB_ATTRIBUTE_OPTION(OPTION_ID, ATTRIBUTE_ID, OPTION_NAME) /* Invalid */
        values(9, 4, 'invalid');
insert into SCARAB_ATTRIBUTE_OPTION(OPTION_ID, ATTRIBUTE_ID, OPTION_NAME) /* WONTFIX */
        values(10, 4, 'wontfix');
insert into SCARAB_ATTRIBUTE_OPTION(OPTION_ID, ATTRIBUTE_ID, OPTION_NAME) /* LATER */
        values(11, 4, 'later');
insert into SCARAB_ATTRIBUTE_OPTION(OPTION_ID, ATTRIBUTE_ID, OPTION_NAME) /* REMIND */
        values(12, 4, 'remind');
insert into SCARAB_ATTRIBUTE_OPTION(OPTION_ID, ATTRIBUTE_ID, OPTION_NAME) /* DUPLICATE */
        values(13, 4, 'duplicate');
insert into SCARAB_ATTRIBUTE_OPTION(OPTION_ID, ATTRIBUTE_ID, OPTION_NAME) /* WORKSFORME */
        values(14, 4, 'worksforme');
insert into SCARAB_ATTRIBUTE_OPTION(OPTION_ID, ATTRIBUTE_ID, OPTION_NAME) /* MOVED */
        values(15, 4, 'moved');
insert into SCARAB_ATTRIBUTE_OPTION(OPTION_ID, ATTRIBUTE_ID, OPTION_NAME) /* All */
        values(16, 5, 'all');
insert into SCARAB_ATTRIBUTE_OPTION(OPTION_ID, ATTRIBUTE_ID, OPTION_NAME) /* DEC */
        values(17, 5, 'DEC');
insert into SCARAB_ATTRIBUTE_OPTION(OPTION_ID, ATTRIBUTE_ID, OPTION_NAME) /* HP */
        values(18, 5, 'HP');
insert into SCARAB_ATTRIBUTE_OPTION(OPTION_ID, ATTRIBUTE_ID, OPTION_NAME) /* Macintosh */
        values(19, 5, 'Macintosh');
insert into SCARAB_ATTRIBUTE_OPTION(OPTION_ID, ATTRIBUTE_ID, OPTION_NAME) /* PC */
        values(20, 5, 'PC');
insert into SCARAB_ATTRIBUTE_OPTION(OPTION_ID, ATTRIBUTE_ID, OPTION_NAME) /* SGI */
        values(21, 5, 'SGI');
insert into SCARAB_ATTRIBUTE_OPTION(OPTION_ID, ATTRIBUTE_ID, OPTION_NAME) /* Sun */
        values(22, 5, 'sun');
insert into SCARAB_ATTRIBUTE_OPTION(OPTION_ID, ATTRIBUTE_ID, OPTION_NAME) /* Other */
        values(23, 5, 'other');
insert into SCARAB_ATTRIBUTE_OPTION(OPTION_ID, ATTRIBUTE_ID, OPTION_NAME) /* Operating systems */
        values(24, 6, 'All');
insert into SCARAB_ATTRIBUTE_OPTION(OPTION_ID, ATTRIBUTE_ID, OPTION_NAME) /*  */
        values(75, 6, 'Windows');
insert into SCARAB_ATTRIBUTE_OPTION(OPTION_ID, ATTRIBUTE_ID, OPTION_NAME) /*  */
        values(25, 6, 'windows 3.1');
insert into SCARAB_ATTRIBUTE_OPTION(OPTION_ID, ATTRIBUTE_ID, OPTION_NAME) /*  */
        values(26, 6, 'windows 95');
insert into SCARAB_ATTRIBUTE_OPTION(OPTION_ID, ATTRIBUTE_ID, OPTION_NAME) /*  */
        values(27, 6, 'windows 98');
insert into SCARAB_ATTRIBUTE_OPTION(OPTION_ID, ATTRIBUTE_ID, OPTION_NAME) /*  */
        values(28, 6, 'windows ME');
insert into SCARAB_ATTRIBUTE_OPTION(OPTION_ID, ATTRIBUTE_ID, OPTION_NAME) /*  */
        values(29, 6, 'windows 2000');
insert into SCARAB_ATTRIBUTE_OPTION(OPTION_ID, ATTRIBUTE_ID, OPTION_NAME) /*  */
        values(30, 6, 'windows NT');
insert into SCARAB_ATTRIBUTE_OPTION(OPTION_ID, ATTRIBUTE_ID, OPTION_NAME) /*  */
        values(76, 6, 'MacOS');
insert into SCARAB_ATTRIBUTE_OPTION(OPTION_ID, ATTRIBUTE_ID, OPTION_NAME) /*  */
        values(31, 6, 'mac system 7');
insert into SCARAB_ATTRIBUTE_OPTION(OPTION_ID, ATTRIBUTE_ID, OPTION_NAME) /*  */
        values(32, 6, 'mac system 7.5');
insert into SCARAB_ATTRIBUTE_OPTION(OPTION_ID, ATTRIBUTE_ID, OPTION_NAME) /*  */
        values(33, 6, 'mac system 7.6.1');
insert into SCARAB_ATTRIBUTE_OPTION(OPTION_ID, ATTRIBUTE_ID, OPTION_NAME) /*  */
        values(34, 6, 'mac system 8.0');
insert into SCARAB_ATTRIBUTE_OPTION(OPTION_ID, ATTRIBUTE_ID, OPTION_NAME) /*  */
        values(35, 6, 'mac system 8.5');
insert into SCARAB_ATTRIBUTE_OPTION(OPTION_ID, ATTRIBUTE_ID, OPTION_NAME) /*  */
        values(36, 6, 'mac system 8.6');
insert into SCARAB_ATTRIBUTE_OPTION(OPTION_ID, ATTRIBUTE_ID, OPTION_NAME) /*  */
        values(37, 6, 'mac system 9.0');
insert into SCARAB_ATTRIBUTE_OPTION(OPTION_ID, ATTRIBUTE_ID, OPTION_NAME) /*  */
        values(77, 6, 'OSX');
insert into SCARAB_ATTRIBUTE_OPTION(OPTION_ID, ATTRIBUTE_ID, OPTION_NAME) /*  */
        values(87, 6, 'Unix');
insert into SCARAB_ATTRIBUTE_OPTION(OPTION_ID, ATTRIBUTE_ID, OPTION_NAME) /*  */
        values(38, 6, 'Linux');
insert into SCARAB_ATTRIBUTE_OPTION(OPTION_ID, ATTRIBUTE_ID, OPTION_NAME) /*  */
        values(78, 6, 'Redhat');
insert into SCARAB_ATTRIBUTE_OPTION(OPTION_ID, ATTRIBUTE_ID, OPTION_NAME) /*  */
        values(79, 6, 'Suse');
insert into SCARAB_ATTRIBUTE_OPTION(OPTION_ID, ATTRIBUTE_ID, OPTION_NAME) /*  */
        values(80, 6, 'Debian');
insert into SCARAB_ATTRIBUTE_OPTION(OPTION_ID, ATTRIBUTE_ID, OPTION_NAME) /*  */
        values(81, 6, 'Other Linux');
insert into SCARAB_ATTRIBUTE_OPTION(OPTION_ID, ATTRIBUTE_ID, OPTION_NAME) /*  */
        values(82, 6, '*BSD');
insert into SCARAB_ATTRIBUTE_OPTION(OPTION_ID, ATTRIBUTE_ID, OPTION_NAME) /*  */
        values(40, 6, 'FreeBSD');
insert into SCARAB_ATTRIBUTE_OPTION(OPTION_ID, ATTRIBUTE_ID, OPTION_NAME) /*  */
        values(41, 6, 'NetBSD');
insert into SCARAB_ATTRIBUTE_OPTION(OPTION_ID, ATTRIBUTE_ID, OPTION_NAME) /*  */
        values(42, 6, 'OpenBSD');
insert into SCARAB_ATTRIBUTE_OPTION(OPTION_ID, ATTRIBUTE_ID, OPTION_NAME) /*  */
        values(83, 6, 'Commercial Unix');
insert into SCARAB_ATTRIBUTE_OPTION(OPTION_ID, ATTRIBUTE_ID, OPTION_NAME) /*  */
        values(39, 6, 'BSDI');
insert into SCARAB_ATTRIBUTE_OPTION(OPTION_ID, ATTRIBUTE_ID, OPTION_NAME) /*  */
        values(43, 6, 'AIX');
insert into SCARAB_ATTRIBUTE_OPTION(OPTION_ID, ATTRIBUTE_ID, OPTION_NAME) /*  */
        values(44, 6, 'BeOS');
insert into SCARAB_ATTRIBUTE_OPTION(OPTION_ID, ATTRIBUTE_ID, OPTION_NAME) /*  */
        values(45, 6, 'HP-UX');
insert into SCARAB_ATTRIBUTE_OPTION(OPTION_ID, ATTRIBUTE_ID, OPTION_NAME) /*  */
        values(46, 6, 'IRIX');
insert into SCARAB_ATTRIBUTE_OPTION(OPTION_ID, ATTRIBUTE_ID, OPTION_NAME) /*  */
        values(50, 6, 'OSF/1');
insert into SCARAB_ATTRIBUTE_OPTION(OPTION_ID, ATTRIBUTE_ID, OPTION_NAME) /*  */
        values(51, 6, 'Solaris');
insert into SCARAB_ATTRIBUTE_OPTION(OPTION_ID, ATTRIBUTE_ID, OPTION_NAME) /*  */
        values(52, 6, 'SunOS');
insert into SCARAB_ATTRIBUTE_OPTION(OPTION_ID, ATTRIBUTE_ID, OPTION_NAME) /*  */
        values(53, 6, 'Other');
insert into SCARAB_ATTRIBUTE_OPTION(OPTION_ID, ATTRIBUTE_ID, OPTION_NAME) /*  */
        values(48, 6, 'OpenVMS');
insert into SCARAB_ATTRIBUTE_OPTION(OPTION_ID, ATTRIBUTE_ID, OPTION_NAME) /*  */
        values(49, 6, 'OS/2');
insert into SCARAB_ATTRIBUTE_OPTION(OPTION_ID, ATTRIBUTE_ID, OPTION_NAME) /*  */
        values(84, 6, 'Realtime/Embedded');
insert into SCARAB_ATTRIBUTE_OPTION(OPTION_ID, ATTRIBUTE_ID, OPTION_NAME) /*  */
        values(47, 6, 'Neutrino');
insert into SCARAB_ATTRIBUTE_OPTION(OPTION_ID, ATTRIBUTE_ID, OPTION_NAME) /*  */
        values(85, 6, 'Handheld/PDA');
insert into SCARAB_ATTRIBUTE_OPTION(OPTION_ID, ATTRIBUTE_ID, OPTION_NAME) /*  */
        values(86, 6, 'PalmOS');
insert into SCARAB_ATTRIBUTE_OPTION(OPTION_ID, ATTRIBUTE_ID, OPTION_NAME) /* Priorities select-one */
        values(54, 7, 'High');
insert into SCARAB_ATTRIBUTE_OPTION(OPTION_ID, ATTRIBUTE_ID, OPTION_NAME) /*  */
        values(55, 7, 'Medium');
insert into SCARAB_ATTRIBUTE_OPTION(OPTION_ID, ATTRIBUTE_ID, OPTION_NAME) /*  */
        values(56, 7, 'Low');
insert into SCARAB_ATTRIBUTE_OPTION(OPTION_ID, ATTRIBUTE_ID, OPTION_NAME) /*  */
        values(57, 7, 'Undecided');
insert into SCARAB_ATTRIBUTE_OPTION(OPTION_ID, ATTRIBUTE_ID, OPTION_NAME) /* Priorities voted */
        values(58, 8, 'High');
insert into SCARAB_ATTRIBUTE_OPTION(OPTION_ID, ATTRIBUTE_ID, OPTION_NAME) /*  */
        values(59, 8, 'Medium');
insert into SCARAB_ATTRIBUTE_OPTION(OPTION_ID, ATTRIBUTE_ID, OPTION_NAME) /*  */
        values(60, 8, 'Low');
insert into SCARAB_ATTRIBUTE_OPTION(OPTION_ID, ATTRIBUTE_ID, OPTION_NAME) /*  */
        values(61, 8, 'Undecided');
insert into SCARAB_ATTRIBUTE_OPTION(OPTION_ID, ATTRIBUTE_ID, OPTION_NAME) /* Severities */
        values(62, 9, 'blocker');
insert into SCARAB_ATTRIBUTE_OPTION(OPTION_ID, ATTRIBUTE_ID, OPTION_NAME) /*  */
        values(63, 9, 'critical');
insert into SCARAB_ATTRIBUTE_OPTION(OPTION_ID, ATTRIBUTE_ID, OPTION_NAME) /*  */
        values(64, 9, 'major');
insert into SCARAB_ATTRIBUTE_OPTION(OPTION_ID, ATTRIBUTE_ID, OPTION_NAME) /*  */
        values(65, 9, 'normal');
insert into SCARAB_ATTRIBUTE_OPTION(OPTION_ID, ATTRIBUTE_ID, OPTION_NAME) /*  */
        values(66, 9, 'minor');
insert into SCARAB_ATTRIBUTE_OPTION(OPTION_ID, ATTRIBUTE_ID, OPTION_NAME) /*  */
        values(67, 9, 'trivial');
insert into SCARAB_ATTRIBUTE_OPTION(OPTION_ID, ATTRIBUTE_ID, OPTION_NAME) /*  */
        values(68, 9, 'enhancement');
insert into SCARAB_ATTRIBUTE_OPTION(OPTION_ID, ATTRIBUTE_ID, OPTION_NAME) /*  */
        values(69, 9, 'cosmetic');
insert into SCARAB_ATTRIBUTE_OPTION(OPTION_ID, ATTRIBUTE_ID, OPTION_NAME) /*  */
        values(70, 9, 'serious');
insert into SCARAB_ATTRIBUTE_OPTION(OPTION_ID, ATTRIBUTE_ID, OPTION_NAME) /*  */
        values(71, 9, 'undecided');
/* Tracking options */
/* never send notification */
insert into SCARAB_ATTRIBUTE_OPTION(OPTION_ID, ATTRIBUTE_ID, OPTION_NAME)
        values(72, 10, 'never'); 
/* send notification on major change */
insert into SCARAB_ATTRIBUTE_OPTION(OPTION_ID, ATTRIBUTE_ID, OPTION_NAME)
        values(73, 10, 'major'); 
/* send notification on any change */
insert into SCARAB_ATTRIBUTE_OPTION(OPTION_ID, ATTRIBUTE_ID, OPTION_NAME)
        values(74, 10, 'any'); 
/* Functional Area */
insert into SCARAB_ATTRIBUTE_OPTION(OPTION_ID, ATTRIBUTE_ID, OPTION_NAME) 
        values(88, 12, 'UI');
insert into SCARAB_ATTRIBUTE_OPTION(OPTION_ID, ATTRIBUTE_ID, OPTION_NAME) /*  */
        values(89, 12, 'Setup');
insert into SCARAB_ATTRIBUTE_OPTION(OPTION_ID, ATTRIBUTE_ID, OPTION_NAME) /*  */
        values(90, 12, 'Help');

/*
 * Option_Option relationships
 * option1_id, option2_id, relationship_id, preferred_order, weight
 */
insert into SCARAB_R_OPTION_OPTION values (0,1,1,1,1);
insert into SCARAB_R_OPTION_OPTION values (0,2,1,2,2);
insert into SCARAB_R_OPTION_OPTION values (0,3,1,3,3);
insert into SCARAB_R_OPTION_OPTION values (0,4,1,4,4);
insert into SCARAB_R_OPTION_OPTION values (0,5,1,5,5);
insert into SCARAB_R_OPTION_OPTION values (0,6,1,6,6);
insert into SCARAB_R_OPTION_OPTION values (0,7,1,7,7);
insert into SCARAB_R_OPTION_OPTION values (0,8,1,1,1);
insert into SCARAB_R_OPTION_OPTION values (0,9,1,2,2);
insert into SCARAB_R_OPTION_OPTION values (0,10,1,3,3);
insert into SCARAB_R_OPTION_OPTION values (0,11,1,4,4);
insert into SCARAB_R_OPTION_OPTION values (0,12,1,5,5);
insert into SCARAB_R_OPTION_OPTION values (0,13,1,6,6);
insert into SCARAB_R_OPTION_OPTION values (0,14,1,7,7);
insert into SCARAB_R_OPTION_OPTION values (0,15,1,8,8);
insert into SCARAB_R_OPTION_OPTION values (0,16,1,1,1);
insert into SCARAB_R_OPTION_OPTION values (0,17,1,2,2);
insert into SCARAB_R_OPTION_OPTION values (0,18,1,3,3);
insert into SCARAB_R_OPTION_OPTION values (0,19,1,4,4);
insert into SCARAB_R_OPTION_OPTION values (0,20,1,5,5);
insert into SCARAB_R_OPTION_OPTION values (0,21,1,6,6);
insert into SCARAB_R_OPTION_OPTION values (0,22,1,7,7);
insert into SCARAB_R_OPTION_OPTION values (0,23,1,8,8);
insert into SCARAB_R_OPTION_OPTION values (0,54,1,1,1);
insert into SCARAB_R_OPTION_OPTION values (0,55,1,2,2);
insert into SCARAB_R_OPTION_OPTION values (0,56,1,3,3);
insert into SCARAB_R_OPTION_OPTION values (0,57,1,4,4);
insert into SCARAB_R_OPTION_OPTION values (0,58,1,1,1);
insert into SCARAB_R_OPTION_OPTION values (0,59,1,2,2);
insert into SCARAB_R_OPTION_OPTION values (0,60,1,3,3);
insert into SCARAB_R_OPTION_OPTION values (0,61,1,4,4);
insert into SCARAB_R_OPTION_OPTION values (0,62,1,1,1);
insert into SCARAB_R_OPTION_OPTION values (0,63,1,2,2);
insert into SCARAB_R_OPTION_OPTION values (0,64,1,3,3);
insert into SCARAB_R_OPTION_OPTION values (0,65,1,4,4);
insert into SCARAB_R_OPTION_OPTION values (0,66,1,5,5);
insert into SCARAB_R_OPTION_OPTION values (0,67,1,6,6);
insert into SCARAB_R_OPTION_OPTION values (0,68,1,7,7);
insert into SCARAB_R_OPTION_OPTION values (0,69,1,8,8);
insert into SCARAB_R_OPTION_OPTION values (0,70,1,9,9);
insert into SCARAB_R_OPTION_OPTION values (0,71,1,10,10);
insert into SCARAB_R_OPTION_OPTION values (0,72,1,1,1);
insert into SCARAB_R_OPTION_OPTION values (0,73,1,2,2);
insert into SCARAB_R_OPTION_OPTION values (0,74,1,3,3);
insert into SCARAB_R_OPTION_OPTION values (0,88,1,1,1);
insert into SCARAB_R_OPTION_OPTION values (0,89,1,2,2);
insert into SCARAB_R_OPTION_OPTION values (0,90,1,3,3);

insert into SCARAB_R_OPTION_OPTION values (0,24,1,1,1);
insert into SCARAB_R_OPTION_OPTION values (24,75,1,2,2);
insert into SCARAB_R_OPTION_OPTION values (24,76,1,9,9);
insert into SCARAB_R_OPTION_OPTION values (24,87,1,18,18);
insert into SCARAB_R_OPTION_OPTION values (24,53,1,38,38);
insert into SCARAB_R_OPTION_OPTION values (24,84,1,41,41);
insert into SCARAB_R_OPTION_OPTION values (24,85,1,43,43);
insert into SCARAB_R_OPTION_OPTION values (75,25,1,3,3);
insert into SCARAB_R_OPTION_OPTION values (75,26,1,4,4);
insert into SCARAB_R_OPTION_OPTION values (75,27,1,5,5);
insert into SCARAB_R_OPTION_OPTION values (75,28,1,6,6);
insert into SCARAB_R_OPTION_OPTION values (75,29,1,7,7);
insert into SCARAB_R_OPTION_OPTION values (75,30,1,8,8);
insert into SCARAB_R_OPTION_OPTION values (76,31,1,9,9);
insert into SCARAB_R_OPTION_OPTION values (76,32,1,11,11);
insert into SCARAB_R_OPTION_OPTION values (76,33,1,12,12);
insert into SCARAB_R_OPTION_OPTION values (76,34,1,13,13);
insert into SCARAB_R_OPTION_OPTION values (76,35,1,14,14);
insert into SCARAB_R_OPTION_OPTION values (76,36,1,15,15);
insert into SCARAB_R_OPTION_OPTION values (76,37,1,16,16);
insert into SCARAB_R_OPTION_OPTION values (76,77,1,17,17);
insert into SCARAB_R_OPTION_OPTION values (38,78,1,25,25);
insert into SCARAB_R_OPTION_OPTION values (38,79,1,26,26);
insert into SCARAB_R_OPTION_OPTION values (38,80,1,27,27);
insert into SCARAB_R_OPTION_OPTION values (38,81,1,28,28);
insert into SCARAB_R_OPTION_OPTION values (82,40,1,20,20);
insert into SCARAB_R_OPTION_OPTION values (82,41,1,21,21);
insert into SCARAB_R_OPTION_OPTION values (82,42,1,22,22);
insert into SCARAB_R_OPTION_OPTION values (82,77,1,23,23);
insert into SCARAB_R_OPTION_OPTION values (83,39,1,30,30);
insert into SCARAB_R_OPTION_OPTION values (83,43,1,31,31);
insert into SCARAB_R_OPTION_OPTION values (83,44,1,32,32);
insert into SCARAB_R_OPTION_OPTION values (83,45,1,33,33);
insert into SCARAB_R_OPTION_OPTION values (83,46,1,34,34);
insert into SCARAB_R_OPTION_OPTION values (83,50,1,35,35);
insert into SCARAB_R_OPTION_OPTION values (83,51,1,36,36);
insert into SCARAB_R_OPTION_OPTION values (83,52,1,37,37);
insert into SCARAB_R_OPTION_OPTION values (53,48,1,39,39);
insert into SCARAB_R_OPTION_OPTION values (53,49,1,40,40);
insert into SCARAB_R_OPTION_OPTION values (84,47,1,42,42);
insert into SCARAB_R_OPTION_OPTION values (85,86,1,44,44);
insert into SCARAB_R_OPTION_OPTION values (87,38,1,24,24);
insert into SCARAB_R_OPTION_OPTION values (87,82,1,19,19);
insert into SCARAB_R_OPTION_OPTION values (87,83,1,29,29);


/*
 * Types of issues (artifact types).
 */
insert into SCARAB_ISSUE_TYPE(ISSUE_TYPE_ID, NAME, DESCRIPTION, PARENT_ID)
        values(1, 'Defect', 'An issue in existing feature/functionality.', 0);
insert into SCARAB_ISSUE_TYPE(ISSUE_TYPE_ID, NAME, DESCRIPTION, PARENT_ID)
        values(2, 'Defect Template', '', 1);
insert into SCARAB_ISSUE_TYPE(ISSUE_TYPE_ID, NAME, DESCRIPTION, PARENT_ID)
        values(3, 'Patch', 'A patch submitted to fix a defect.', 0);
insert into SCARAB_ISSUE_TYPE(ISSUE_TYPE_ID, NAME, DESCRIPTION, PARENT_ID)
        values(4, 'Patch Template', '', 3);
insert into SCARAB_ISSUE_TYPE(ISSUE_TYPE_ID, NAME, DESCRIPTION, PARENT_ID)
        values(5, 'Task', 'A task associated with instantiation, or in support of a Feature/Enhancement/Issue.', 0);
insert into SCARAB_ISSUE_TYPE(ISSUE_TYPE_ID, NAME, DESCRIPTION, PARENT_ID)
        values(6, 'Task Template', '', 5);
insert into SCARAB_ISSUE_TYPE(ISSUE_TYPE_ID, NAME, DESCRIPTION, PARENT_ID)
        values(7, 'Feature', 'A new feature.', 0);
insert into SCARAB_ISSUE_TYPE(ISSUE_TYPE_ID, NAME, DESCRIPTION, PARENT_ID)
        values(8, 'Feature Template', '', 7);
insert into SCARAB_ISSUE_TYPE(ISSUE_TYPE_ID, NAME, DESCRIPTION, PARENT_ID)
        values(9, 'Enhancement', 'Improvement to an existing feature.', 0);
insert into SCARAB_ISSUE_TYPE(ISSUE_TYPE_ID, NAME, DESCRIPTION, PARENT_ID)
        values(10, 'Enhancement Template', '', 9);

/* Insert mapping between attributes and groups 
 * group_id, attribute_id, preferred order
 */
INSERT INTO SCARAB_R_ATTRIBUTE_ATTRIBUTEGROUP VALUES (1, 5, 1);
INSERT INTO SCARAB_R_ATTRIBUTE_ATTRIBUTEGROUP VALUES (1, 6, 2);
INSERT INTO SCARAB_R_ATTRIBUTE_ATTRIBUTEGROUP VALUES (1, 11, 3);
INSERT INTO SCARAB_R_ATTRIBUTE_ATTRIBUTEGROUP VALUES (2, 1, 1);
INSERT INTO SCARAB_R_ATTRIBUTE_ATTRIBUTEGROUP VALUES (2, 2, 2);
INSERT INTO SCARAB_R_ATTRIBUTE_ATTRIBUTEGROUP VALUES (2, 3, 3);
INSERT INTO SCARAB_R_ATTRIBUTE_ATTRIBUTEGROUP VALUES (2, 4, 4);
INSERT INTO SCARAB_R_ATTRIBUTE_ATTRIBUTEGROUP VALUES (2, 7, 5);
INSERT INTO SCARAB_R_ATTRIBUTE_ATTRIBUTEGROUP VALUES (2, 8, 6);
INSERT INTO SCARAB_R_ATTRIBUTE_ATTRIBUTEGROUP VALUES (2, 9, 7);
INSERT INTO SCARAB_R_ATTRIBUTE_ATTRIBUTEGROUP VALUES (2, 10, 8);
INSERT INTO SCARAB_R_ATTRIBUTE_ATTRIBUTEGROUP VALUES (2, 12, 9);

INSERT INTO SCARAB_R_ATTRIBUTE_ATTRIBUTEGROUP VALUES (3, 5, 1);
INSERT INTO SCARAB_R_ATTRIBUTE_ATTRIBUTEGROUP VALUES (3, 6, 2);
INSERT INTO SCARAB_R_ATTRIBUTE_ATTRIBUTEGROUP VALUES (3, 11, 3);
INSERT INTO SCARAB_R_ATTRIBUTE_ATTRIBUTEGROUP VALUES (4, 1, 1);
INSERT INTO SCARAB_R_ATTRIBUTE_ATTRIBUTEGROUP VALUES (4, 2, 2);
INSERT INTO SCARAB_R_ATTRIBUTE_ATTRIBUTEGROUP VALUES (4, 3, 3);
INSERT INTO SCARAB_R_ATTRIBUTE_ATTRIBUTEGROUP VALUES (4, 4, 4);
INSERT INTO SCARAB_R_ATTRIBUTE_ATTRIBUTEGROUP VALUES (4, 7, 5);
INSERT INTO SCARAB_R_ATTRIBUTE_ATTRIBUTEGROUP VALUES (4, 8, 6);
INSERT INTO SCARAB_R_ATTRIBUTE_ATTRIBUTEGROUP VALUES (4, 12, 7);

INSERT INTO SCARAB_R_ATTRIBUTE_ATTRIBUTEGROUP VALUES (5, 11, 1);
INSERT INTO SCARAB_R_ATTRIBUTE_ATTRIBUTEGROUP VALUES (6, 1, 1);
INSERT INTO SCARAB_R_ATTRIBUTE_ATTRIBUTEGROUP VALUES (6, 2, 2);
INSERT INTO SCARAB_R_ATTRIBUTE_ATTRIBUTEGROUP VALUES (6, 3, 3);
INSERT INTO SCARAB_R_ATTRIBUTE_ATTRIBUTEGROUP VALUES (6, 4, 4);
INSERT INTO SCARAB_R_ATTRIBUTE_ATTRIBUTEGROUP VALUES (6, 7, 5);
INSERT INTO SCARAB_R_ATTRIBUTE_ATTRIBUTEGROUP VALUES (6, 8, 6);
INSERT INTO SCARAB_R_ATTRIBUTE_ATTRIBUTEGROUP VALUES (6, 12, 7);

INSERT INTO SCARAB_R_ATTRIBUTE_ATTRIBUTEGROUP VALUES (7, 11, 1);
INSERT INTO SCARAB_R_ATTRIBUTE_ATTRIBUTEGROUP VALUES (8, 1, 1);
INSERT INTO SCARAB_R_ATTRIBUTE_ATTRIBUTEGROUP VALUES (8, 2, 2);
INSERT INTO SCARAB_R_ATTRIBUTE_ATTRIBUTEGROUP VALUES (8, 3, 3);
INSERT INTO SCARAB_R_ATTRIBUTE_ATTRIBUTEGROUP VALUES (8, 4, 4);
INSERT INTO SCARAB_R_ATTRIBUTE_ATTRIBUTEGROUP VALUES (8, 7, 5);
INSERT INTO SCARAB_R_ATTRIBUTE_ATTRIBUTEGROUP VALUES (8, 8, 6);
INSERT INTO SCARAB_R_ATTRIBUTE_ATTRIBUTEGROUP VALUES (8, 12, 7);

INSERT INTO SCARAB_R_ATTRIBUTE_ATTRIBUTEGROUP VALUES (9, 11, 1);
INSERT INTO SCARAB_R_ATTRIBUTE_ATTRIBUTEGROUP VALUES (10, 1, 1);
INSERT INTO SCARAB_R_ATTRIBUTE_ATTRIBUTEGROUP VALUES (10, 2, 2);
INSERT INTO SCARAB_R_ATTRIBUTE_ATTRIBUTEGROUP VALUES (10, 3, 3);
INSERT INTO SCARAB_R_ATTRIBUTE_ATTRIBUTEGROUP VALUES (10, 4, 4);
INSERT INTO SCARAB_R_ATTRIBUTE_ATTRIBUTEGROUP VALUES (10, 7, 5);
INSERT INTO SCARAB_R_ATTRIBUTE_ATTRIBUTEGROUP VALUES (10, 8, 6);
INSERT INTO SCARAB_R_ATTRIBUTE_ATTRIBUTEGROUP VALUES (10, 12, 7);

/*
 * populate the root module with all issue types.
 * module_id, issue_type_id, active, show in nav, preferred order
 */
INSERT INTO SCARAB_R_MODULE_ISSUE_TYPE (MODULE_ID, ISSUE_TYPE_ID, ACTIVE, DISPLAY, PREFERRED_ORDER) VALUES (0,1,1,1,1);
INSERT INTO SCARAB_R_MODULE_ISSUE_TYPE (MODULE_ID, ISSUE_TYPE_ID, ACTIVE, DISPLAY, PREFERRED_ORDER) VALUES (0,2,1,1,1);
INSERT INTO SCARAB_R_MODULE_ISSUE_TYPE (MODULE_ID, ISSUE_TYPE_ID, ACTIVE, DISPLAY, PREFERRED_ORDER) VALUES (0,3,1,1,1);
INSERT INTO SCARAB_R_MODULE_ISSUE_TYPE (MODULE_ID, ISSUE_TYPE_ID, ACTIVE, DISPLAY, PREFERRED_ORDER) VALUES (0,4,1,1,1);
INSERT INTO SCARAB_R_MODULE_ISSUE_TYPE (MODULE_ID, ISSUE_TYPE_ID, ACTIVE, DISPLAY, PREFERRED_ORDER) VALUES (0,5,1,1,1);
INSERT INTO SCARAB_R_MODULE_ISSUE_TYPE (MODULE_ID, ISSUE_TYPE_ID, ACTIVE, DISPLAY, PREFERRED_ORDER) VALUES (0,6,1,1,1);
INSERT INTO SCARAB_R_MODULE_ISSUE_TYPE (MODULE_ID, ISSUE_TYPE_ID, ACTIVE, DISPLAY, PREFERRED_ORDER) VALUES (0,7,1,1,1);
INSERT INTO SCARAB_R_MODULE_ISSUE_TYPE (MODULE_ID, ISSUE_TYPE_ID, ACTIVE, DISPLAY, PREFERRED_ORDER) VALUES (0,8,1,1,1);
INSERT INTO SCARAB_R_MODULE_ISSUE_TYPE (MODULE_ID, ISSUE_TYPE_ID, ACTIVE, DISPLAY, PREFERRED_ORDER) VALUES (0,9,1,1,1);
INSERT INTO SCARAB_R_MODULE_ISSUE_TYPE (MODULE_ID, ISSUE_TYPE_ID, ACTIVE, DISPLAY, PREFERRED_ORDER) VALUES (0,10,1,1,1);

/*
 * populate the root module with all attributes.
 * module_id, attr_id, issue_type_id, display_value, active, required, preferred order, quick search
 */

INSERT INTO SCARAB_R_MODULE_ATTRIBUTE VALUES (0,1,1,'Description',1,1,100,0);
INSERT INTO SCARAB_R_MODULE_ATTRIBUTE VALUES (0,2,1,'Assigned To',0,0,200,0);
INSERT INTO SCARAB_R_MODULE_ATTRIBUTE VALUES (0,3,1,'Status',1,0,300,0);
INSERT INTO SCARAB_R_MODULE_ATTRIBUTE VALUES (0,4,1,'Resolution',1,0,400,0);
INSERT INTO SCARAB_R_MODULE_ATTRIBUTE VALUES (0,5,1,'Platform',1,1,2,0);
INSERT INTO SCARAB_R_MODULE_ATTRIBUTE VALUES (0,6,1,'Operating System',1,1,3,0)
;
INSERT INTO SCARAB_R_MODULE_ATTRIBUTE VALUES (0,7,1,'Priority',1,0,500,0);
INSERT INTO SCARAB_R_MODULE_ATTRIBUTE VALUES (0,8,1,'Vote',1,0,600,0);
INSERT INTO SCARAB_R_MODULE_ATTRIBUTE VALUES (0,9,1,'Severity',1,0,700,0);
INSERT INTO SCARAB_R_MODULE_ATTRIBUTE VALUES (0,10,1,'Tracking',0,0,800,0);
INSERT INTO SCARAB_R_MODULE_ATTRIBUTE VALUES (0,11,1,'Summary',1,1,1,1);
INSERT INTO SCARAB_R_MODULE_ATTRIBUTE VALUES (0,12,1,'Functional Area',1,0,1000,0);
INSERT INTO SCARAB_R_MODULE_ATTRIBUTE VALUES (0,1,2,'Description',1,1,100,0);
INSERT INTO SCARAB_R_MODULE_ATTRIBUTE VALUES (0,2,2,'Assigned To',0,0,200,0);
INSERT INTO SCARAB_R_MODULE_ATTRIBUTE VALUES (0,3,2,'Status',1,0,300,0);
INSERT INTO SCARAB_R_MODULE_ATTRIBUTE VALUES (0,4,2,'Resolution',1,0,400,0);
INSERT INTO SCARAB_R_MODULE_ATTRIBUTE VALUES (0,5,2,'Platform',1,1,2,0);
INSERT INTO SCARAB_R_MODULE_ATTRIBUTE VALUES (0,6,2,'Operating System',1,1,3,0);
INSERT INTO SCARAB_R_MODULE_ATTRIBUTE VALUES (0,7,2,'Priority',1,0,500,0);
INSERT INTO SCARAB_R_MODULE_ATTRIBUTE VALUES (0,8,2,'Vote',1,0,600,0);
INSERT INTO SCARAB_R_MODULE_ATTRIBUTE VALUES (0,9,2,'Severity',1,0,700,0);
INSERT INTO SCARAB_R_MODULE_ATTRIBUTE VALUES (0,10,2,'Tracking',0,0,800,0);
INSERT INTO SCARAB_R_MODULE_ATTRIBUTE VALUES (0,11,2,'Summary',1,1,1,1);
INSERT INTO SCARAB_R_MODULE_ATTRIBUTE VALUES (0,12,2,'Functional Area',1,0,1000,0);
INSERT INTO SCARAB_R_MODULE_ATTRIBUTE VALUES (0,1,3,'Description',1,1,100,0);
INSERT INTO SCARAB_R_MODULE_ATTRIBUTE VALUES (0,2,3,'Assigned To',0,0,200,0);
INSERT INTO SCARAB_R_MODULE_ATTRIBUTE VALUES (0,3,3,'Status',1,0,300,0);
INSERT INTO SCARAB_R_MODULE_ATTRIBUTE VALUES (0,4,3,'Resolution',1,0,400,0);
INSERT INTO SCARAB_R_MODULE_ATTRIBUTE VALUES (0,5,3,'Platform',1,1,2,0);
INSERT INTO SCARAB_R_MODULE_ATTRIBUTE VALUES (0,6,3,'Operating System',1,1,3,0);
INSERT INTO SCARAB_R_MODULE_ATTRIBUTE VALUES (0,7,3,'Priority',1,0,500,0);
INSERT INTO SCARAB_R_MODULE_ATTRIBUTE VALUES (0,8,3,'Vote',1,0,600,0);
INSERT INTO SCARAB_R_MODULE_ATTRIBUTE VALUES (0,11,3,'Summary',1,1,1,1);
INSERT INTO SCARAB_R_MODULE_ATTRIBUTE VALUES (0,12,3,'Functional Area',1,0,1000,0);
INSERT INTO SCARAB_R_MODULE_ATTRIBUTE VALUES (0,1,4,'Description',1,1,100,0);
INSERT INTO SCARAB_R_MODULE_ATTRIBUTE VALUES (0,2,4,'Assigned To',0,0,200,0);
INSERT INTO SCARAB_R_MODULE_ATTRIBUTE VALUES (0,3,4,'Status',1,0,300,0);
INSERT INTO SCARAB_R_MODULE_ATTRIBUTE VALUES (0,4,4,'Resolution',1,0,400,0);
INSERT INTO SCARAB_R_MODULE_ATTRIBUTE VALUES (0,5,4,'Platform',1,1,2,0);
INSERT INTO SCARAB_R_MODULE_ATTRIBUTE VALUES (0,6,4,'Operating System',1,1,3,0);
INSERT INTO SCARAB_R_MODULE_ATTRIBUTE VALUES (0,7,4,'Priority',1,0,500,0);
INSERT INTO SCARAB_R_MODULE_ATTRIBUTE VALUES (0,8,4,'Vote',1,0,600,0);
INSERT INTO SCARAB_R_MODULE_ATTRIBUTE VALUES (0,11,4,'Summary',1,1,1,1);
INSERT INTO SCARAB_R_MODULE_ATTRIBUTE VALUES (0,12,4,'Functional Area',1,0,1000,0);
INSERT INTO SCARAB_R_MODULE_ATTRIBUTE VALUES (0,1,5,'Description',1,1,100,0);
INSERT INTO SCARAB_R_MODULE_ATTRIBUTE VALUES (0,2,5,'Assigned To',0,0,200,0);
INSERT INTO SCARAB_R_MODULE_ATTRIBUTE VALUES (0,3,5,'Status',1,0,300,0);
INSERT INTO SCARAB_R_MODULE_ATTRIBUTE VALUES (0,4,5,'Resolution',1,0,400,0);
INSERT INTO SCARAB_R_MODULE_ATTRIBUTE VALUES (0,7,5,'Priority',1,0,500,0);
INSERT INTO SCARAB_R_MODULE_ATTRIBUTE VALUES (0,8,5,'Vote',1,0,600,0);
INSERT INTO SCARAB_R_MODULE_ATTRIBUTE VALUES (0,11,5,'Summary',1,1,1,1);
INSERT INTO SCARAB_R_MODULE_ATTRIBUTE VALUES (0,12,5,'Functional Area',1,0,1000,0);
INSERT INTO SCARAB_R_MODULE_ATTRIBUTE VALUES (0,1,6,'Description',1,1,100,0);
INSERT INTO SCARAB_R_MODULE_ATTRIBUTE VALUES (0,2,6,'Assigned To',0,0,200,0);
INSERT INTO SCARAB_R_MODULE_ATTRIBUTE VALUES (0,3,6,'Status',1,0,300,0);
INSERT INTO SCARAB_R_MODULE_ATTRIBUTE VALUES (0,4,6,'Resolution',1,0,400,0);
INSERT INTO SCARAB_R_MODULE_ATTRIBUTE VALUES (0,7,6,'Priority',1,0,500,0);
INSERT INTO SCARAB_R_MODULE_ATTRIBUTE VALUES (0,8,6,'Vote',1,0,600,0);
INSERT INTO SCARAB_R_MODULE_ATTRIBUTE VALUES (0,11,6,'Summary',1,1,1,1);
INSERT INTO SCARAB_R_MODULE_ATTRIBUTE VALUES (0,12,6,'Functional Area',1,0,1000,0);
INSERT INTO SCARAB_R_MODULE_ATTRIBUTE VALUES (0,1,7,'Description',1,1,100,0);
INSERT INTO SCARAB_R_MODULE_ATTRIBUTE VALUES (0,2,7,'Assigned To',0,0,200,0);
INSERT INTO SCARAB_R_MODULE_ATTRIBUTE VALUES (0,3,7,'Status',1,0,300,0);
INSERT INTO SCARAB_R_MODULE_ATTRIBUTE VALUES (0,4,7,'Resolution',1,0,400,0);
INSERT INTO SCARAB_R_MODULE_ATTRIBUTE VALUES (0,7,7,'Priority',1,0,500,0);
INSERT INTO SCARAB_R_MODULE_ATTRIBUTE VALUES (0,8,7,'Vote',1,0,600,0);
INSERT INTO SCARAB_R_MODULE_ATTRIBUTE VALUES (0,11,7,'Summary',1,1,1,1);
INSERT INTO SCARAB_R_MODULE_ATTRIBUTE VALUES (0,12,7,'Functional Area',1,0,1000,0);
INSERT INTO SCARAB_R_MODULE_ATTRIBUTE VALUES (0,1,8,'Description',1,1,100,0);
INSERT INTO SCARAB_R_MODULE_ATTRIBUTE VALUES (0,2,8,'Assigned To',0,0,200,0);
INSERT INTO SCARAB_R_MODULE_ATTRIBUTE VALUES (0,3,8,'Status',1,0,300,0);
INSERT INTO SCARAB_R_MODULE_ATTRIBUTE VALUES (0,4,8,'Resolution',1,0,400,0);
INSERT INTO SCARAB_R_MODULE_ATTRIBUTE VALUES (0,7,8,'Priority',1,0,500,0);
INSERT INTO SCARAB_R_MODULE_ATTRIBUTE VALUES (0,8,8,'Vote',1,0,600,0);
INSERT INTO SCARAB_R_MODULE_ATTRIBUTE VALUES (0,11,8,'Summary',1,1,1,1);
INSERT INTO SCARAB_R_MODULE_ATTRIBUTE VALUES (0,12,8,'Functional Area',1,0,1000,0);
INSERT INTO SCARAB_R_MODULE_ATTRIBUTE VALUES (0,1,9,'Description',1,1,100,0);
INSERT INTO SCARAB_R_MODULE_ATTRIBUTE VALUES (0,2,9,'Assigned To',0,0,200,0);
INSERT INTO SCARAB_R_MODULE_ATTRIBUTE VALUES (0,3,9,'Status',1,0,300,0);
INSERT INTO SCARAB_R_MODULE_ATTRIBUTE VALUES (0,4,9,'Resolution',1,0,400,0);
INSERT INTO SCARAB_R_MODULE_ATTRIBUTE VALUES (0,7,9,'Priority',1,0,500,0);
INSERT INTO SCARAB_R_MODULE_ATTRIBUTE VALUES (0,8,9,'Vote',1,0,600,0);
INSERT INTO SCARAB_R_MODULE_ATTRIBUTE VALUES (0,11,9,'Summary',1,1,1,1);
INSERT INTO SCARAB_R_MODULE_ATTRIBUTE VALUES (0,12,9,'Functional Area',1,0,1000,0);
INSERT INTO SCARAB_R_MODULE_ATTRIBUTE VALUES (0,1,10,'Description',1,1,100,0);
INSERT INTO SCARAB_R_MODULE_ATTRIBUTE VALUES (0,2,10,'Assigned To',0,0,200,0);
INSERT INTO SCARAB_R_MODULE_ATTRIBUTE VALUES (0,3,10,'Status',1,0,300,0);
INSERT INTO SCARAB_R_MODULE_ATTRIBUTE VALUES (0,4,10,'Resolution',1,0,400,0);
INSERT INTO SCARAB_R_MODULE_ATTRIBUTE VALUES (0,7,10,'Priority',1,0,500,0);
INSERT INTO SCARAB_R_MODULE_ATTRIBUTE VALUES (0,8,10,'Vote',1,0,600,0);
INSERT INTO SCARAB_R_MODULE_ATTRIBUTE VALUES (0,11,10,'Summary',1,1,1,1);
INSERT INTO SCARAB_R_MODULE_ATTRIBUTE VALUES (0,12,10,'Functional Area',1,0,1000,0);



/* Insert attribute groups for project 0
 * group_id, name, description, module_id, issue_type_id, active, dedupe, preferred order
 */
INSERT INTO SCARAB_ATTRIBUTE_GROUP VALUES (1, "group one", "dedupe attributes", 0, 1, 1, 1, 1);
INSERT INTO SCARAB_ATTRIBUTE_GROUP VALUES (2, "group two", "non-dedupe attributes", 0, 1, 1, 0, 3);

INSERT INTO SCARAB_ATTRIBUTE_GROUP VALUES (3, "group one", "dedupe attributes", 0, 3, 1, 1, 1);
INSERT INTO SCARAB_ATTRIBUTE_GROUP VALUES (4, "group two", "non-dedupe attributes", 0, 3, 1, 0, 3);

INSERT INTO SCARAB_ATTRIBUTE_GROUP VALUES (5, "group one", "dedupe attributes", 0, 5, 1, 1, 1);
INSERT INTO SCARAB_ATTRIBUTE_GROUP VALUES (6, "group two", "non-dedupe attributes", 0, 5, 1, 0, 3);

INSERT INTO SCARAB_ATTRIBUTE_GROUP VALUES (7, "group one", "dedupe attributes", 0, 7, 1, 1, 1);
INSERT INTO SCARAB_ATTRIBUTE_GROUP VALUES (8, "group two", "non-dedupe attributes", 0, 7, 1, 0, 3);

INSERT INTO SCARAB_ATTRIBUTE_GROUP VALUES (9, "group one", "dedupe attributes", 0, 9, 1, 1, 1);
INSERT INTO SCARAB_ATTRIBUTE_GROUP VALUES (10, "group two", "non-dedupe attributes", 0, 9, 1, 0, 3);


/*
 * populate the root module with all options.
 * module_id, issue_type_id, option_id, display_value, active, preferred order
 */
INSERT INTO SCARAB_R_MODULE_OPTION VALUES (0,1,1,NULL,1,1,1);
INSERT INTO SCARAB_R_MODULE_OPTION VALUES (0,1,2,NULL,1,1,2);
INSERT INTO SCARAB_R_MODULE_OPTION VALUES (0,1,3,NULL,1,1,3);
INSERT INTO SCARAB_R_MODULE_OPTION VALUES (0,1,4,NULL,1,1,4);
INSERT INTO SCARAB_R_MODULE_OPTION VALUES (0,1,5,NULL,1,1,5);
INSERT INTO SCARAB_R_MODULE_OPTION VALUES (0,1,6,NULL,1,1,6);
INSERT INTO SCARAB_R_MODULE_OPTION VALUES (0,1,7,NULL,1,1,7);
INSERT INTO SCARAB_R_MODULE_OPTION VALUES (0,1,8,NULL,1,1,1);
INSERT INTO SCARAB_R_MODULE_OPTION VALUES (0,1,9,NULL,1,1,2);
INSERT INTO SCARAB_R_MODULE_OPTION VALUES (0,1,10,NULL,1,1,3);
INSERT INTO SCARAB_R_MODULE_OPTION VALUES (0,1,11,NULL,1,1,4);
INSERT INTO SCARAB_R_MODULE_OPTION VALUES (0,1,12,NULL,1,1,5);
INSERT INTO SCARAB_R_MODULE_OPTION VALUES (0,1,13,NULL,1,1,6);
INSERT INTO SCARAB_R_MODULE_OPTION VALUES (0,1,14,NULL,1,1,7);
INSERT INTO SCARAB_R_MODULE_OPTION VALUES (0,1,15,NULL,1,1,8);
INSERT INTO SCARAB_R_MODULE_OPTION VALUES (0,1,16,NULL,1,1,1);
INSERT INTO SCARAB_R_MODULE_OPTION VALUES (0,1,17,NULL,1,1,2);
INSERT INTO SCARAB_R_MODULE_OPTION VALUES (0,1,18,NULL,1,1,3);
INSERT INTO SCARAB_R_MODULE_OPTION VALUES (0,1,19,NULL,1,1,4);
INSERT INTO SCARAB_R_MODULE_OPTION VALUES (0,1,20,NULL,1,1,5);
INSERT INTO SCARAB_R_MODULE_OPTION VALUES (0,1,21,NULL,1,1,6);
INSERT INTO SCARAB_R_MODULE_OPTION VALUES (0,1,22,NULL,1,1,7);
INSERT INTO SCARAB_R_MODULE_OPTION VALUES (0,1,23,NULL,1,1,8);
INSERT INTO SCARAB_R_MODULE_OPTION VALUES (0,1,24,NULL,1,1,1);
INSERT INTO SCARAB_R_MODULE_OPTION VALUES (0,1,25,NULL,1,1,3);
INSERT INTO SCARAB_R_MODULE_OPTION VALUES (0,1,26,NULL,1,1,4);
INSERT INTO SCARAB_R_MODULE_OPTION VALUES (0,1,27,NULL,1,1,5);
INSERT INTO SCARAB_R_MODULE_OPTION VALUES (0,1,28,NULL,1,1,6);
INSERT INTO SCARAB_R_MODULE_OPTION VALUES (0,1,29,NULL,1,1,7);
INSERT INTO SCARAB_R_MODULE_OPTION VALUES (0,1,30,NULL,1,1,8);
INSERT INTO SCARAB_R_MODULE_OPTION VALUES (0,1,31,NULL,1,1,10);
INSERT INTO SCARAB_R_MODULE_OPTION VALUES (0,1,32,NULL,1,1,11);
INSERT INTO SCARAB_R_MODULE_OPTION VALUES (0,1,33,NULL,1,1,12);
INSERT INTO SCARAB_R_MODULE_OPTION VALUES (0,1,34,NULL,1,1,13);
INSERT INTO SCARAB_R_MODULE_OPTION VALUES (0,1,35,NULL,1,1,14);
INSERT INTO SCARAB_R_MODULE_OPTION VALUES (0,1,36,NULL,1,1,15);
INSERT INTO SCARAB_R_MODULE_OPTION VALUES (0,1,37,NULL,1,1,16);
INSERT INTO SCARAB_R_MODULE_OPTION VALUES (0,1,38,NULL,1,1,18);
INSERT INTO SCARAB_R_MODULE_OPTION VALUES (0,1,39,NULL,1,1,28);
INSERT INTO SCARAB_R_MODULE_OPTION VALUES (0,1,40,NULL,1,1,24);
INSERT INTO SCARAB_R_MODULE_OPTION VALUES (0,1,41,NULL,1,1,25);
INSERT INTO SCARAB_R_MODULE_OPTION VALUES (0,1,42,NULL,1,1,26);
INSERT INTO SCARAB_R_MODULE_OPTION VALUES (0,1,43,NULL,1,1,29);
INSERT INTO SCARAB_R_MODULE_OPTION VALUES (0,1,44,NULL,1,1,30);
INSERT INTO SCARAB_R_MODULE_OPTION VALUES (0,1,45,NULL,1,1,31);
INSERT INTO SCARAB_R_MODULE_OPTION VALUES (0,1,46,NULL,1,1,34);
INSERT INTO SCARAB_R_MODULE_OPTION VALUES (0,1,47,NULL,1,0,39);
INSERT INTO SCARAB_R_MODULE_OPTION VALUES (0,1,48,NULL,1,0,42);
INSERT INTO SCARAB_R_MODULE_OPTION VALUES (0,1,49,NULL,1,0,41);
INSERT INTO SCARAB_R_MODULE_OPTION VALUES (0,1,50,NULL,1,1,35);
INSERT INTO SCARAB_R_MODULE_OPTION VALUES (0,1,51,NULL,1,1,32);
INSERT INTO SCARAB_R_MODULE_OPTION VALUES (0,1,52,NULL,1,1,33);
INSERT INTO SCARAB_R_MODULE_OPTION VALUES (0,1,53,NULL,1,1,40);
INSERT INTO SCARAB_R_MODULE_OPTION VALUES (0,1,54,NULL,1,1,1);
INSERT INTO SCARAB_R_MODULE_OPTION VALUES (0,1,55,NULL,1,1,2);
INSERT INTO SCARAB_R_MODULE_OPTION VALUES (0,1,56,NULL,1,1,3);
INSERT INTO SCARAB_R_MODULE_OPTION VALUES (0,1,57,NULL,1,1,4);
INSERT INTO SCARAB_R_MODULE_OPTION VALUES (0,1,58,NULL,1,1,1);
INSERT INTO SCARAB_R_MODULE_OPTION VALUES (0,1,59,NULL,1,1,2);
INSERT INTO SCARAB_R_MODULE_OPTION VALUES (0,1,60,NULL,1,1,3);
INSERT INTO SCARAB_R_MODULE_OPTION VALUES (0,1,61,NULL,1,1,4);
INSERT INTO SCARAB_R_MODULE_OPTION VALUES (0,1,62,NULL,1,1,1);
INSERT INTO SCARAB_R_MODULE_OPTION VALUES (0,1,63,NULL,1,1,2);
INSERT INTO SCARAB_R_MODULE_OPTION VALUES (0,1,64,NULL,1,1,3);
INSERT INTO SCARAB_R_MODULE_OPTION VALUES (0,1,65,NULL,1,1,4);
INSERT INTO SCARAB_R_MODULE_OPTION VALUES (0,1,66,NULL,1,1,5);
INSERT INTO SCARAB_R_MODULE_OPTION VALUES (0,1,67,NULL,1,1,6);
INSERT INTO SCARAB_R_MODULE_OPTION VALUES (0,1,68,NULL,1,1,7);
INSERT INTO SCARAB_R_MODULE_OPTION VALUES (0,1,69,NULL,1,1,8);
INSERT INTO SCARAB_R_MODULE_OPTION VALUES (0,1,70,NULL,1,1,9);
INSERT INTO SCARAB_R_MODULE_OPTION VALUES (0,1,71,NULL,1,1,10);
INSERT INTO SCARAB_R_MODULE_OPTION VALUES (0,1,72,NULL,1,1,1);
INSERT INTO SCARAB_R_MODULE_OPTION VALUES (0,1,73,NULL,1,1,2);
INSERT INTO SCARAB_R_MODULE_OPTION VALUES (0,1,74,NULL,1,1,3);
INSERT INTO SCARAB_R_MODULE_OPTION VALUES (0,1,75,NULL,1,1,2);
INSERT INTO SCARAB_R_MODULE_OPTION VALUES (0,1,76,NULL,1,1,9);
INSERT INTO SCARAB_R_MODULE_OPTION VALUES (0,1,77,NULL,1,1,17);
INSERT INTO SCARAB_R_MODULE_OPTION VALUES (0,1,78,NULL,1,0,19);
INSERT INTO SCARAB_R_MODULE_OPTION VALUES (0,1,79,NULL,1,0,20);
INSERT INTO SCARAB_R_MODULE_OPTION VALUES (0,1,80,NULL,1,0,21);
INSERT INTO SCARAB_R_MODULE_OPTION VALUES (0,1,81,NULL,1,0,22);
INSERT INTO SCARAB_R_MODULE_OPTION VALUES (0,1,82,NULL,1,1,23);
INSERT INTO SCARAB_R_MODULE_OPTION VALUES (0,1,83,NULL,1,1,27);
INSERT INTO SCARAB_R_MODULE_OPTION VALUES (0,1,84,NULL,1,1,38);
INSERT INTO SCARAB_R_MODULE_OPTION VALUES (0,1,85,NULL,1,1,36);
INSERT INTO SCARAB_R_MODULE_OPTION VALUES (0,1,86,NULL,1,0,37);
INSERT INTO SCARAB_R_MODULE_OPTION VALUES (0,1,87,NULL,1,1,17);
INSERT INTO SCARAB_R_MODULE_OPTION VALUES (0,1,88,NULL,1,1,1);
INSERT INTO SCARAB_R_MODULE_OPTION VALUES (0,1,89,NULL,1,1,2);
INSERT INTO SCARAB_R_MODULE_OPTION VALUES (0,1,90,NULL,1,1,3);

INSERT INTO SCARAB_R_MODULE_OPTION VALUES (0,2,1,NULL,1,1,1);
INSERT INTO SCARAB_R_MODULE_OPTION VALUES (0,2,2,NULL,1,1,2);
INSERT INTO SCARAB_R_MODULE_OPTION VALUES (0,2,3,NULL,1,1,3);
INSERT INTO SCARAB_R_MODULE_OPTION VALUES (0,2,4,NULL,1,1,4);
INSERT INTO SCARAB_R_MODULE_OPTION VALUES (0,2,5,NULL,1,1,5);
INSERT INTO SCARAB_R_MODULE_OPTION VALUES (0,2,6,NULL,1,1,6);
INSERT INTO SCARAB_R_MODULE_OPTION VALUES (0,2,7,NULL,1,1,7);
INSERT INTO SCARAB_R_MODULE_OPTION VALUES (0,2,8,NULL,1,1,1);
INSERT INTO SCARAB_R_MODULE_OPTION VALUES (0,2,9,NULL,1,1,2);
INSERT INTO SCARAB_R_MODULE_OPTION VALUES (0,2,10,NULL,1,1,3);
INSERT INTO SCARAB_R_MODULE_OPTION VALUES (0,2,11,NULL,1,1,4);
INSERT INTO SCARAB_R_MODULE_OPTION VALUES (0,2,12,NULL,1,1,5);
INSERT INTO SCARAB_R_MODULE_OPTION VALUES (0,2,13,NULL,1,1,6);
INSERT INTO SCARAB_R_MODULE_OPTION VALUES (0,2,14,NULL,1,1,7);
INSERT INTO SCARAB_R_MODULE_OPTION VALUES (0,2,15,NULL,1,1,8);
INSERT INTO SCARAB_R_MODULE_OPTION VALUES (0,2,16,NULL,1,1,1);
INSERT INTO SCARAB_R_MODULE_OPTION VALUES (0,2,17,NULL,1,1,2);
INSERT INTO SCARAB_R_MODULE_OPTION VALUES (0,2,18,NULL,1,1,3);
INSERT INTO SCARAB_R_MODULE_OPTION VALUES (0,2,19,NULL,1,1,4);
INSERT INTO SCARAB_R_MODULE_OPTION VALUES (0,2,20,NULL,1,1,5);
INSERT INTO SCARAB_R_MODULE_OPTION VALUES (0,2,21,NULL,1,1,6);
INSERT INTO SCARAB_R_MODULE_OPTION VALUES (0,2,22,NULL,1,1,7);
INSERT INTO SCARAB_R_MODULE_OPTION VALUES (0,2,23,NULL,1,1,8);
INSERT INTO SCARAB_R_MODULE_OPTION VALUES (0,2,24,NULL,1,1,1);
INSERT INTO SCARAB_R_MODULE_OPTION VALUES (0,2,25,NULL,1,1,3);
INSERT INTO SCARAB_R_MODULE_OPTION VALUES (0,2,26,NULL,1,1,4);
INSERT INTO SCARAB_R_MODULE_OPTION VALUES (0,2,27,NULL,1,1,5);
INSERT INTO SCARAB_R_MODULE_OPTION VALUES (0,2,28,NULL,1,1,6);
INSERT INTO SCARAB_R_MODULE_OPTION VALUES (0,2,29,NULL,1,1,7);
INSERT INTO SCARAB_R_MODULE_OPTION VALUES (0,2,30,NULL,1,1,8);
INSERT INTO SCARAB_R_MODULE_OPTION VALUES (0,2,31,NULL,1,1,10);
INSERT INTO SCARAB_R_MODULE_OPTION VALUES (0,2,32,NULL,1,1,11);
INSERT INTO SCARAB_R_MODULE_OPTION VALUES (0,2,33,NULL,1,1,12);
INSERT INTO SCARAB_R_MODULE_OPTION VALUES (0,2,34,NULL,1,1,13);
INSERT INTO SCARAB_R_MODULE_OPTION VALUES (0,2,35,NULL,1,1,14);
INSERT INTO SCARAB_R_MODULE_OPTION VALUES (0,2,36,NULL,1,1,15);
INSERT INTO SCARAB_R_MODULE_OPTION VALUES (0,2,37,NULL,1,1,16);
INSERT INTO SCARAB_R_MODULE_OPTION VALUES (0,2,38,NULL,1,1,18);
INSERT INTO SCARAB_R_MODULE_OPTION VALUES (0,2,39,NULL,1,1,28);
INSERT INTO SCARAB_R_MODULE_OPTION VALUES (0,2,40,NULL,1,1,24);
INSERT INTO SCARAB_R_MODULE_OPTION VALUES (0,2,41,NULL,1,1,25);
INSERT INTO SCARAB_R_MODULE_OPTION VALUES (0,2,42,NULL,1,1,26);
INSERT INTO SCARAB_R_MODULE_OPTION VALUES (0,2,43,NULL,1,1,29);
INSERT INTO SCARAB_R_MODULE_OPTION VALUES (0,2,44,NULL,1,1,30);
INSERT INTO SCARAB_R_MODULE_OPTION VALUES (0,2,45,NULL,1,1,31);
INSERT INTO SCARAB_R_MODULE_OPTION VALUES (0,2,46,NULL,1,1,34);
INSERT INTO SCARAB_R_MODULE_OPTION VALUES (0,2,47,NULL,1,0,39);
INSERT INTO SCARAB_R_MODULE_OPTION VALUES (0,2,48,NULL,1,0,42);
INSERT INTO SCARAB_R_MODULE_OPTION VALUES (0,2,49,NULL,1,0,41);
INSERT INTO SCARAB_R_MODULE_OPTION VALUES (0,2,50,NULL,1,1,35);
INSERT INTO SCARAB_R_MODULE_OPTION VALUES (0,2,51,NULL,1,1,32);
INSERT INTO SCARAB_R_MODULE_OPTION VALUES (0,2,52,NULL,1,1,33);
INSERT INTO SCARAB_R_MODULE_OPTION VALUES (0,2,53,NULL,1,1,40);
INSERT INTO SCARAB_R_MODULE_OPTION VALUES (0,2,54,NULL,1,1,1);
INSERT INTO SCARAB_R_MODULE_OPTION VALUES (0,2,55,NULL,1,1,2);
INSERT INTO SCARAB_R_MODULE_OPTION VALUES (0,2,56,NULL,1,1,3);
INSERT INTO SCARAB_R_MODULE_OPTION VALUES (0,2,57,NULL,1,1,4);
INSERT INTO SCARAB_R_MODULE_OPTION VALUES (0,2,58,NULL,1,1,1);
INSERT INTO SCARAB_R_MODULE_OPTION VALUES (0,2,59,NULL,1,1,2);
INSERT INTO SCARAB_R_MODULE_OPTION VALUES (0,2,60,NULL,1,1,3);
INSERT INTO SCARAB_R_MODULE_OPTION VALUES (0,2,61,NULL,1,1,4);
INSERT INTO SCARAB_R_MODULE_OPTION VALUES (0,2,62,NULL,1,1,1);
INSERT INTO SCARAB_R_MODULE_OPTION VALUES (0,2,63,NULL,1,1,2);
INSERT INTO SCARAB_R_MODULE_OPTION VALUES (0,2,64,NULL,1,1,3);
INSERT INTO SCARAB_R_MODULE_OPTION VALUES (0,2,65,NULL,1,1,4);
INSERT INTO SCARAB_R_MODULE_OPTION VALUES (0,2,66,NULL,1,1,5);
INSERT INTO SCARAB_R_MODULE_OPTION VALUES (0,2,67,NULL,1,1,6);
INSERT INTO SCARAB_R_MODULE_OPTION VALUES (0,2,68,NULL,1,1,7);
INSERT INTO SCARAB_R_MODULE_OPTION VALUES (0,2,69,NULL,1,1,8);
INSERT INTO SCARAB_R_MODULE_OPTION VALUES (0,2,70,NULL,1,1,9);
INSERT INTO SCARAB_R_MODULE_OPTION VALUES (0,2,71,NULL,1,1,10);
INSERT INTO SCARAB_R_MODULE_OPTION VALUES (0,2,72,NULL,1,1,1);
INSERT INTO SCARAB_R_MODULE_OPTION VALUES (0,2,73,NULL,1,1,2);
INSERT INTO SCARAB_R_MODULE_OPTION VALUES (0,2,74,NULL,1,1,3);
INSERT INTO SCARAB_R_MODULE_OPTION VALUES (0,2,75,NULL,1,1,2);
INSERT INTO SCARAB_R_MODULE_OPTION VALUES (0,2,76,NULL,1,1,9);
INSERT INTO SCARAB_R_MODULE_OPTION VALUES (0,2,77,NULL,1,1,17);
INSERT INTO SCARAB_R_MODULE_OPTION VALUES (0,2,78,NULL,1,0,19);
INSERT INTO SCARAB_R_MODULE_OPTION VALUES (0,2,79,NULL,1,0,20);
INSERT INTO SCARAB_R_MODULE_OPTION VALUES (0,2,80,NULL,1,0,21);
INSERT INTO SCARAB_R_MODULE_OPTION VALUES (0,2,81,NULL,1,0,22);
INSERT INTO SCARAB_R_MODULE_OPTION VALUES (0,2,82,NULL,1,1,23);
INSERT INTO SCARAB_R_MODULE_OPTION VALUES (0,2,83,NULL,1,1,27);
INSERT INTO SCARAB_R_MODULE_OPTION VALUES (0,2,84,NULL,1,1,38);
INSERT INTO SCARAB_R_MODULE_OPTION VALUES (0,2,85,NULL,1,1,36);
INSERT INTO SCARAB_R_MODULE_OPTION VALUES (0,2,86,NULL,1,0,37);
INSERT INTO SCARAB_R_MODULE_OPTION VALUES (0,2,87,NULL,1,1,17);
INSERT INTO SCARAB_R_MODULE_OPTION VALUES (0,2,88,NULL,1,1,1);
INSERT INTO SCARAB_R_MODULE_OPTION VALUES (0,2,89,NULL,1,1,2);
INSERT INTO SCARAB_R_MODULE_OPTION VALUES (0,2,90,NULL,1,1,3);

INSERT INTO SCARAB_R_MODULE_OPTION VALUES (0,3,1,NULL,1,1,1);
INSERT INTO SCARAB_R_MODULE_OPTION VALUES (0,3,2,NULL,1,1,2);
INSERT INTO SCARAB_R_MODULE_OPTION VALUES (0,3,3,NULL,1,1,3);
INSERT INTO SCARAB_R_MODULE_OPTION VALUES (0,3,4,NULL,1,1,4);
INSERT INTO SCARAB_R_MODULE_OPTION VALUES (0,3,5,NULL,1,1,5);
INSERT INTO SCARAB_R_MODULE_OPTION VALUES (0,3,6,NULL,1,1,6);
INSERT INTO SCARAB_R_MODULE_OPTION VALUES (0,3,7,NULL,1,1,7);
INSERT INTO SCARAB_R_MODULE_OPTION VALUES (0,3,8,NULL,1,1,1);
INSERT INTO SCARAB_R_MODULE_OPTION VALUES (0,3,9,NULL,1,1,2);
INSERT INTO SCARAB_R_MODULE_OPTION VALUES (0,3,10,NULL,1,1,3);
INSERT INTO SCARAB_R_MODULE_OPTION VALUES (0,3,11,NULL,1,1,4);
INSERT INTO SCARAB_R_MODULE_OPTION VALUES (0,3,12,NULL,1,1,5);
INSERT INTO SCARAB_R_MODULE_OPTION VALUES (0,3,13,NULL,1,1,6);
INSERT INTO SCARAB_R_MODULE_OPTION VALUES (0,3,14,NULL,1,1,7);
INSERT INTO SCARAB_R_MODULE_OPTION VALUES (0,3,15,NULL,1,1,8);
INSERT INTO SCARAB_R_MODULE_OPTION VALUES (0,3,16,NULL,1,1,1);
INSERT INTO SCARAB_R_MODULE_OPTION VALUES (0,3,17,NULL,1,1,2);
INSERT INTO SCARAB_R_MODULE_OPTION VALUES (0,3,18,NULL,1,1,3);
INSERT INTO SCARAB_R_MODULE_OPTION VALUES (0,3,19,NULL,1,1,4);
INSERT INTO SCARAB_R_MODULE_OPTION VALUES (0,3,20,NULL,1,1,5);
INSERT INTO SCARAB_R_MODULE_OPTION VALUES (0,3,21,NULL,1,1,6);
INSERT INTO SCARAB_R_MODULE_OPTION VALUES (0,3,22,NULL,1,1,7);
INSERT INTO SCARAB_R_MODULE_OPTION VALUES (0,3,23,NULL,1,1,8);
INSERT INTO SCARAB_R_MODULE_OPTION VALUES (0,3,24,NULL,1,1,1);
INSERT INTO SCARAB_R_MODULE_OPTION VALUES (0,3,25,NULL,1,1,3);
INSERT INTO SCARAB_R_MODULE_OPTION VALUES (0,3,26,NULL,1,1,4);
INSERT INTO SCARAB_R_MODULE_OPTION VALUES (0,3,27,NULL,1,1,5);
INSERT INTO SCARAB_R_MODULE_OPTION VALUES (0,3,28,NULL,1,1,6);
INSERT INTO SCARAB_R_MODULE_OPTION VALUES (0,3,29,NULL,1,1,7);
INSERT INTO SCARAB_R_MODULE_OPTION VALUES (0,3,30,NULL,1,1,8);
INSERT INTO SCARAB_R_MODULE_OPTION VALUES (0,3,31,NULL,1,1,10);
INSERT INTO SCARAB_R_MODULE_OPTION VALUES (0,3,32,NULL,1,1,11);
INSERT INTO SCARAB_R_MODULE_OPTION VALUES (0,3,33,NULL,1,1,12);
INSERT INTO SCARAB_R_MODULE_OPTION VALUES (0,3,34,NULL,1,1,13);
INSERT INTO SCARAB_R_MODULE_OPTION VALUES (0,3,35,NULL,1,1,14);
INSERT INTO SCARAB_R_MODULE_OPTION VALUES (0,3,36,NULL,1,1,15);
INSERT INTO SCARAB_R_MODULE_OPTION VALUES (0,3,37,NULL,1,1,16);
INSERT INTO SCARAB_R_MODULE_OPTION VALUES (0,3,38,NULL,1,1,18);
INSERT INTO SCARAB_R_MODULE_OPTION VALUES (0,3,39,NULL,1,1,28);
INSERT INTO SCARAB_R_MODULE_OPTION VALUES (0,3,40,NULL,1,1,24);
INSERT INTO SCARAB_R_MODULE_OPTION VALUES (0,3,41,NULL,1,1,25);
INSERT INTO SCARAB_R_MODULE_OPTION VALUES (0,3,42,NULL,1,1,26);
INSERT INTO SCARAB_R_MODULE_OPTION VALUES (0,3,43,NULL,1,1,29);
INSERT INTO SCARAB_R_MODULE_OPTION VALUES (0,3,44,NULL,1,1,30);
INSERT INTO SCARAB_R_MODULE_OPTION VALUES (0,3,45,NULL,1,1,31);
INSERT INTO SCARAB_R_MODULE_OPTION VALUES (0,3,46,NULL,1,1,34);
INSERT INTO SCARAB_R_MODULE_OPTION VALUES (0,3,47,NULL,1,0,39);
INSERT INTO SCARAB_R_MODULE_OPTION VALUES (0,3,48,NULL,1,0,42);
INSERT INTO SCARAB_R_MODULE_OPTION VALUES (0,3,49,NULL,1,0,41);
INSERT INTO SCARAB_R_MODULE_OPTION VALUES (0,3,50,NULL,1,1,35);
INSERT INTO SCARAB_R_MODULE_OPTION VALUES (0,3,51,NULL,1,1,32);
INSERT INTO SCARAB_R_MODULE_OPTION VALUES (0,3,52,NULL,1,1,33);
INSERT INTO SCARAB_R_MODULE_OPTION VALUES (0,3,53,NULL,1,1,40);
INSERT INTO SCARAB_R_MODULE_OPTION VALUES (0,3,54,NULL,1,1,1);
INSERT INTO SCARAB_R_MODULE_OPTION VALUES (0,3,55,NULL,1,1,2);
INSERT INTO SCARAB_R_MODULE_OPTION VALUES (0,3,56,NULL,1,1,3);
INSERT INTO SCARAB_R_MODULE_OPTION VALUES (0,3,57,NULL,1,1,4);
INSERT INTO SCARAB_R_MODULE_OPTION VALUES (0,3,58,NULL,1,1,1);
INSERT INTO SCARAB_R_MODULE_OPTION VALUES (0,3,59,NULL,1,1,2);
INSERT INTO SCARAB_R_MODULE_OPTION VALUES (0,3,60,NULL,1,1,3);
INSERT INTO SCARAB_R_MODULE_OPTION VALUES (0,3,61,NULL,1,1,4);
INSERT INTO SCARAB_R_MODULE_OPTION VALUES (0,3,62,NULL,1,1,1);
INSERT INTO SCARAB_R_MODULE_OPTION VALUES (0,3,63,NULL,1,1,2);
INSERT INTO SCARAB_R_MODULE_OPTION VALUES (0,3,64,NULL,1,1,3);
INSERT INTO SCARAB_R_MODULE_OPTION VALUES (0,3,65,NULL,1,1,4);
INSERT INTO SCARAB_R_MODULE_OPTION VALUES (0,3,66,NULL,1,1,5);
INSERT INTO SCARAB_R_MODULE_OPTION VALUES (0,3,67,NULL,1,1,6);
INSERT INTO SCARAB_R_MODULE_OPTION VALUES (0,3,68,NULL,1,1,7);
INSERT INTO SCARAB_R_MODULE_OPTION VALUES (0,3,69,NULL,1,1,8);
INSERT INTO SCARAB_R_MODULE_OPTION VALUES (0,3,70,NULL,1,1,9);
INSERT INTO SCARAB_R_MODULE_OPTION VALUES (0,3,71,NULL,1,1,10);
INSERT INTO SCARAB_R_MODULE_OPTION VALUES (0,3,72,NULL,1,1,1);
INSERT INTO SCARAB_R_MODULE_OPTION VALUES (0,3,73,NULL,1,1,2);
INSERT INTO SCARAB_R_MODULE_OPTION VALUES (0,3,74,NULL,1,1,3);
INSERT INTO SCARAB_R_MODULE_OPTION VALUES (0,3,75,NULL,1,1,2);
INSERT INTO SCARAB_R_MODULE_OPTION VALUES (0,3,76,NULL,1,1,9);
INSERT INTO SCARAB_R_MODULE_OPTION VALUES (0,3,77,NULL,1,1,17);
INSERT INTO SCARAB_R_MODULE_OPTION VALUES (0,3,78,NULL,1,0,19);
INSERT INTO SCARAB_R_MODULE_OPTION VALUES (0,3,79,NULL,1,0,20);
INSERT INTO SCARAB_R_MODULE_OPTION VALUES (0,3,80,NULL,1,0,21);
INSERT INTO SCARAB_R_MODULE_OPTION VALUES (0,3,81,NULL,1,0,22);
INSERT INTO SCARAB_R_MODULE_OPTION VALUES (0,3,82,NULL,1,1,23);
INSERT INTO SCARAB_R_MODULE_OPTION VALUES (0,3,83,NULL,1,1,27);
INSERT INTO SCARAB_R_MODULE_OPTION VALUES (0,3,84,NULL,1,1,38);
INSERT INTO SCARAB_R_MODULE_OPTION VALUES (0,3,85,NULL,1,1,36);
INSERT INTO SCARAB_R_MODULE_OPTION VALUES (0,3,86,NULL,1,0,37);
INSERT INTO SCARAB_R_MODULE_OPTION VALUES (0,3,87,NULL,1,1,17);
INSERT INTO SCARAB_R_MODULE_OPTION VALUES (0,3,88,NULL,1,1,1);
INSERT INTO SCARAB_R_MODULE_OPTION VALUES (0,3,89,NULL,1,1,2);
INSERT INTO SCARAB_R_MODULE_OPTION VALUES (0,3,90,NULL,1,1,3);

INSERT INTO SCARAB_R_MODULE_OPTION VALUES (0,4,1,NULL,1,1,1);
INSERT INTO SCARAB_R_MODULE_OPTION VALUES (0,4,2,NULL,1,1,2);
INSERT INTO SCARAB_R_MODULE_OPTION VALUES (0,4,3,NULL,1,1,3);
INSERT INTO SCARAB_R_MODULE_OPTION VALUES (0,4,4,NULL,1,1,4);
INSERT INTO SCARAB_R_MODULE_OPTION VALUES (0,4,5,NULL,1,1,5);
INSERT INTO SCARAB_R_MODULE_OPTION VALUES (0,4,6,NULL,1,1,6);
INSERT INTO SCARAB_R_MODULE_OPTION VALUES (0,4,7,NULL,1,1,7);
INSERT INTO SCARAB_R_MODULE_OPTION VALUES (0,4,8,NULL,1,1,1);
INSERT INTO SCARAB_R_MODULE_OPTION VALUES (0,4,9,NULL,1,1,2);
INSERT INTO SCARAB_R_MODULE_OPTION VALUES (0,4,10,NULL,1,1,3);
INSERT INTO SCARAB_R_MODULE_OPTION VALUES (0,4,11,NULL,1,1,4);
INSERT INTO SCARAB_R_MODULE_OPTION VALUES (0,4,12,NULL,1,1,5);
INSERT INTO SCARAB_R_MODULE_OPTION VALUES (0,4,13,NULL,1,1,6);
INSERT INTO SCARAB_R_MODULE_OPTION VALUES (0,4,14,NULL,1,1,7);
INSERT INTO SCARAB_R_MODULE_OPTION VALUES (0,4,15,NULL,1,1,8);
INSERT INTO SCARAB_R_MODULE_OPTION VALUES (0,4,16,NULL,1,1,1);
INSERT INTO SCARAB_R_MODULE_OPTION VALUES (0,4,17,NULL,1,1,2);
INSERT INTO SCARAB_R_MODULE_OPTION VALUES (0,4,18,NULL,1,1,3);
INSERT INTO SCARAB_R_MODULE_OPTION VALUES (0,4,19,NULL,1,1,4);
INSERT INTO SCARAB_R_MODULE_OPTION VALUES (0,4,20,NULL,1,1,5);
INSERT INTO SCARAB_R_MODULE_OPTION VALUES (0,4,21,NULL,1,1,6);
INSERT INTO SCARAB_R_MODULE_OPTION VALUES (0,4,22,NULL,1,1,7);
INSERT INTO SCARAB_R_MODULE_OPTION VALUES (0,4,23,NULL,1,1,8);
INSERT INTO SCARAB_R_MODULE_OPTION VALUES (0,4,24,NULL,1,1,1);
INSERT INTO SCARAB_R_MODULE_OPTION VALUES (0,4,25,NULL,1,1,3);
INSERT INTO SCARAB_R_MODULE_OPTION VALUES (0,4,26,NULL,1,1,4);
INSERT INTO SCARAB_R_MODULE_OPTION VALUES (0,4,27,NULL,1,1,5);
INSERT INTO SCARAB_R_MODULE_OPTION VALUES (0,4,28,NULL,1,1,6);
INSERT INTO SCARAB_R_MODULE_OPTION VALUES (0,4,29,NULL,1,1,7);
INSERT INTO SCARAB_R_MODULE_OPTION VALUES (0,4,30,NULL,1,1,8);
INSERT INTO SCARAB_R_MODULE_OPTION VALUES (0,4,31,NULL,1,1,10);
INSERT INTO SCARAB_R_MODULE_OPTION VALUES (0,4,32,NULL,1,1,11);
INSERT INTO SCARAB_R_MODULE_OPTION VALUES (0,4,33,NULL,1,1,12);
INSERT INTO SCARAB_R_MODULE_OPTION VALUES (0,4,34,NULL,1,1,13);
INSERT INTO SCARAB_R_MODULE_OPTION VALUES (0,4,35,NULL,1,1,14);
INSERT INTO SCARAB_R_MODULE_OPTION VALUES (0,4,36,NULL,1,1,15);
INSERT INTO SCARAB_R_MODULE_OPTION VALUES (0,4,37,NULL,1,1,16);
INSERT INTO SCARAB_R_MODULE_OPTION VALUES (0,4,38,NULL,1,1,18);
INSERT INTO SCARAB_R_MODULE_OPTION VALUES (0,4,39,NULL,1,1,28);
INSERT INTO SCARAB_R_MODULE_OPTION VALUES (0,4,40,NULL,1,1,24);
INSERT INTO SCARAB_R_MODULE_OPTION VALUES (0,4,41,NULL,1,1,25);
INSERT INTO SCARAB_R_MODULE_OPTION VALUES (0,4,42,NULL,1,1,26);
INSERT INTO SCARAB_R_MODULE_OPTION VALUES (0,4,43,NULL,1,1,29);
INSERT INTO SCARAB_R_MODULE_OPTION VALUES (0,4,44,NULL,1,1,30);
INSERT INTO SCARAB_R_MODULE_OPTION VALUES (0,4,45,NULL,1,1,31);
INSERT INTO SCARAB_R_MODULE_OPTION VALUES (0,4,46,NULL,1,1,34);
INSERT INTO SCARAB_R_MODULE_OPTION VALUES (0,4,47,NULL,1,0,39);
INSERT INTO SCARAB_R_MODULE_OPTION VALUES (0,4,48,NULL,1,0,42);
INSERT INTO SCARAB_R_MODULE_OPTION VALUES (0,4,49,NULL,1,0,41);
INSERT INTO SCARAB_R_MODULE_OPTION VALUES (0,4,50,NULL,1,1,35);
INSERT INTO SCARAB_R_MODULE_OPTION VALUES (0,4,51,NULL,1,1,32);
INSERT INTO SCARAB_R_MODULE_OPTION VALUES (0,4,52,NULL,1,1,33);
INSERT INTO SCARAB_R_MODULE_OPTION VALUES (0,4,53,NULL,1,1,40);
INSERT INTO SCARAB_R_MODULE_OPTION VALUES (0,4,54,NULL,1,1,1);
INSERT INTO SCARAB_R_MODULE_OPTION VALUES (0,4,55,NULL,1,1,2);
INSERT INTO SCARAB_R_MODULE_OPTION VALUES (0,4,56,NULL,1,1,3);
INSERT INTO SCARAB_R_MODULE_OPTION VALUES (0,4,57,NULL,1,1,4);
INSERT INTO SCARAB_R_MODULE_OPTION VALUES (0,4,58,NULL,1,1,1);
INSERT INTO SCARAB_R_MODULE_OPTION VALUES (0,4,59,NULL,1,1,2);
INSERT INTO SCARAB_R_MODULE_OPTION VALUES (0,4,60,NULL,1,1,3);
INSERT INTO SCARAB_R_MODULE_OPTION VALUES (0,4,61,NULL,1,1,4);
INSERT INTO SCARAB_R_MODULE_OPTION VALUES (0,4,62,NULL,1,1,1);
INSERT INTO SCARAB_R_MODULE_OPTION VALUES (0,4,63,NULL,1,1,2);
INSERT INTO SCARAB_R_MODULE_OPTION VALUES (0,4,64,NULL,1,1,3);
INSERT INTO SCARAB_R_MODULE_OPTION VALUES (0,4,65,NULL,1,1,4);
INSERT INTO SCARAB_R_MODULE_OPTION VALUES (0,4,66,NULL,1,1,5);
INSERT INTO SCARAB_R_MODULE_OPTION VALUES (0,4,67,NULL,1,1,6);
INSERT INTO SCARAB_R_MODULE_OPTION VALUES (0,4,68,NULL,1,1,7);
INSERT INTO SCARAB_R_MODULE_OPTION VALUES (0,4,69,NULL,1,1,8);
INSERT INTO SCARAB_R_MODULE_OPTION VALUES (0,4,70,NULL,1,1,9);
INSERT INTO SCARAB_R_MODULE_OPTION VALUES (0,4,71,NULL,1,1,10);
INSERT INTO SCARAB_R_MODULE_OPTION VALUES (0,4,72,NULL,1,1,1);
INSERT INTO SCARAB_R_MODULE_OPTION VALUES (0,4,73,NULL,1,1,2);
INSERT INTO SCARAB_R_MODULE_OPTION VALUES (0,4,74,NULL,1,1,3);
INSERT INTO SCARAB_R_MODULE_OPTION VALUES (0,4,75,NULL,1,1,2);
INSERT INTO SCARAB_R_MODULE_OPTION VALUES (0,4,76,NULL,1,1,9);
INSERT INTO SCARAB_R_MODULE_OPTION VALUES (0,4,77,NULL,1,1,17);
INSERT INTO SCARAB_R_MODULE_OPTION VALUES (0,4,78,NULL,1,0,19);
INSERT INTO SCARAB_R_MODULE_OPTION VALUES (0,4,79,NULL,1,0,20);
INSERT INTO SCARAB_R_MODULE_OPTION VALUES (0,4,80,NULL,1,0,21);
INSERT INTO SCARAB_R_MODULE_OPTION VALUES (0,4,81,NULL,1,0,22);
INSERT INTO SCARAB_R_MODULE_OPTION VALUES (0,4,82,NULL,1,1,23);
INSERT INTO SCARAB_R_MODULE_OPTION VALUES (0,4,83,NULL,1,1,27);
INSERT INTO SCARAB_R_MODULE_OPTION VALUES (0,4,84,NULL,1,1,38);
INSERT INTO SCARAB_R_MODULE_OPTION VALUES (0,4,85,NULL,1,1,36);
INSERT INTO SCARAB_R_MODULE_OPTION VALUES (0,4,86,NULL,1,0,37);
INSERT INTO SCARAB_R_MODULE_OPTION VALUES (0,4,87,NULL,1,1,17);
INSERT INTO SCARAB_R_MODULE_OPTION VALUES (0,4,88,NULL,1,1,1);
INSERT INTO SCARAB_R_MODULE_OPTION VALUES (0,4,89,NULL,1,1,2);
INSERT INTO SCARAB_R_MODULE_OPTION VALUES (0,4,90,NULL,1,1,3);

INSERT INTO SCARAB_R_MODULE_OPTION VALUES (0,5,1,NULL,1,1,1);
INSERT INTO SCARAB_R_MODULE_OPTION VALUES (0,5,2,NULL,1,1,2);
INSERT INTO SCARAB_R_MODULE_OPTION VALUES (0,5,3,NULL,1,1,3);
INSERT INTO SCARAB_R_MODULE_OPTION VALUES (0,5,4,NULL,1,1,4);
INSERT INTO SCARAB_R_MODULE_OPTION VALUES (0,5,5,NULL,1,1,5);
INSERT INTO SCARAB_R_MODULE_OPTION VALUES (0,5,6,NULL,1,1,6);
INSERT INTO SCARAB_R_MODULE_OPTION VALUES (0,5,7,NULL,1,1,7);
INSERT INTO SCARAB_R_MODULE_OPTION VALUES (0,5,8,NULL,1,1,1);
INSERT INTO SCARAB_R_MODULE_OPTION VALUES (0,5,9,NULL,1,1,2);
INSERT INTO SCARAB_R_MODULE_OPTION VALUES (0,5,10,NULL,1,1,3);
INSERT INTO SCARAB_R_MODULE_OPTION VALUES (0,5,11,NULL,1,1,4);
INSERT INTO SCARAB_R_MODULE_OPTION VALUES (0,5,12,NULL,1,1,5);
INSERT INTO SCARAB_R_MODULE_OPTION VALUES (0,5,13,NULL,1,1,6);
INSERT INTO SCARAB_R_MODULE_OPTION VALUES (0,5,14,NULL,1,1,7);
INSERT INTO SCARAB_R_MODULE_OPTION VALUES (0,5,15,NULL,1,1,8);
INSERT INTO SCARAB_R_MODULE_OPTION VALUES (0,5,16,NULL,1,1,1);
INSERT INTO SCARAB_R_MODULE_OPTION VALUES (0,5,17,NULL,1,1,2);
INSERT INTO SCARAB_R_MODULE_OPTION VALUES (0,5,18,NULL,1,1,3);
INSERT INTO SCARAB_R_MODULE_OPTION VALUES (0,5,19,NULL,1,1,4);
INSERT INTO SCARAB_R_MODULE_OPTION VALUES (0,5,20,NULL,1,1,5);
INSERT INTO SCARAB_R_MODULE_OPTION VALUES (0,5,21,NULL,1,1,6);
INSERT INTO SCARAB_R_MODULE_OPTION VALUES (0,5,22,NULL,1,1,7);
INSERT INTO SCARAB_R_MODULE_OPTION VALUES (0,5,23,NULL,1,1,8);
INSERT INTO SCARAB_R_MODULE_OPTION VALUES (0,5,24,NULL,1,1,1);
INSERT INTO SCARAB_R_MODULE_OPTION VALUES (0,5,25,NULL,1,1,3);
INSERT INTO SCARAB_R_MODULE_OPTION VALUES (0,5,26,NULL,1,1,4);
INSERT INTO SCARAB_R_MODULE_OPTION VALUES (0,5,27,NULL,1,1,5);
INSERT INTO SCARAB_R_MODULE_OPTION VALUES (0,5,28,NULL,1,1,6);
INSERT INTO SCARAB_R_MODULE_OPTION VALUES (0,5,29,NULL,1,1,7);
INSERT INTO SCARAB_R_MODULE_OPTION VALUES (0,5,30,NULL,1,1,8);
INSERT INTO SCARAB_R_MODULE_OPTION VALUES (0,5,31,NULL,1,1,10);
INSERT INTO SCARAB_R_MODULE_OPTION VALUES (0,5,32,NULL,1,1,11);
INSERT INTO SCARAB_R_MODULE_OPTION VALUES (0,5,33,NULL,1,1,12);
INSERT INTO SCARAB_R_MODULE_OPTION VALUES (0,5,34,NULL,1,1,13);
INSERT INTO SCARAB_R_MODULE_OPTION VALUES (0,5,35,NULL,1,1,14);
INSERT INTO SCARAB_R_MODULE_OPTION VALUES (0,5,36,NULL,1,1,15);
INSERT INTO SCARAB_R_MODULE_OPTION VALUES (0,5,37,NULL,1,1,16);
INSERT INTO SCARAB_R_MODULE_OPTION VALUES (0,5,38,NULL,1,1,18);
INSERT INTO SCARAB_R_MODULE_OPTION VALUES (0,5,39,NULL,1,1,28);
INSERT INTO SCARAB_R_MODULE_OPTION VALUES (0,5,40,NULL,1,1,24);
INSERT INTO SCARAB_R_MODULE_OPTION VALUES (0,5,41,NULL,1,1,25);
INSERT INTO SCARAB_R_MODULE_OPTION VALUES (0,5,42,NULL,1,1,26);
INSERT INTO SCARAB_R_MODULE_OPTION VALUES (0,5,43,NULL,1,1,29);
INSERT INTO SCARAB_R_MODULE_OPTION VALUES (0,5,44,NULL,1,1,30);
INSERT INTO SCARAB_R_MODULE_OPTION VALUES (0,5,45,NULL,1,1,31);
INSERT INTO SCARAB_R_MODULE_OPTION VALUES (0,5,46,NULL,1,1,34);
INSERT INTO SCARAB_R_MODULE_OPTION VALUES (0,5,47,NULL,1,0,39);
INSERT INTO SCARAB_R_MODULE_OPTION VALUES (0,5,48,NULL,1,0,42);
INSERT INTO SCARAB_R_MODULE_OPTION VALUES (0,5,49,NULL,1,0,41);
INSERT INTO SCARAB_R_MODULE_OPTION VALUES (0,5,50,NULL,1,1,35);
INSERT INTO SCARAB_R_MODULE_OPTION VALUES (0,5,51,NULL,1,1,32);
INSERT INTO SCARAB_R_MODULE_OPTION VALUES (0,5,52,NULL,1,1,33);
INSERT INTO SCARAB_R_MODULE_OPTION VALUES (0,5,53,NULL,1,1,40);
INSERT INTO SCARAB_R_MODULE_OPTION VALUES (0,5,54,NULL,1,1,1);
INSERT INTO SCARAB_R_MODULE_OPTION VALUES (0,5,55,NULL,1,1,2);
INSERT INTO SCARAB_R_MODULE_OPTION VALUES (0,5,56,NULL,1,1,3);
INSERT INTO SCARAB_R_MODULE_OPTION VALUES (0,5,57,NULL,1,1,4);
INSERT INTO SCARAB_R_MODULE_OPTION VALUES (0,5,58,NULL,1,1,1);
INSERT INTO SCARAB_R_MODULE_OPTION VALUES (0,5,59,NULL,1,1,2);
INSERT INTO SCARAB_R_MODULE_OPTION VALUES (0,5,60,NULL,1,1,3);
INSERT INTO SCARAB_R_MODULE_OPTION VALUES (0,5,61,NULL,1,1,4);
INSERT INTO SCARAB_R_MODULE_OPTION VALUES (0,5,62,NULL,1,1,1);
INSERT INTO SCARAB_R_MODULE_OPTION VALUES (0,5,63,NULL,1,1,2);
INSERT INTO SCARAB_R_MODULE_OPTION VALUES (0,5,64,NULL,1,1,3);
INSERT INTO SCARAB_R_MODULE_OPTION VALUES (0,5,65,NULL,1,1,4);
INSERT INTO SCARAB_R_MODULE_OPTION VALUES (0,5,66,NULL,1,1,5);
INSERT INTO SCARAB_R_MODULE_OPTION VALUES (0,5,67,NULL,1,1,6);
INSERT INTO SCARAB_R_MODULE_OPTION VALUES (0,5,68,NULL,1,1,7);
INSERT INTO SCARAB_R_MODULE_OPTION VALUES (0,5,69,NULL,1,1,8);
INSERT INTO SCARAB_R_MODULE_OPTION VALUES (0,5,70,NULL,1,1,9);
INSERT INTO SCARAB_R_MODULE_OPTION VALUES (0,5,71,NULL,1,1,10);
INSERT INTO SCARAB_R_MODULE_OPTION VALUES (0,5,72,NULL,1,1,1);
INSERT INTO SCARAB_R_MODULE_OPTION VALUES (0,5,73,NULL,1,1,2);
INSERT INTO SCARAB_R_MODULE_OPTION VALUES (0,5,74,NULL,1,1,3);
INSERT INTO SCARAB_R_MODULE_OPTION VALUES (0,5,75,NULL,1,1,2);
INSERT INTO SCARAB_R_MODULE_OPTION VALUES (0,5,76,NULL,1,1,9);
INSERT INTO SCARAB_R_MODULE_OPTION VALUES (0,5,77,NULL,1,1,17);
INSERT INTO SCARAB_R_MODULE_OPTION VALUES (0,5,78,NULL,1,0,19);
INSERT INTO SCARAB_R_MODULE_OPTION VALUES (0,5,79,NULL,1,0,20);
INSERT INTO SCARAB_R_MODULE_OPTION VALUES (0,5,80,NULL,1,0,21);
INSERT INTO SCARAB_R_MODULE_OPTION VALUES (0,5,81,NULL,1,0,22);
INSERT INTO SCARAB_R_MODULE_OPTION VALUES (0,5,82,NULL,1,1,23);
INSERT INTO SCARAB_R_MODULE_OPTION VALUES (0,5,83,NULL,1,1,27);
INSERT INTO SCARAB_R_MODULE_OPTION VALUES (0,5,84,NULL,1,1,38);
INSERT INTO SCARAB_R_MODULE_OPTION VALUES (0,5,85,NULL,1,1,36);
INSERT INTO SCARAB_R_MODULE_OPTION VALUES (0,5,86,NULL,1,0,37);
INSERT INTO SCARAB_R_MODULE_OPTION VALUES (0,5,87,NULL,1,1,17);
INSERT INTO SCARAB_R_MODULE_OPTION VALUES (0,5,88,NULL,1,1,1);
INSERT INTO SCARAB_R_MODULE_OPTION VALUES (0,5,89,NULL,1,1,2);
INSERT INTO SCARAB_R_MODULE_OPTION VALUES (0,5,90,NULL,1,1,3);

INSERT INTO SCARAB_R_MODULE_OPTION VALUES (0,6,1,NULL,1,1,1);
INSERT INTO SCARAB_R_MODULE_OPTION VALUES (0,6,2,NULL,1,1,2);
INSERT INTO SCARAB_R_MODULE_OPTION VALUES (0,6,3,NULL,1,1,3);
INSERT INTO SCARAB_R_MODULE_OPTION VALUES (0,6,4,NULL,1,1,4);
INSERT INTO SCARAB_R_MODULE_OPTION VALUES (0,6,5,NULL,1,1,5);
INSERT INTO SCARAB_R_MODULE_OPTION VALUES (0,6,6,NULL,1,1,6);
INSERT INTO SCARAB_R_MODULE_OPTION VALUES (0,6,7,NULL,1,1,7);
INSERT INTO SCARAB_R_MODULE_OPTION VALUES (0,6,8,NULL,1,1,1);
INSERT INTO SCARAB_R_MODULE_OPTION VALUES (0,6,9,NULL,1,1,2);
INSERT INTO SCARAB_R_MODULE_OPTION VALUES (0,6,10,NULL,1,1,3);
INSERT INTO SCARAB_R_MODULE_OPTION VALUES (0,6,11,NULL,1,1,4);
INSERT INTO SCARAB_R_MODULE_OPTION VALUES (0,6,12,NULL,1,1,5);
INSERT INTO SCARAB_R_MODULE_OPTION VALUES (0,6,13,NULL,1,1,6);
INSERT INTO SCARAB_R_MODULE_OPTION VALUES (0,6,14,NULL,1,1,7);
INSERT INTO SCARAB_R_MODULE_OPTION VALUES (0,6,15,NULL,1,1,8);
INSERT INTO SCARAB_R_MODULE_OPTION VALUES (0,6,16,NULL,1,1,1);
INSERT INTO SCARAB_R_MODULE_OPTION VALUES (0,6,17,NULL,1,1,2);
INSERT INTO SCARAB_R_MODULE_OPTION VALUES (0,6,18,NULL,1,1,3);
INSERT INTO SCARAB_R_MODULE_OPTION VALUES (0,6,19,NULL,1,1,4);
INSERT INTO SCARAB_R_MODULE_OPTION VALUES (0,6,20,NULL,1,1,5);
INSERT INTO SCARAB_R_MODULE_OPTION VALUES (0,6,21,NULL,1,1,6);
INSERT INTO SCARAB_R_MODULE_OPTION VALUES (0,6,22,NULL,1,1,7);
INSERT INTO SCARAB_R_MODULE_OPTION VALUES (0,6,23,NULL,1,1,8);
INSERT INTO SCARAB_R_MODULE_OPTION VALUES (0,6,24,NULL,1,1,1);
INSERT INTO SCARAB_R_MODULE_OPTION VALUES (0,6,25,NULL,1,1,3);
INSERT INTO SCARAB_R_MODULE_OPTION VALUES (0,6,26,NULL,1,1,4);
INSERT INTO SCARAB_R_MODULE_OPTION VALUES (0,6,27,NULL,1,1,5);
INSERT INTO SCARAB_R_MODULE_OPTION VALUES (0,6,28,NULL,1,1,6);
INSERT INTO SCARAB_R_MODULE_OPTION VALUES (0,6,29,NULL,1,1,7);
INSERT INTO SCARAB_R_MODULE_OPTION VALUES (0,6,30,NULL,1,1,8);
INSERT INTO SCARAB_R_MODULE_OPTION VALUES (0,6,31,NULL,1,1,10);
INSERT INTO SCARAB_R_MODULE_OPTION VALUES (0,6,32,NULL,1,1,11);
INSERT INTO SCARAB_R_MODULE_OPTION VALUES (0,6,33,NULL,1,1,12);
INSERT INTO SCARAB_R_MODULE_OPTION VALUES (0,6,34,NULL,1,1,13);
INSERT INTO SCARAB_R_MODULE_OPTION VALUES (0,6,35,NULL,1,1,14);
INSERT INTO SCARAB_R_MODULE_OPTION VALUES (0,6,36,NULL,1,1,15);
INSERT INTO SCARAB_R_MODULE_OPTION VALUES (0,6,37,NULL,1,1,16);
INSERT INTO SCARAB_R_MODULE_OPTION VALUES (0,6,38,NULL,1,1,18);
INSERT INTO SCARAB_R_MODULE_OPTION VALUES (0,6,39,NULL,1,1,28);
INSERT INTO SCARAB_R_MODULE_OPTION VALUES (0,6,40,NULL,1,1,24);
INSERT INTO SCARAB_R_MODULE_OPTION VALUES (0,6,41,NULL,1,1,25);
INSERT INTO SCARAB_R_MODULE_OPTION VALUES (0,6,42,NULL,1,1,26);
INSERT INTO SCARAB_R_MODULE_OPTION VALUES (0,6,43,NULL,1,1,29);
INSERT INTO SCARAB_R_MODULE_OPTION VALUES (0,6,44,NULL,1,1,30);
INSERT INTO SCARAB_R_MODULE_OPTION VALUES (0,6,45,NULL,1,1,31);
INSERT INTO SCARAB_R_MODULE_OPTION VALUES (0,6,46,NULL,1,1,34);
INSERT INTO SCARAB_R_MODULE_OPTION VALUES (0,6,47,NULL,1,0,39);
INSERT INTO SCARAB_R_MODULE_OPTION VALUES (0,6,48,NULL,1,0,42);
INSERT INTO SCARAB_R_MODULE_OPTION VALUES (0,6,49,NULL,1,0,41);
INSERT INTO SCARAB_R_MODULE_OPTION VALUES (0,6,50,NULL,1,1,35);
INSERT INTO SCARAB_R_MODULE_OPTION VALUES (0,6,51,NULL,1,1,32);
INSERT INTO SCARAB_R_MODULE_OPTION VALUES (0,6,52,NULL,1,1,33);
INSERT INTO SCARAB_R_MODULE_OPTION VALUES (0,6,53,NULL,1,1,40);
INSERT INTO SCARAB_R_MODULE_OPTION VALUES (0,6,54,NULL,1,1,1);
INSERT INTO SCARAB_R_MODULE_OPTION VALUES (0,6,55,NULL,1,1,2);
INSERT INTO SCARAB_R_MODULE_OPTION VALUES (0,6,56,NULL,1,1,3);
INSERT INTO SCARAB_R_MODULE_OPTION VALUES (0,6,57,NULL,1,1,4);
INSERT INTO SCARAB_R_MODULE_OPTION VALUES (0,6,58,NULL,1,1,1);
INSERT INTO SCARAB_R_MODULE_OPTION VALUES (0,6,59,NULL,1,1,2);
INSERT INTO SCARAB_R_MODULE_OPTION VALUES (0,6,60,NULL,1,1,3);
INSERT INTO SCARAB_R_MODULE_OPTION VALUES (0,6,61,NULL,1,1,4);
INSERT INTO SCARAB_R_MODULE_OPTION VALUES (0,6,62,NULL,1,1,1);
INSERT INTO SCARAB_R_MODULE_OPTION VALUES (0,6,63,NULL,1,1,2);
INSERT INTO SCARAB_R_MODULE_OPTION VALUES (0,6,64,NULL,1,1,3);
INSERT INTO SCARAB_R_MODULE_OPTION VALUES (0,6,65,NULL,1,1,4);
INSERT INTO SCARAB_R_MODULE_OPTION VALUES (0,6,66,NULL,1,1,5);
INSERT INTO SCARAB_R_MODULE_OPTION VALUES (0,6,67,NULL,1,1,6);
INSERT INTO SCARAB_R_MODULE_OPTION VALUES (0,6,68,NULL,1,1,7);
INSERT INTO SCARAB_R_MODULE_OPTION VALUES (0,6,69,NULL,1,1,8);
INSERT INTO SCARAB_R_MODULE_OPTION VALUES (0,6,70,NULL,1,1,9);
INSERT INTO SCARAB_R_MODULE_OPTION VALUES (0,6,71,NULL,1,1,10);
INSERT INTO SCARAB_R_MODULE_OPTION VALUES (0,6,72,NULL,1,1,1);
INSERT INTO SCARAB_R_MODULE_OPTION VALUES (0,6,73,NULL,1,1,2);
INSERT INTO SCARAB_R_MODULE_OPTION VALUES (0,6,74,NULL,1,1,3);
INSERT INTO SCARAB_R_MODULE_OPTION VALUES (0,6,75,NULL,1,1,2);
INSERT INTO SCARAB_R_MODULE_OPTION VALUES (0,6,76,NULL,1,1,9);
INSERT INTO SCARAB_R_MODULE_OPTION VALUES (0,6,77,NULL,1,1,17);
INSERT INTO SCARAB_R_MODULE_OPTION VALUES (0,6,78,NULL,1,0,19);
INSERT INTO SCARAB_R_MODULE_OPTION VALUES (0,6,79,NULL,1,0,20);
INSERT INTO SCARAB_R_MODULE_OPTION VALUES (0,6,80,NULL,1,0,21);
INSERT INTO SCARAB_R_MODULE_OPTION VALUES (0,6,81,NULL,1,0,22);
INSERT INTO SCARAB_R_MODULE_OPTION VALUES (0,6,82,NULL,1,1,23);
INSERT INTO SCARAB_R_MODULE_OPTION VALUES (0,6,83,NULL,1,1,27);
INSERT INTO SCARAB_R_MODULE_OPTION VALUES (0,6,84,NULL,1,1,38);
INSERT INTO SCARAB_R_MODULE_OPTION VALUES (0,6,85,NULL,1,1,36);
INSERT INTO SCARAB_R_MODULE_OPTION VALUES (0,6,86,NULL,1,0,37);
INSERT INTO SCARAB_R_MODULE_OPTION VALUES (0,6,87,NULL,1,1,17);
INSERT INTO SCARAB_R_MODULE_OPTION VALUES (0,6,88,NULL,1,1,1);
INSERT INTO SCARAB_R_MODULE_OPTION VALUES (0,6,89,NULL,1,1,2);
INSERT INTO SCARAB_R_MODULE_OPTION VALUES (0,6,90,NULL,1,1,3);

INSERT INTO SCARAB_R_MODULE_OPTION VALUES (0,7,1,NULL,1,1,1);
INSERT INTO SCARAB_R_MODULE_OPTION VALUES (0,7,2,NULL,1,1,2);
INSERT INTO SCARAB_R_MODULE_OPTION VALUES (0,7,3,NULL,1,1,3);
INSERT INTO SCARAB_R_MODULE_OPTION VALUES (0,7,4,NULL,1,1,4);
INSERT INTO SCARAB_R_MODULE_OPTION VALUES (0,7,5,NULL,1,1,5);
INSERT INTO SCARAB_R_MODULE_OPTION VALUES (0,7,6,NULL,1,1,6);
INSERT INTO SCARAB_R_MODULE_OPTION VALUES (0,7,7,NULL,1,1,7);
INSERT INTO SCARAB_R_MODULE_OPTION VALUES (0,7,8,NULL,1,1,1);
INSERT INTO SCARAB_R_MODULE_OPTION VALUES (0,7,9,NULL,1,1,2);
INSERT INTO SCARAB_R_MODULE_OPTION VALUES (0,7,10,NULL,1,1,3);
INSERT INTO SCARAB_R_MODULE_OPTION VALUES (0,7,11,NULL,1,1,4);
INSERT INTO SCARAB_R_MODULE_OPTION VALUES (0,7,12,NULL,1,1,5);
INSERT INTO SCARAB_R_MODULE_OPTION VALUES (0,7,13,NULL,1,1,6);
INSERT INTO SCARAB_R_MODULE_OPTION VALUES (0,7,14,NULL,1,1,7);
INSERT INTO SCARAB_R_MODULE_OPTION VALUES (0,7,15,NULL,1,1,8);
INSERT INTO SCARAB_R_MODULE_OPTION VALUES (0,7,16,NULL,1,1,1);
INSERT INTO SCARAB_R_MODULE_OPTION VALUES (0,7,17,NULL,1,1,2);
INSERT INTO SCARAB_R_MODULE_OPTION VALUES (0,7,18,NULL,1,1,3);
INSERT INTO SCARAB_R_MODULE_OPTION VALUES (0,7,19,NULL,1,1,4);
INSERT INTO SCARAB_R_MODULE_OPTION VALUES (0,7,20,NULL,1,1,5);
INSERT INTO SCARAB_R_MODULE_OPTION VALUES (0,7,21,NULL,1,1,6);
INSERT INTO SCARAB_R_MODULE_OPTION VALUES (0,7,22,NULL,1,1,7);
INSERT INTO SCARAB_R_MODULE_OPTION VALUES (0,7,23,NULL,1,1,8);
INSERT INTO SCARAB_R_MODULE_OPTION VALUES (0,7,24,NULL,1,1,1);
INSERT INTO SCARAB_R_MODULE_OPTION VALUES (0,7,25,NULL,1,1,3);
INSERT INTO SCARAB_R_MODULE_OPTION VALUES (0,7,26,NULL,1,1,4);
INSERT INTO SCARAB_R_MODULE_OPTION VALUES (0,7,27,NULL,1,1,5);
INSERT INTO SCARAB_R_MODULE_OPTION VALUES (0,7,28,NULL,1,1,6);
INSERT INTO SCARAB_R_MODULE_OPTION VALUES (0,7,29,NULL,1,1,7);
INSERT INTO SCARAB_R_MODULE_OPTION VALUES (0,7,30,NULL,1,1,8);
INSERT INTO SCARAB_R_MODULE_OPTION VALUES (0,7,31,NULL,1,1,10);
INSERT INTO SCARAB_R_MODULE_OPTION VALUES (0,7,32,NULL,1,1,11);
INSERT INTO SCARAB_R_MODULE_OPTION VALUES (0,7,33,NULL,1,1,12);
INSERT INTO SCARAB_R_MODULE_OPTION VALUES (0,7,34,NULL,1,1,13);
INSERT INTO SCARAB_R_MODULE_OPTION VALUES (0,7,35,NULL,1,1,14);
INSERT INTO SCARAB_R_MODULE_OPTION VALUES (0,7,36,NULL,1,1,15);
INSERT INTO SCARAB_R_MODULE_OPTION VALUES (0,7,37,NULL,1,1,16);
INSERT INTO SCARAB_R_MODULE_OPTION VALUES (0,7,38,NULL,1,1,18);
INSERT INTO SCARAB_R_MODULE_OPTION VALUES (0,7,39,NULL,1,1,28);
INSERT INTO SCARAB_R_MODULE_OPTION VALUES (0,7,40,NULL,1,1,24);
INSERT INTO SCARAB_R_MODULE_OPTION VALUES (0,7,41,NULL,1,1,25);
INSERT INTO SCARAB_R_MODULE_OPTION VALUES (0,7,42,NULL,1,1,26);
INSERT INTO SCARAB_R_MODULE_OPTION VALUES (0,7,43,NULL,1,1,29);
INSERT INTO SCARAB_R_MODULE_OPTION VALUES (0,7,44,NULL,1,1,30);
INSERT INTO SCARAB_R_MODULE_OPTION VALUES (0,7,45,NULL,1,1,31);
INSERT INTO SCARAB_R_MODULE_OPTION VALUES (0,7,46,NULL,1,1,34);
INSERT INTO SCARAB_R_MODULE_OPTION VALUES (0,7,47,NULL,1,0,39);
INSERT INTO SCARAB_R_MODULE_OPTION VALUES (0,7,48,NULL,1,0,42);
INSERT INTO SCARAB_R_MODULE_OPTION VALUES (0,7,49,NULL,1,0,41);
INSERT INTO SCARAB_R_MODULE_OPTION VALUES (0,7,50,NULL,1,1,35);
INSERT INTO SCARAB_R_MODULE_OPTION VALUES (0,7,51,NULL,1,1,32);
INSERT INTO SCARAB_R_MODULE_OPTION VALUES (0,7,52,NULL,1,1,33);
INSERT INTO SCARAB_R_MODULE_OPTION VALUES (0,7,53,NULL,1,1,40);
INSERT INTO SCARAB_R_MODULE_OPTION VALUES (0,7,54,NULL,1,1,1);
INSERT INTO SCARAB_R_MODULE_OPTION VALUES (0,7,55,NULL,1,1,2);
INSERT INTO SCARAB_R_MODULE_OPTION VALUES (0,7,56,NULL,1,1,3);
INSERT INTO SCARAB_R_MODULE_OPTION VALUES (0,7,57,NULL,1,1,4);
INSERT INTO SCARAB_R_MODULE_OPTION VALUES (0,7,58,NULL,1,1,1);
INSERT INTO SCARAB_R_MODULE_OPTION VALUES (0,7,59,NULL,1,1,2);
INSERT INTO SCARAB_R_MODULE_OPTION VALUES (0,7,60,NULL,1,1,3);
INSERT INTO SCARAB_R_MODULE_OPTION VALUES (0,7,61,NULL,1,1,4);
INSERT INTO SCARAB_R_MODULE_OPTION VALUES (0,7,62,NULL,1,1,1);
INSERT INTO SCARAB_R_MODULE_OPTION VALUES (0,7,63,NULL,1,1,2);
INSERT INTO SCARAB_R_MODULE_OPTION VALUES (0,7,64,NULL,1,1,3);
INSERT INTO SCARAB_R_MODULE_OPTION VALUES (0,7,65,NULL,1,1,4);
INSERT INTO SCARAB_R_MODULE_OPTION VALUES (0,7,66,NULL,1,1,5);
INSERT INTO SCARAB_R_MODULE_OPTION VALUES (0,7,67,NULL,1,1,6);
INSERT INTO SCARAB_R_MODULE_OPTION VALUES (0,7,68,NULL,1,1,7);
INSERT INTO SCARAB_R_MODULE_OPTION VALUES (0,7,69,NULL,1,1,8);
INSERT INTO SCARAB_R_MODULE_OPTION VALUES (0,7,70,NULL,1,1,9);
INSERT INTO SCARAB_R_MODULE_OPTION VALUES (0,7,71,NULL,1,1,10);
INSERT INTO SCARAB_R_MODULE_OPTION VALUES (0,7,72,NULL,1,1,1);
INSERT INTO SCARAB_R_MODULE_OPTION VALUES (0,7,73,NULL,1,1,2);
INSERT INTO SCARAB_R_MODULE_OPTION VALUES (0,7,74,NULL,1,1,3);
INSERT INTO SCARAB_R_MODULE_OPTION VALUES (0,7,75,NULL,1,1,2);
INSERT INTO SCARAB_R_MODULE_OPTION VALUES (0,7,76,NULL,1,1,9);
INSERT INTO SCARAB_R_MODULE_OPTION VALUES (0,7,77,NULL,1,1,17);
INSERT INTO SCARAB_R_MODULE_OPTION VALUES (0,7,78,NULL,1,0,19);
INSERT INTO SCARAB_R_MODULE_OPTION VALUES (0,7,79,NULL,1,0,20);
INSERT INTO SCARAB_R_MODULE_OPTION VALUES (0,7,80,NULL,1,0,21);
INSERT INTO SCARAB_R_MODULE_OPTION VALUES (0,7,81,NULL,1,0,22);
INSERT INTO SCARAB_R_MODULE_OPTION VALUES (0,7,82,NULL,1,1,23);
INSERT INTO SCARAB_R_MODULE_OPTION VALUES (0,7,83,NULL,1,1,27);
INSERT INTO SCARAB_R_MODULE_OPTION VALUES (0,7,84,NULL,1,1,38);
INSERT INTO SCARAB_R_MODULE_OPTION VALUES (0,7,85,NULL,1,1,36);
INSERT INTO SCARAB_R_MODULE_OPTION VALUES (0,7,86,NULL,1,0,37);
INSERT INTO SCARAB_R_MODULE_OPTION VALUES (0,7,87,NULL,1,1,17);
INSERT INTO SCARAB_R_MODULE_OPTION VALUES (0,7,88,NULL,1,1,1);
INSERT INTO SCARAB_R_MODULE_OPTION VALUES (0,7,89,NULL,1,1,2);
INSERT INTO SCARAB_R_MODULE_OPTION VALUES (0,7,90,NULL,1,1,3);

INSERT INTO SCARAB_R_MODULE_OPTION VALUES (0,8,1,NULL,1,1,1);
INSERT INTO SCARAB_R_MODULE_OPTION VALUES (0,8,2,NULL,1,1,2);
INSERT INTO SCARAB_R_MODULE_OPTION VALUES (0,8,3,NULL,1,1,3);
INSERT INTO SCARAB_R_MODULE_OPTION VALUES (0,8,4,NULL,1,1,4);
INSERT INTO SCARAB_R_MODULE_OPTION VALUES (0,8,5,NULL,1,1,5);
INSERT INTO SCARAB_R_MODULE_OPTION VALUES (0,8,6,NULL,1,1,6);
INSERT INTO SCARAB_R_MODULE_OPTION VALUES (0,8,7,NULL,1,1,7);
INSERT INTO SCARAB_R_MODULE_OPTION VALUES (0,8,8,NULL,1,1,1);
INSERT INTO SCARAB_R_MODULE_OPTION VALUES (0,8,9,NULL,1,1,2);
INSERT INTO SCARAB_R_MODULE_OPTION VALUES (0,8,10,NULL,1,1,3);
INSERT INTO SCARAB_R_MODULE_OPTION VALUES (0,8,11,NULL,1,1,4);
INSERT INTO SCARAB_R_MODULE_OPTION VALUES (0,8,12,NULL,1,1,5);
INSERT INTO SCARAB_R_MODULE_OPTION VALUES (0,8,13,NULL,1,1,6);
INSERT INTO SCARAB_R_MODULE_OPTION VALUES (0,8,14,NULL,1,1,7);
INSERT INTO SCARAB_R_MODULE_OPTION VALUES (0,8,15,NULL,1,1,8);
INSERT INTO SCARAB_R_MODULE_OPTION VALUES (0,8,16,NULL,1,1,1);
INSERT INTO SCARAB_R_MODULE_OPTION VALUES (0,8,17,NULL,1,1,2);
INSERT INTO SCARAB_R_MODULE_OPTION VALUES (0,8,18,NULL,1,1,3);
INSERT INTO SCARAB_R_MODULE_OPTION VALUES (0,8,19,NULL,1,1,4);
INSERT INTO SCARAB_R_MODULE_OPTION VALUES (0,8,20,NULL,1,1,5);
INSERT INTO SCARAB_R_MODULE_OPTION VALUES (0,8,21,NULL,1,1,6);
INSERT INTO SCARAB_R_MODULE_OPTION VALUES (0,8,22,NULL,1,1,7);
INSERT INTO SCARAB_R_MODULE_OPTION VALUES (0,8,23,NULL,1,1,8);
INSERT INTO SCARAB_R_MODULE_OPTION VALUES (0,8,24,NULL,1,1,1);
INSERT INTO SCARAB_R_MODULE_OPTION VALUES (0,8,25,NULL,1,1,3);
INSERT INTO SCARAB_R_MODULE_OPTION VALUES (0,8,26,NULL,1,1,4);
INSERT INTO SCARAB_R_MODULE_OPTION VALUES (0,8,27,NULL,1,1,5);
INSERT INTO SCARAB_R_MODULE_OPTION VALUES (0,8,28,NULL,1,1,6);
INSERT INTO SCARAB_R_MODULE_OPTION VALUES (0,8,29,NULL,1,1,7);
INSERT INTO SCARAB_R_MODULE_OPTION VALUES (0,8,30,NULL,1,1,8);
INSERT INTO SCARAB_R_MODULE_OPTION VALUES (0,8,31,NULL,1,1,10);
INSERT INTO SCARAB_R_MODULE_OPTION VALUES (0,8,32,NULL,1,1,11);
INSERT INTO SCARAB_R_MODULE_OPTION VALUES (0,8,33,NULL,1,1,12);
INSERT INTO SCARAB_R_MODULE_OPTION VALUES (0,8,34,NULL,1,1,13);
INSERT INTO SCARAB_R_MODULE_OPTION VALUES (0,8,35,NULL,1,1,14);
INSERT INTO SCARAB_R_MODULE_OPTION VALUES (0,8,36,NULL,1,1,15);
INSERT INTO SCARAB_R_MODULE_OPTION VALUES (0,8,37,NULL,1,1,16);
INSERT INTO SCARAB_R_MODULE_OPTION VALUES (0,8,38,NULL,1,1,18);
INSERT INTO SCARAB_R_MODULE_OPTION VALUES (0,8,39,NULL,1,1,28);
INSERT INTO SCARAB_R_MODULE_OPTION VALUES (0,8,40,NULL,1,1,24);
INSERT INTO SCARAB_R_MODULE_OPTION VALUES (0,8,41,NULL,1,1,25);
INSERT INTO SCARAB_R_MODULE_OPTION VALUES (0,8,42,NULL,1,1,26);
INSERT INTO SCARAB_R_MODULE_OPTION VALUES (0,8,43,NULL,1,1,29);
INSERT INTO SCARAB_R_MODULE_OPTION VALUES (0,8,44,NULL,1,1,30);
INSERT INTO SCARAB_R_MODULE_OPTION VALUES (0,8,45,NULL,1,1,31);
INSERT INTO SCARAB_R_MODULE_OPTION VALUES (0,8,46,NULL,1,1,34);
INSERT INTO SCARAB_R_MODULE_OPTION VALUES (0,8,47,NULL,1,0,39);
INSERT INTO SCARAB_R_MODULE_OPTION VALUES (0,8,48,NULL,1,0,42);
INSERT INTO SCARAB_R_MODULE_OPTION VALUES (0,8,49,NULL,1,0,41);
INSERT INTO SCARAB_R_MODULE_OPTION VALUES (0,8,50,NULL,1,1,35);
INSERT INTO SCARAB_R_MODULE_OPTION VALUES (0,8,51,NULL,1,1,32);
INSERT INTO SCARAB_R_MODULE_OPTION VALUES (0,8,52,NULL,1,1,33);
INSERT INTO SCARAB_R_MODULE_OPTION VALUES (0,8,53,NULL,1,1,40);
INSERT INTO SCARAB_R_MODULE_OPTION VALUES (0,8,54,NULL,1,1,1);
INSERT INTO SCARAB_R_MODULE_OPTION VALUES (0,8,55,NULL,1,1,2);
INSERT INTO SCARAB_R_MODULE_OPTION VALUES (0,8,56,NULL,1,1,3);
INSERT INTO SCARAB_R_MODULE_OPTION VALUES (0,8,57,NULL,1,1,4);
INSERT INTO SCARAB_R_MODULE_OPTION VALUES (0,8,58,NULL,1,1,1);
INSERT INTO SCARAB_R_MODULE_OPTION VALUES (0,8,59,NULL,1,1,2);
INSERT INTO SCARAB_R_MODULE_OPTION VALUES (0,8,60,NULL,1,1,3);
INSERT INTO SCARAB_R_MODULE_OPTION VALUES (0,8,61,NULL,1,1,4);
INSERT INTO SCARAB_R_MODULE_OPTION VALUES (0,8,62,NULL,1,1,1);
INSERT INTO SCARAB_R_MODULE_OPTION VALUES (0,8,63,NULL,1,1,2);
INSERT INTO SCARAB_R_MODULE_OPTION VALUES (0,8,64,NULL,1,1,3);
INSERT INTO SCARAB_R_MODULE_OPTION VALUES (0,8,65,NULL,1,1,4);
INSERT INTO SCARAB_R_MODULE_OPTION VALUES (0,8,66,NULL,1,1,5);
INSERT INTO SCARAB_R_MODULE_OPTION VALUES (0,8,67,NULL,1,1,6);
INSERT INTO SCARAB_R_MODULE_OPTION VALUES (0,8,68,NULL,1,1,7);
INSERT INTO SCARAB_R_MODULE_OPTION VALUES (0,8,69,NULL,1,1,8);
INSERT INTO SCARAB_R_MODULE_OPTION VALUES (0,8,70,NULL,1,1,9);
INSERT INTO SCARAB_R_MODULE_OPTION VALUES (0,8,71,NULL,1,1,10);
INSERT INTO SCARAB_R_MODULE_OPTION VALUES (0,8,72,NULL,1,1,1);
INSERT INTO SCARAB_R_MODULE_OPTION VALUES (0,8,73,NULL,1,1,2);
INSERT INTO SCARAB_R_MODULE_OPTION VALUES (0,8,74,NULL,1,1,3);
INSERT INTO SCARAB_R_MODULE_OPTION VALUES (0,8,75,NULL,1,1,2);
INSERT INTO SCARAB_R_MODULE_OPTION VALUES (0,8,76,NULL,1,1,9);
INSERT INTO SCARAB_R_MODULE_OPTION VALUES (0,8,77,NULL,1,1,17);
INSERT INTO SCARAB_R_MODULE_OPTION VALUES (0,8,78,NULL,1,0,19);
INSERT INTO SCARAB_R_MODULE_OPTION VALUES (0,8,79,NULL,1,0,20);
INSERT INTO SCARAB_R_MODULE_OPTION VALUES (0,8,80,NULL,1,0,21);
INSERT INTO SCARAB_R_MODULE_OPTION VALUES (0,8,81,NULL,1,0,22);
INSERT INTO SCARAB_R_MODULE_OPTION VALUES (0,8,82,NULL,1,1,23);
INSERT INTO SCARAB_R_MODULE_OPTION VALUES (0,8,83,NULL,1,1,27);
INSERT INTO SCARAB_R_MODULE_OPTION VALUES (0,8,84,NULL,1,1,38);
INSERT INTO SCARAB_R_MODULE_OPTION VALUES (0,8,85,NULL,1,1,36);
INSERT INTO SCARAB_R_MODULE_OPTION VALUES (0,8,86,NULL,1,0,37);
INSERT INTO SCARAB_R_MODULE_OPTION VALUES (0,8,87,NULL,1,1,17);
INSERT INTO SCARAB_R_MODULE_OPTION VALUES (0,8,88,NULL,1,1,1);
INSERT INTO SCARAB_R_MODULE_OPTION VALUES (0,8,89,NULL,1,1,2);
INSERT INTO SCARAB_R_MODULE_OPTION VALUES (0,8,90,NULL,1,1,3);

INSERT INTO SCARAB_R_MODULE_OPTION VALUES (0,9,1,NULL,1,1,1);
INSERT INTO SCARAB_R_MODULE_OPTION VALUES (0,9,2,NULL,1,1,2);
INSERT INTO SCARAB_R_MODULE_OPTION VALUES (0,9,3,NULL,1,1,3);
INSERT INTO SCARAB_R_MODULE_OPTION VALUES (0,9,4,NULL,1,1,4);
INSERT INTO SCARAB_R_MODULE_OPTION VALUES (0,9,5,NULL,1,1,5);
INSERT INTO SCARAB_R_MODULE_OPTION VALUES (0,9,6,NULL,1,1,6);
INSERT INTO SCARAB_R_MODULE_OPTION VALUES (0,9,7,NULL,1,1,7);
INSERT INTO SCARAB_R_MODULE_OPTION VALUES (0,9,8,NULL,1,1,1);
INSERT INTO SCARAB_R_MODULE_OPTION VALUES (0,9,9,NULL,1,1,2);
INSERT INTO SCARAB_R_MODULE_OPTION VALUES (0,9,10,NULL,1,1,3);
INSERT INTO SCARAB_R_MODULE_OPTION VALUES (0,9,11,NULL,1,1,4);
INSERT INTO SCARAB_R_MODULE_OPTION VALUES (0,9,12,NULL,1,1,5);
INSERT INTO SCARAB_R_MODULE_OPTION VALUES (0,9,13,NULL,1,1,6);
INSERT INTO SCARAB_R_MODULE_OPTION VALUES (0,9,14,NULL,1,1,7);
INSERT INTO SCARAB_R_MODULE_OPTION VALUES (0,9,15,NULL,1,1,8);
INSERT INTO SCARAB_R_MODULE_OPTION VALUES (0,9,16,NULL,1,1,1);
INSERT INTO SCARAB_R_MODULE_OPTION VALUES (0,9,17,NULL,1,1,2);
INSERT INTO SCARAB_R_MODULE_OPTION VALUES (0,9,18,NULL,1,1,3);
INSERT INTO SCARAB_R_MODULE_OPTION VALUES (0,9,19,NULL,1,1,4);
INSERT INTO SCARAB_R_MODULE_OPTION VALUES (0,9,20,NULL,1,1,5);
INSERT INTO SCARAB_R_MODULE_OPTION VALUES (0,9,21,NULL,1,1,6);
INSERT INTO SCARAB_R_MODULE_OPTION VALUES (0,9,22,NULL,1,1,7);
INSERT INTO SCARAB_R_MODULE_OPTION VALUES (0,9,23,NULL,1,1,8);
INSERT INTO SCARAB_R_MODULE_OPTION VALUES (0,9,24,NULL,1,1,1);
INSERT INTO SCARAB_R_MODULE_OPTION VALUES (0,9,25,NULL,1,1,3);
INSERT INTO SCARAB_R_MODULE_OPTION VALUES (0,9,26,NULL,1,1,4);
INSERT INTO SCARAB_R_MODULE_OPTION VALUES (0,9,27,NULL,1,1,5);
INSERT INTO SCARAB_R_MODULE_OPTION VALUES (0,9,28,NULL,1,1,6);
INSERT INTO SCARAB_R_MODULE_OPTION VALUES (0,9,29,NULL,1,1,7);
INSERT INTO SCARAB_R_MODULE_OPTION VALUES (0,9,30,NULL,1,1,8);
INSERT INTO SCARAB_R_MODULE_OPTION VALUES (0,9,31,NULL,1,1,10);
INSERT INTO SCARAB_R_MODULE_OPTION VALUES (0,9,32,NULL,1,1,11);
INSERT INTO SCARAB_R_MODULE_OPTION VALUES (0,9,33,NULL,1,1,12);
INSERT INTO SCARAB_R_MODULE_OPTION VALUES (0,9,34,NULL,1,1,13);
INSERT INTO SCARAB_R_MODULE_OPTION VALUES (0,9,35,NULL,1,1,14);
INSERT INTO SCARAB_R_MODULE_OPTION VALUES (0,9,36,NULL,1,1,15);
INSERT INTO SCARAB_R_MODULE_OPTION VALUES (0,9,37,NULL,1,1,16);
INSERT INTO SCARAB_R_MODULE_OPTION VALUES (0,9,38,NULL,1,1,18);
INSERT INTO SCARAB_R_MODULE_OPTION VALUES (0,9,39,NULL,1,1,28);
INSERT INTO SCARAB_R_MODULE_OPTION VALUES (0,9,40,NULL,1,1,24);
INSERT INTO SCARAB_R_MODULE_OPTION VALUES (0,9,41,NULL,1,1,25);
INSERT INTO SCARAB_R_MODULE_OPTION VALUES (0,9,42,NULL,1,1,26);
INSERT INTO SCARAB_R_MODULE_OPTION VALUES (0,9,43,NULL,1,1,29);
INSERT INTO SCARAB_R_MODULE_OPTION VALUES (0,9,44,NULL,1,1,30);
INSERT INTO SCARAB_R_MODULE_OPTION VALUES (0,9,45,NULL,1,1,31);
INSERT INTO SCARAB_R_MODULE_OPTION VALUES (0,9,46,NULL,1,1,34);
INSERT INTO SCARAB_R_MODULE_OPTION VALUES (0,9,47,NULL,1,0,39);
INSERT INTO SCARAB_R_MODULE_OPTION VALUES (0,9,48,NULL,1,0,42);
INSERT INTO SCARAB_R_MODULE_OPTION VALUES (0,9,49,NULL,1,0,41);
INSERT INTO SCARAB_R_MODULE_OPTION VALUES (0,9,50,NULL,1,1,35);
INSERT INTO SCARAB_R_MODULE_OPTION VALUES (0,9,51,NULL,1,1,32);
INSERT INTO SCARAB_R_MODULE_OPTION VALUES (0,9,52,NULL,1,1,33);
INSERT INTO SCARAB_R_MODULE_OPTION VALUES (0,9,53,NULL,1,1,40);
INSERT INTO SCARAB_R_MODULE_OPTION VALUES (0,9,54,NULL,1,1,1);
INSERT INTO SCARAB_R_MODULE_OPTION VALUES (0,9,55,NULL,1,1,2);
INSERT INTO SCARAB_R_MODULE_OPTION VALUES (0,9,56,NULL,1,1,3);
INSERT INTO SCARAB_R_MODULE_OPTION VALUES (0,9,57,NULL,1,1,4);
INSERT INTO SCARAB_R_MODULE_OPTION VALUES (0,9,58,NULL,1,1,1);
INSERT INTO SCARAB_R_MODULE_OPTION VALUES (0,9,59,NULL,1,1,2);
INSERT INTO SCARAB_R_MODULE_OPTION VALUES (0,9,60,NULL,1,1,3);
INSERT INTO SCARAB_R_MODULE_OPTION VALUES (0,9,61,NULL,1,1,4);
INSERT INTO SCARAB_R_MODULE_OPTION VALUES (0,9,62,NULL,1,1,1);
INSERT INTO SCARAB_R_MODULE_OPTION VALUES (0,9,63,NULL,1,1,2);
INSERT INTO SCARAB_R_MODULE_OPTION VALUES (0,9,64,NULL,1,1,3);
INSERT INTO SCARAB_R_MODULE_OPTION VALUES (0,9,65,NULL,1,1,4);
INSERT INTO SCARAB_R_MODULE_OPTION VALUES (0,9,66,NULL,1,1,5);
INSERT INTO SCARAB_R_MODULE_OPTION VALUES (0,9,67,NULL,1,1,6);
INSERT INTO SCARAB_R_MODULE_OPTION VALUES (0,9,68,NULL,1,1,7);
INSERT INTO SCARAB_R_MODULE_OPTION VALUES (0,9,69,NULL,1,1,8);
INSERT INTO SCARAB_R_MODULE_OPTION VALUES (0,9,70,NULL,1,1,9);
INSERT INTO SCARAB_R_MODULE_OPTION VALUES (0,9,71,NULL,1,1,10);
INSERT INTO SCARAB_R_MODULE_OPTION VALUES (0,9,72,NULL,1,1,1);
INSERT INTO SCARAB_R_MODULE_OPTION VALUES (0,9,73,NULL,1,1,2);
INSERT INTO SCARAB_R_MODULE_OPTION VALUES (0,9,74,NULL,1,1,3);
INSERT INTO SCARAB_R_MODULE_OPTION VALUES (0,9,75,NULL,1,1,2);
INSERT INTO SCARAB_R_MODULE_OPTION VALUES (0,9,76,NULL,1,1,9);
INSERT INTO SCARAB_R_MODULE_OPTION VALUES (0,9,77,NULL,1,1,17);
INSERT INTO SCARAB_R_MODULE_OPTION VALUES (0,9,78,NULL,1,0,19);
INSERT INTO SCARAB_R_MODULE_OPTION VALUES (0,9,79,NULL,1,0,20);
INSERT INTO SCARAB_R_MODULE_OPTION VALUES (0,9,80,NULL,1,0,21);
INSERT INTO SCARAB_R_MODULE_OPTION VALUES (0,9,81,NULL,1,0,22);
INSERT INTO SCARAB_R_MODULE_OPTION VALUES (0,9,82,NULL,1,1,23);
INSERT INTO SCARAB_R_MODULE_OPTION VALUES (0,9,83,NULL,1,1,27);
INSERT INTO SCARAB_R_MODULE_OPTION VALUES (0,9,84,NULL,1,1,38);
INSERT INTO SCARAB_R_MODULE_OPTION VALUES (0,9,85,NULL,1,1,36);
INSERT INTO SCARAB_R_MODULE_OPTION VALUES (0,9,86,NULL,1,0,37);
INSERT INTO SCARAB_R_MODULE_OPTION VALUES (0,9,87,NULL,1,1,17);
INSERT INTO SCARAB_R_MODULE_OPTION VALUES (0,9,88,NULL,1,1,1);
INSERT INTO SCARAB_R_MODULE_OPTION VALUES (0,9,89,NULL,1,1,2);
INSERT INTO SCARAB_R_MODULE_OPTION VALUES (0,9,90,NULL,1,1,3);

INSERT INTO SCARAB_R_MODULE_OPTION VALUES (0,10,1,NULL,1,1,1);
INSERT INTO SCARAB_R_MODULE_OPTION VALUES (0,10,2,NULL,1,1,2);
INSERT INTO SCARAB_R_MODULE_OPTION VALUES (0,10,3,NULL,1,1,3);
INSERT INTO SCARAB_R_MODULE_OPTION VALUES (0,10,4,NULL,1,1,4);
INSERT INTO SCARAB_R_MODULE_OPTION VALUES (0,10,5,NULL,1,1,5);
INSERT INTO SCARAB_R_MODULE_OPTION VALUES (0,10,6,NULL,1,1,6);
INSERT INTO SCARAB_R_MODULE_OPTION VALUES (0,10,7,NULL,1,1,7);
INSERT INTO SCARAB_R_MODULE_OPTION VALUES (0,10,8,NULL,1,1,1);
INSERT INTO SCARAB_R_MODULE_OPTION VALUES (0,10,9,NULL,1,1,2);
INSERT INTO SCARAB_R_MODULE_OPTION VALUES (0,10,10,NULL,1,1,3);
INSERT INTO SCARAB_R_MODULE_OPTION VALUES (0,10,11,NULL,1,1,4);
INSERT INTO SCARAB_R_MODULE_OPTION VALUES (0,10,12,NULL,1,1,5);
INSERT INTO SCARAB_R_MODULE_OPTION VALUES (0,10,13,NULL,1,1,6);
INSERT INTO SCARAB_R_MODULE_OPTION VALUES (0,10,14,NULL,1,1,7);
INSERT INTO SCARAB_R_MODULE_OPTION VALUES (0,10,15,NULL,1,1,8);
INSERT INTO SCARAB_R_MODULE_OPTION VALUES (0,10,16,NULL,1,1,1);
INSERT INTO SCARAB_R_MODULE_OPTION VALUES (0,10,17,NULL,1,1,2);
INSERT INTO SCARAB_R_MODULE_OPTION VALUES (0,10,18,NULL,1,1,3);
INSERT INTO SCARAB_R_MODULE_OPTION VALUES (0,10,19,NULL,1,1,4);
INSERT INTO SCARAB_R_MODULE_OPTION VALUES (0,10,20,NULL,1,1,5);
INSERT INTO SCARAB_R_MODULE_OPTION VALUES (0,10,21,NULL,1,1,6);
INSERT INTO SCARAB_R_MODULE_OPTION VALUES (0,10,22,NULL,1,1,7);
INSERT INTO SCARAB_R_MODULE_OPTION VALUES (0,10,23,NULL,1,1,8);
INSERT INTO SCARAB_R_MODULE_OPTION VALUES (0,10,24,NULL,1,1,1);
INSERT INTO SCARAB_R_MODULE_OPTION VALUES (0,10,25,NULL,1,1,3);
INSERT INTO SCARAB_R_MODULE_OPTION VALUES (0,10,26,NULL,1,1,4);
INSERT INTO SCARAB_R_MODULE_OPTION VALUES (0,10,27,NULL,1,1,5);
INSERT INTO SCARAB_R_MODULE_OPTION VALUES (0,10,28,NULL,1,1,6);
INSERT INTO SCARAB_R_MODULE_OPTION VALUES (0,10,29,NULL,1,1,7);
INSERT INTO SCARAB_R_MODULE_OPTION VALUES (0,10,30,NULL,1,1,8);
INSERT INTO SCARAB_R_MODULE_OPTION VALUES (0,10,31,NULL,1,1,10);
INSERT INTO SCARAB_R_MODULE_OPTION VALUES (0,10,32,NULL,1,1,11);
INSERT INTO SCARAB_R_MODULE_OPTION VALUES (0,10,33,NULL,1,1,12);
INSERT INTO SCARAB_R_MODULE_OPTION VALUES (0,10,34,NULL,1,1,13);
INSERT INTO SCARAB_R_MODULE_OPTION VALUES (0,10,35,NULL,1,1,14);
INSERT INTO SCARAB_R_MODULE_OPTION VALUES (0,10,36,NULL,1,1,15);
INSERT INTO SCARAB_R_MODULE_OPTION VALUES (0,10,37,NULL,1,1,16);
INSERT INTO SCARAB_R_MODULE_OPTION VALUES (0,10,38,NULL,1,1,18);
INSERT INTO SCARAB_R_MODULE_OPTION VALUES (0,10,39,NULL,1,1,28);
INSERT INTO SCARAB_R_MODULE_OPTION VALUES (0,10,40,NULL,1,1,24);
INSERT INTO SCARAB_R_MODULE_OPTION VALUES (0,10,41,NULL,1,1,25);
INSERT INTO SCARAB_R_MODULE_OPTION VALUES (0,10,42,NULL,1,1,26);
INSERT INTO SCARAB_R_MODULE_OPTION VALUES (0,10,43,NULL,1,1,29);
INSERT INTO SCARAB_R_MODULE_OPTION VALUES (0,10,44,NULL,1,1,30);
INSERT INTO SCARAB_R_MODULE_OPTION VALUES (0,10,45,NULL,1,1,31);
INSERT INTO SCARAB_R_MODULE_OPTION VALUES (0,10,46,NULL,1,1,34);
INSERT INTO SCARAB_R_MODULE_OPTION VALUES (0,10,47,NULL,1,0,39);
INSERT INTO SCARAB_R_MODULE_OPTION VALUES (0,10,48,NULL,1,0,42);
INSERT INTO SCARAB_R_MODULE_OPTION VALUES (0,10,49,NULL,1,0,41);
INSERT INTO SCARAB_R_MODULE_OPTION VALUES (0,10,50,NULL,1,1,35);
INSERT INTO SCARAB_R_MODULE_OPTION VALUES (0,10,51,NULL,1,1,32);
INSERT INTO SCARAB_R_MODULE_OPTION VALUES (0,10,52,NULL,1,1,33);
INSERT INTO SCARAB_R_MODULE_OPTION VALUES (0,10,53,NULL,1,1,40);
INSERT INTO SCARAB_R_MODULE_OPTION VALUES (0,10,54,NULL,1,1,1);
INSERT INTO SCARAB_R_MODULE_OPTION VALUES (0,10,55,NULL,1,1,2);
INSERT INTO SCARAB_R_MODULE_OPTION VALUES (0,10,56,NULL,1,1,3);
INSERT INTO SCARAB_R_MODULE_OPTION VALUES (0,10,57,NULL,1,1,4);
INSERT INTO SCARAB_R_MODULE_OPTION VALUES (0,10,58,NULL,1,1,1);
INSERT INTO SCARAB_R_MODULE_OPTION VALUES (0,10,59,NULL,1,1,2);
INSERT INTO SCARAB_R_MODULE_OPTION VALUES (0,10,60,NULL,1,1,3);
INSERT INTO SCARAB_R_MODULE_OPTION VALUES (0,10,61,NULL,1,1,4);
INSERT INTO SCARAB_R_MODULE_OPTION VALUES (0,10,62,NULL,1,1,1);
INSERT INTO SCARAB_R_MODULE_OPTION VALUES (0,10,63,NULL,1,1,2);
INSERT INTO SCARAB_R_MODULE_OPTION VALUES (0,10,64,NULL,1,1,3);
INSERT INTO SCARAB_R_MODULE_OPTION VALUES (0,10,65,NULL,1,1,4);
INSERT INTO SCARAB_R_MODULE_OPTION VALUES (0,10,66,NULL,1,1,5);
INSERT INTO SCARAB_R_MODULE_OPTION VALUES (0,10,67,NULL,1,1,6);
INSERT INTO SCARAB_R_MODULE_OPTION VALUES (0,10,68,NULL,1,1,7);
INSERT INTO SCARAB_R_MODULE_OPTION VALUES (0,10,69,NULL,1,1,8);
INSERT INTO SCARAB_R_MODULE_OPTION VALUES (0,10,70,NULL,1,1,9);
INSERT INTO SCARAB_R_MODULE_OPTION VALUES (0,10,71,NULL,1,1,10);
INSERT INTO SCARAB_R_MODULE_OPTION VALUES (0,10,72,NULL,1,1,1);
INSERT INTO SCARAB_R_MODULE_OPTION VALUES (0,10,73,NULL,1,1,2);
INSERT INTO SCARAB_R_MODULE_OPTION VALUES (0,10,74,NULL,1,1,3);
INSERT INTO SCARAB_R_MODULE_OPTION VALUES (0,10,75,NULL,1,1,2);
INSERT INTO SCARAB_R_MODULE_OPTION VALUES (0,10,76,NULL,1,1,9);
INSERT INTO SCARAB_R_MODULE_OPTION VALUES (0,10,77,NULL,1,1,17);
INSERT INTO SCARAB_R_MODULE_OPTION VALUES (0,10,78,NULL,1,0,19);
INSERT INTO SCARAB_R_MODULE_OPTION VALUES (0,10,79,NULL,1,0,20);
INSERT INTO SCARAB_R_MODULE_OPTION VALUES (0,10,80,NULL,1,0,21);
INSERT INTO SCARAB_R_MODULE_OPTION VALUES (0,10,81,NULL,1,0,22);
INSERT INTO SCARAB_R_MODULE_OPTION VALUES (0,10,82,NULL,1,1,23);
INSERT INTO SCARAB_R_MODULE_OPTION VALUES (0,10,83,NULL,1,1,27);
INSERT INTO SCARAB_R_MODULE_OPTION VALUES (0,10,84,NULL,1,1,38);
INSERT INTO SCARAB_R_MODULE_OPTION VALUES (0,10,85,NULL,1,1,36);
INSERT INTO SCARAB_R_MODULE_OPTION VALUES (0,10,86,NULL,1,0,37);
INSERT INTO SCARAB_R_MODULE_OPTION VALUES (0,10,87,NULL,1,1,17);
INSERT INTO SCARAB_R_MODULE_OPTION VALUES (0,10,88,NULL,1,1,1);
INSERT INTO SCARAB_R_MODULE_OPTION VALUES (0,10,89,NULL,1,1,2);
INSERT INTO SCARAB_R_MODULE_OPTION VALUES (0,10,90,NULL,1,1,3);
