/*
 *  Attribute classes
 */

insert into SCARAB_ATTRIBUTE_CLASS(ATTRIBUTE_CLASS_ID, ATTRIBUTE_CLASS_NAME, ATTRIBUTE_CLASS_DESC, JAVA_CLASS_NAME)
        values(1, 'free-form', 'Free-form atribute', 'org.tigris.scarab.attribute.FreeFormAttribute');
insert into SCARAB_ATTRIBUTE_CLASS(ATTRIBUTE_CLASS_ID, ATTRIBUTE_CLASS_NAME, ATTRIBUTE_CLASS_DESC, JAVA_CLASS_NAME)
        values(2, 'select-one', 'Select_one attribute', 'org.tigris.scarab.attribute.SelectOneAttribute');
insert into SCARAB_ATTRIBUTE_CLASS(ATTRIBUTE_CLASS_ID, ATTRIBUTE_CLASS_NAME, ATTRIBUTE_CLASS_DESC, JAVA_CLASS_NAME)
        values(3, 'voted', 'Voted attribute', 'org.tigris.scarab.attribute.VotedAttribute');
insert into SCARAB_ATTRIBUTE_CLASS(ATTRIBUTE_CLASS_ID, ATTRIBUTE_CLASS_NAME, ATTRIBUTE_CLASS_DESC, JAVA_CLASS_NAME)
        values(4, 'user', 'User attribute', 'org.tigris.scarab.attribute.UserAttribute');

/*
 *  Attribute types
 */

insert into SCARAB_ATTRIBUTE_TYPE(ATTRIBUTE_TYPE_ID, ATTRIBUTE_CLASS_ID, ATTRIBUTE_TYPE_NAME, JAVA_CLASS_NAME)
        values(1, 1, 'string', 'org.tigris.scarab.attribute.StringAttribute');
insert into SCARAB_ATTRIBUTE_TYPE(ATTRIBUTE_TYPE_ID, ATTRIBUTE_CLASS_ID, ATTRIBUTE_TYPE_NAME, JAVA_CLASS_NAME)
        values(2, 1, 'date', 'org.tigris.scarab.attribute.DateAttribute');
insert into SCARAB_ATTRIBUTE_TYPE(ATTRIBUTE_TYPE_ID, ATTRIBUTE_CLASS_ID, ATTRIBUTE_TYPE_NAME, JAVA_CLASS_NAME)
        values(3, 1, 'integer', 'org.tigris.scarab.attribute.IntegerAttribute');
insert into SCARAB_ATTRIBUTE_TYPE(ATTRIBUTE_TYPE_ID, ATTRIBUTE_CLASS_ID, ATTRIBUTE_TYPE_NAME, JAVA_CLASS_NAME)
        values(4, 1, 'float', 'org.tigris.scarab.attribute.FloatAttribute');
insert into SCARAB_ATTRIBUTE_TYPE(ATTRIBUTE_TYPE_ID, ATTRIBUTE_CLASS_ID, ATTRIBUTE_TYPE_NAME, JAVA_CLASS_NAME)
        values(5, 2, 'combo-box', 'org.tigris.scarab.attribute.ComboBoxAttribute');
insert into SCARAB_ATTRIBUTE_TYPE(ATTRIBUTE_TYPE_ID, ATTRIBUTE_CLASS_ID, ATTRIBUTE_TYPE_NAME, JAVA_CLASS_NAME)
        values(6, 3, 'voted-average', 'org.tigris.scarab.attribute.VotedAverageAttribute');
insert into SCARAB_ATTRIBUTE_TYPE(ATTRIBUTE_TYPE_ID, ATTRIBUTE_CLASS_ID, ATTRIBUTE_TYPE_NAME, JAVA_CLASS_NAME)
        values(7, 3, 'voted-simple-majority', 'org.tigris.scarab.attribute.VotedSimpleMajorityAttribute');
insert into SCARAB_ATTRIBUTE_TYPE(ATTRIBUTE_TYPE_ID, ATTRIBUTE_CLASS_ID, ATTRIBUTE_TYPE_NAME, JAVA_CLASS_NAME)
        values(8, 4, 'user', 'org.tigris.scarab.attribute.UserAttribute');
insert into SCARAB_ATTRIBUTE_TYPE(ATTRIBUTE_TYPE_ID, ATTRIBUTE_CLASS_ID, ATTRIBUTE_TYPE_NAME, JAVA_CLASS_NAME) /* Bugzilla-style vote */
        values(9, 3, 'voted-total', 'org.tigris.scarab.attribute.VotedTotalAttribute');
insert into SCARAB_ATTRIBUTE_TYPE(ATTRIBUTE_TYPE_ID, ATTRIBUTE_CLASS_ID, ATTRIBUTE_TYPE_NAME, JAVA_CLASS_NAME) /* Tracking */
        values(10, 3, 'voted-tracking', 'org.tigris.scarab.attribute.TrackingAttribute');
insert into SCARAB_ATTRIBUTE_TYPE(ATTRIBUTE_TYPE_ID, ATTRIBUTE_CLASS_ID, ATTRIBUTE_TYPE_NAME, JAVA_CLASS_NAME)
        values(11, 1, 'email', 'org.tigris.scarab.attribute.StringAttribute');
insert into SCARAB_ATTRIBUTE_TYPE(ATTRIBUTE_TYPE_ID, ATTRIBUTE_CLASS_ID, ATTRIBUTE_TYPE_NAME, JAVA_CLASS_NAME)
        values(12, 1, 'long-string', 'org.tigris.scarab.attribute.StringAttribute');

/*
 *  Attributes
 */

insert into SCARAB_ATTRIBUTE(ATTRIBUTE_ID, ATTRIBUTE_NAME, ATTRIBUTE_TYPE_ID, DESCRIPTION) /* Description */
        values(0, 'Null Attribute', 1, 'Null Attribute');
insert into SCARAB_ATTRIBUTE(ATTRIBUTE_ID, ATTRIBUTE_NAME, ATTRIBUTE_TYPE_ID, DESCRIPTION) /* Description */
        values(1, 'Description', 12, 'Description');
insert into SCARAB_ATTRIBUTE(ATTRIBUTE_ID, ATTRIBUTE_NAME, 
       ATTRIBUTE_TYPE_ID, PERMISSION, DESCRIPTION) /* Assigned to */
       values(2, 'Assigned To', 8, 'Issue | Edit', 'Assigned To');
insert into SCARAB_ATTRIBUTE(ATTRIBUTE_ID, ATTRIBUTE_NAME, ATTRIBUTE_TYPE_ID, DESCRIPTION) /* Status */
        values(3, 'Status', 5, 'Status');
insert into SCARAB_ATTRIBUTE(ATTRIBUTE_ID, ATTRIBUTE_NAME, 
       ATTRIBUTE_TYPE_ID, REQUIRED_OPTION_ID, DESCRIPTION) /* resolution */
        values(4, 'Resolution', 5, 5, 'Resolution');
insert into SCARAB_ATTRIBUTE(ATTRIBUTE_ID, ATTRIBUTE_NAME, 
       ATTRIBUTE_TYPE_ID, DESCRIPTION) /* Platform */
       values(5, 'Platform', 5, 'Platform');
insert into SCARAB_ATTRIBUTE(ATTRIBUTE_ID, ATTRIBUTE_NAME, ATTRIBUTE_TYPE_ID, DESCRIPTION) /* Operating System */
        values(6, 'Operating System', 5, 'Operating System');
insert into SCARAB_ATTRIBUTE(ATTRIBUTE_ID, ATTRIBUTE_NAME, ATTRIBUTE_TYPE_ID, DESCRIPTION) /* Priority select-one*/
        values(7, 'Priority', 5, 'Priority');
insert into SCARAB_ATTRIBUTE(ATTRIBUTE_ID, ATTRIBUTE_NAME, ATTRIBUTE_TYPE_ID, DESCRIPTION) /* Priority voted*/
        values(8, 'Vote', 5, 'Vote');
insert into SCARAB_ATTRIBUTE(ATTRIBUTE_ID, ATTRIBUTE_NAME, ATTRIBUTE_TYPE_ID, DESCRIPTION) /* Severity */
        values(9, 'Severity', 5, 'Severity');
insert into SCARAB_ATTRIBUTE(ATTRIBUTE_ID, ATTRIBUTE_NAME, ATTRIBUTE_TYPE_ID, DESCRIPTION) /* Tracking */
        values(10, 'Tracking', 10, 'Tracking');
insert into SCARAB_ATTRIBUTE(ATTRIBUTE_ID, ATTRIBUTE_NAME, ATTRIBUTE_TYPE_ID, DESCRIPTION) /* Brief (one-line) Description */
        values(11, 'Summary', 1, 'Summary');
insert into SCARAB_ATTRIBUTE(ATTRIBUTE_ID, ATTRIBUTE_NAME, ATTRIBUTE_TYPE_ID, DESCRIPTION) /* Functional Area */
        values(12, 'Functional Area', 5, 'Functional Area');
insert into SCARAB_ATTRIBUTE(ATTRIBUTE_ID, ATTRIBUTE_NAME, ATTRIBUTE_TYPE_ID, DESCRIPTION) /* Total Votes */
        values(13, 'Total Votes', 9, 'Total Votes');

update SCARAB_ATTRIBUTE set CREATED_BY='2';

/*
 * Attribute Options
 */

insert into SCARAB_ATTRIBUTE_OPTION(OPTION_ID, ATTRIBUTE_ID, OPTION_NAME) /* null option */
        values(0, 0, 'null');
insert into SCARAB_ATTRIBUTE_OPTION(OPTION_ID, ATTRIBUTE_ID, OPTION_NAME) /* Unconfirmed */
        values(1, 3, 'unconfirmed');
insert into SCARAB_ATTRIBUTE_OPTION(OPTION_ID, ATTRIBUTE_ID, OPTION_NAME) /* New */
        values(2, 3, 'new');
insert into SCARAB_ATTRIBUTE_OPTION(OPTION_ID, ATTRIBUTE_ID, OPTION_NAME) /* Assigned */
        values(3, 3, 'assigned');
insert into SCARAB_ATTRIBUTE_OPTION(OPTION_ID, ATTRIBUTE_ID, OPTION_NAME) /* Reopened */
        values(4, 3, 'reopened');
insert into SCARAB_ATTRIBUTE_OPTION(OPTION_ID, ATTRIBUTE_ID, OPTION_NAME) /* Resolved */
        values(5, 3, 'resolved');
insert into SCARAB_ATTRIBUTE_OPTION(OPTION_ID, ATTRIBUTE_ID, OPTION_NAME) /* Verified */
        values(6, 3, 'verified');
insert into SCARAB_ATTRIBUTE_OPTION(OPTION_ID, ATTRIBUTE_ID, OPTION_NAME) /* Closed */
        values(7, 3, 'closed');
insert into SCARAB_ATTRIBUTE_OPTION(OPTION_ID, ATTRIBUTE_ID, OPTION_NAME) /* Fixed */
        values(8, 4, 'fixed');
insert into SCARAB_ATTRIBUTE_OPTION(OPTION_ID, ATTRIBUTE_ID, OPTION_NAME) /* Invalid */
        values(9, 4, 'invalid');
insert into SCARAB_ATTRIBUTE_OPTION(OPTION_ID, ATTRIBUTE_ID, OPTION_NAME) /* WONTFIX */
        values(10, 4, 'wontfix');
insert into SCARAB_ATTRIBUTE_OPTION(OPTION_ID, ATTRIBUTE_ID, OPTION_NAME) /* LATER */
        values(11, 4, 'later');
insert into SCARAB_ATTRIBUTE_OPTION(OPTION_ID, ATTRIBUTE_ID, OPTION_NAME) /* REMIND */
        values(12, 4, 'remind');
insert into SCARAB_ATTRIBUTE_OPTION(OPTION_ID, ATTRIBUTE_ID, OPTION_NAME) /* DUPLICATE */
        values(13, 4, 'duplicate');
insert into SCARAB_ATTRIBUTE_OPTION(OPTION_ID, ATTRIBUTE_ID, OPTION_NAME) /* WORKSFORME */
        values(14, 4, 'worksforme');
insert into SCARAB_ATTRIBUTE_OPTION(OPTION_ID, ATTRIBUTE_ID, OPTION_NAME) /* MOVED */
        values(15, 4, 'moved');
insert into SCARAB_ATTRIBUTE_OPTION(OPTION_ID, ATTRIBUTE_ID, OPTION_NAME) /* All */
        values(16, 5, 'all');
insert into SCARAB_ATTRIBUTE_OPTION(OPTION_ID, ATTRIBUTE_ID, OPTION_NAME) /* DEC */
        values(17, 5, 'DEC');
insert into SCARAB_ATTRIBUTE_OPTION(OPTION_ID, ATTRIBUTE_ID, OPTION_NAME) /* HP */
        values(18, 5, 'HP');
insert into SCARAB_ATTRIBUTE_OPTION(OPTION_ID, ATTRIBUTE_ID, OPTION_NAME) /* Macintosh */
        values(19, 5, 'Macintosh');
insert into SCARAB_ATTRIBUTE_OPTION(OPTION_ID, ATTRIBUTE_ID, OPTION_NAME) /* PC */
        values(20, 5, 'PC');
insert into SCARAB_ATTRIBUTE_OPTION(OPTION_ID, ATTRIBUTE_ID, OPTION_NAME) /* SGI */
        values(21, 5, 'SGI');
insert into SCARAB_ATTRIBUTE_OPTION(OPTION_ID, ATTRIBUTE_ID, OPTION_NAME) /* Sun */
        values(22, 5, 'sun');
insert into SCARAB_ATTRIBUTE_OPTION(OPTION_ID, ATTRIBUTE_ID, OPTION_NAME) /* Other */
        values(23, 5, 'other');
insert into SCARAB_ATTRIBUTE_OPTION(OPTION_ID, ATTRIBUTE_ID, OPTION_NAME) /* Operating systems */
        values(24, 6, 'All');
insert into SCARAB_ATTRIBUTE_OPTION(OPTION_ID, ATTRIBUTE_ID, OPTION_NAME) /*  */
        values(75, 6, 'Windows');
insert into SCARAB_ATTRIBUTE_OPTION(OPTION_ID, ATTRIBUTE_ID, OPTION_NAME) /*  */
        values(25, 6, 'windows 3.1');
insert into SCARAB_ATTRIBUTE_OPTION(OPTION_ID, ATTRIBUTE_ID, OPTION_NAME) /*  */
        values(26, 6, 'windows 95');
insert into SCARAB_ATTRIBUTE_OPTION(OPTION_ID, ATTRIBUTE_ID, OPTION_NAME) /*  */
        values(27, 6, 'windows 98');
insert into SCARAB_ATTRIBUTE_OPTION(OPTION_ID, ATTRIBUTE_ID, OPTION_NAME) /*  */
        values(28, 6, 'windows ME');
insert into SCARAB_ATTRIBUTE_OPTION(OPTION_ID, ATTRIBUTE_ID, OPTION_NAME) /*  */
        values(29, 6, 'windows 2000');
insert into SCARAB_ATTRIBUTE_OPTION(OPTION_ID, ATTRIBUTE_ID, OPTION_NAME) /*  */
        values(30, 6, 'windows NT');
insert into SCARAB_ATTRIBUTE_OPTION(OPTION_ID, ATTRIBUTE_ID, OPTION_NAME) /*  */
        values(76, 6, 'MacOS');
insert into SCARAB_ATTRIBUTE_OPTION(OPTION_ID, ATTRIBUTE_ID, OPTION_NAME) /*  */
        values(31, 6, 'mac system 7');
insert into SCARAB_ATTRIBUTE_OPTION(OPTION_ID, ATTRIBUTE_ID, OPTION_NAME) /*  */
        values(32, 6, 'mac system 7.5');
insert into SCARAB_ATTRIBUTE_OPTION(OPTION_ID, ATTRIBUTE_ID, OPTION_NAME) /*  */
        values(33, 6, 'mac system 7.6.1');
insert into SCARAB_ATTRIBUTE_OPTION(OPTION_ID, ATTRIBUTE_ID, OPTION_NAME) /*  */
        values(34, 6, 'mac system 8.0');
insert into SCARAB_ATTRIBUTE_OPTION(OPTION_ID, ATTRIBUTE_ID, OPTION_NAME) /*  */
        values(35, 6, 'mac system 8.5');
insert into SCARAB_ATTRIBUTE_OPTION(OPTION_ID, ATTRIBUTE_ID, OPTION_NAME) /*  */
        values(36, 6, 'mac system 8.6');
insert into SCARAB_ATTRIBUTE_OPTION(OPTION_ID, ATTRIBUTE_ID, OPTION_NAME) /*  */
        values(37, 6, 'mac system 9.0');
insert into SCARAB_ATTRIBUTE_OPTION(OPTION_ID, ATTRIBUTE_ID, OPTION_NAME) /*  */
        values(77, 6, 'OSX');
insert into SCARAB_ATTRIBUTE_OPTION(OPTION_ID, ATTRIBUTE_ID, OPTION_NAME) /*  */
        values(87, 6, 'Unix');
insert into SCARAB_ATTRIBUTE_OPTION(OPTION_ID, ATTRIBUTE_ID, OPTION_NAME) /*  */
        values(38, 6, 'Linux');
insert into SCARAB_ATTRIBUTE_OPTION(OPTION_ID, ATTRIBUTE_ID, OPTION_NAME) /*  */
        values(78, 6, 'Redhat');
insert into SCARAB_ATTRIBUTE_OPTION(OPTION_ID, ATTRIBUTE_ID, OPTION_NAME) /*  */
        values(79, 6, 'Suse');
insert into SCARAB_ATTRIBUTE_OPTION(OPTION_ID, ATTRIBUTE_ID, OPTION_NAME) /*  */
        values(80, 6, 'Debian');
insert into SCARAB_ATTRIBUTE_OPTION(OPTION_ID, ATTRIBUTE_ID, OPTION_NAME) /*  */
        values(81, 6, 'Other Linux');
insert into SCARAB_ATTRIBUTE_OPTION(OPTION_ID, ATTRIBUTE_ID, OPTION_NAME) /*  */
        values(82, 6, '*BSD');
insert into SCARAB_ATTRIBUTE_OPTION(OPTION_ID, ATTRIBUTE_ID, OPTION_NAME) /*  */
        values(40, 6, 'FreeBSD');
insert into SCARAB_ATTRIBUTE_OPTION(OPTION_ID, ATTRIBUTE_ID, OPTION_NAME) /*  */
        values(41, 6, 'NetBSD');
insert into SCARAB_ATTRIBUTE_OPTION(OPTION_ID, ATTRIBUTE_ID, OPTION_NAME) /*  */
        values(42, 6, 'OpenBSD');
insert into SCARAB_ATTRIBUTE_OPTION(OPTION_ID, ATTRIBUTE_ID, OPTION_NAME) /*  */
        values(83, 6, 'Commercial Unix');
insert into SCARAB_ATTRIBUTE_OPTION(OPTION_ID, ATTRIBUTE_ID, OPTION_NAME) /*  */
        values(39, 6, 'BSDI');
insert into SCARAB_ATTRIBUTE_OPTION(OPTION_ID, ATTRIBUTE_ID, OPTION_NAME) /*  */
        values(43, 6, 'AIX');
insert into SCARAB_ATTRIBUTE_OPTION(OPTION_ID, ATTRIBUTE_ID, OPTION_NAME) /*  */
        values(44, 6, 'BeOS');
insert into SCARAB_ATTRIBUTE_OPTION(OPTION_ID, ATTRIBUTE_ID, OPTION_NAME) /*  */
        values(45, 6, 'HP-UX');
insert into SCARAB_ATTRIBUTE_OPTION(OPTION_ID, ATTRIBUTE_ID, OPTION_NAME) /*  */
        values(46, 6, 'IRIX');
insert into SCARAB_ATTRIBUTE_OPTION(OPTION_ID, ATTRIBUTE_ID, OPTION_NAME) /*  */
        values(50, 6, 'OSF/1');
insert into SCARAB_ATTRIBUTE_OPTION(OPTION_ID, ATTRIBUTE_ID, OPTION_NAME) /*  */
        values(51, 6, 'Solaris');
insert into SCARAB_ATTRIBUTE_OPTION(OPTION_ID, ATTRIBUTE_ID, OPTION_NAME) /*  */
        values(52, 6, 'SunOS');
insert into SCARAB_ATTRIBUTE_OPTION(OPTION_ID, ATTRIBUTE_ID, OPTION_NAME) /*  */
        values(53, 6, 'Other');
insert into SCARAB_ATTRIBUTE_OPTION(OPTION_ID, ATTRIBUTE_ID, OPTION_NAME) /*  */
        values(48, 6, 'OpenVMS');
insert into SCARAB_ATTRIBUTE_OPTION(OPTION_ID, ATTRIBUTE_ID, OPTION_NAME) /*  */
        values(49, 6, 'OS/2');
insert into SCARAB_ATTRIBUTE_OPTION(OPTION_ID, ATTRIBUTE_ID, OPTION_NAME) /*  */
        values(84, 6, 'Realtime/Embedded');
insert into SCARAB_ATTRIBUTE_OPTION(OPTION_ID, ATTRIBUTE_ID, OPTION_NAME) /*  */
        values(47, 6, 'Neutrino');
insert into SCARAB_ATTRIBUTE_OPTION(OPTION_ID, ATTRIBUTE_ID, OPTION_NAME) /*  */
        values(85, 6, 'Handheld/PDA');
insert into SCARAB_ATTRIBUTE_OPTION(OPTION_ID, ATTRIBUTE_ID, OPTION_NAME) /*  */
        values(86, 6, 'PalmOS');
insert into SCARAB_ATTRIBUTE_OPTION(OPTION_ID, ATTRIBUTE_ID, OPTION_NAME) /* Priorities select-one */
        values(54, 7, 'High');
insert into SCARAB_ATTRIBUTE_OPTION(OPTION_ID, ATTRIBUTE_ID, OPTION_NAME) /*  */
        values(55, 7, 'Medium');
insert into SCARAB_ATTRIBUTE_OPTION(OPTION_ID, ATTRIBUTE_ID, OPTION_NAME) /*  */
        values(56, 7, 'Low');
insert into SCARAB_ATTRIBUTE_OPTION(OPTION_ID, ATTRIBUTE_ID, OPTION_NAME) /*  */
        values(57, 7, 'Undecided');
insert into SCARAB_ATTRIBUTE_OPTION(OPTION_ID, ATTRIBUTE_ID, OPTION_NAME) /* Priorities voted */
        values(58, 8, 'High');
insert into SCARAB_ATTRIBUTE_OPTION(OPTION_ID, ATTRIBUTE_ID, OPTION_NAME) /*  */
        values(59, 8, 'Medium');
insert into SCARAB_ATTRIBUTE_OPTION(OPTION_ID, ATTRIBUTE_ID, OPTION_NAME) /*  */
        values(60, 8, 'Low');
insert into SCARAB_ATTRIBUTE_OPTION(OPTION_ID, ATTRIBUTE_ID, OPTION_NAME) /*  */
        values(61, 8, 'Undecided');
insert into SCARAB_ATTRIBUTE_OPTION(OPTION_ID, ATTRIBUTE_ID, OPTION_NAME) /* Severities */
        values(62, 9, 'blocker');
insert into SCARAB_ATTRIBUTE_OPTION(OPTION_ID, ATTRIBUTE_ID, OPTION_NAME) /*  */
        values(63, 9, 'critical');
insert into SCARAB_ATTRIBUTE_OPTION(OPTION_ID, ATTRIBUTE_ID, OPTION_NAME) /*  */
        values(64, 9, 'major');
insert into SCARAB_ATTRIBUTE_OPTION(OPTION_ID, ATTRIBUTE_ID, OPTION_NAME) /*  */
        values(65, 9, 'normal');
insert into SCARAB_ATTRIBUTE_OPTION(OPTION_ID, ATTRIBUTE_ID, OPTION_NAME) /*  */
        values(66, 9, 'minor');
insert into SCARAB_ATTRIBUTE_OPTION(OPTION_ID, ATTRIBUTE_ID, OPTION_NAME) /*  */
        values(67, 9, 'trivial');
insert into SCARAB_ATTRIBUTE_OPTION(OPTION_ID, ATTRIBUTE_ID, OPTION_NAME) /*  */
        values(68, 9, 'enhancement');
insert into SCARAB_ATTRIBUTE_OPTION(OPTION_ID, ATTRIBUTE_ID, OPTION_NAME) /*  */
        values(69, 9, 'cosmetic');
insert into SCARAB_ATTRIBUTE_OPTION(OPTION_ID, ATTRIBUTE_ID, OPTION_NAME) /*  */
        values(70, 9, 'serious');
insert into SCARAB_ATTRIBUTE_OPTION(OPTION_ID, ATTRIBUTE_ID, OPTION_NAME) /*  */
        values(71, 9, 'undecided');
insert into SCARAB_ATTRIBUTE_OPTION(OPTION_ID, ATTRIBUTE_ID, OPTION_NAME) /* Tracking options */
        values(72, 10, 'never'); /* never send notification */
insert into SCARAB_ATTRIBUTE_OPTION(OPTION_ID, ATTRIBUTE_ID, OPTION_NAME) /*  */
        values(73, 10, 'major'); /* send notification on major change */
insert into SCARAB_ATTRIBUTE_OPTION(OPTION_ID, ATTRIBUTE_ID, OPTION_NAME) /*  */
        values(74, 10, 'any'); /* send notification on any change */

insert into SCARAB_ATTRIBUTE_OPTION(OPTION_ID, ATTRIBUTE_ID, OPTION_NAME) /* Functional Area */
        values(88, 12, 'UI');
insert into SCARAB_ATTRIBUTE_OPTION(OPTION_ID, ATTRIBUTE_ID, OPTION_NAME) /*  */
        values(89, 12, 'Setup');
insert into SCARAB_ATTRIBUTE_OPTION(OPTION_ID, ATTRIBUTE_ID, OPTION_NAME) /*  */
        values(90, 12, 'Help');

/*
 * Option relationships
 * id, name
 */
insert into SCARAB_OPTION_RELATIONSHIP values (1, '1parent-child2'); 
insert into SCARAB_OPTION_RELATIONSHIP values (2, '1required-prior2'); 
insert into SCARAB_OPTION_RELATIONSHIP values (3, '1required-after2'); 

/*
 * Option_Option relationships
 * option1_id, option2_id, relationship_id, preferred_order, weight
 */
insert into SCARAB_R_OPTION_OPTION values (0,1,1,1,1);
insert into SCARAB_R_OPTION_OPTION values (0,2,1,2,2);
insert into SCARAB_R_OPTION_OPTION values (0,3,1,3,3);
insert into SCARAB_R_OPTION_OPTION values (0,4,1,4,4);
insert into SCARAB_R_OPTION_OPTION values (0,5,1,5,5);
insert into SCARAB_R_OPTION_OPTION values (0,6,1,6,6);
insert into SCARAB_R_OPTION_OPTION values (0,7,1,7,7);
insert into SCARAB_R_OPTION_OPTION values (0,8,1,1,1);
insert into SCARAB_R_OPTION_OPTION values (0,9,1,2,2);
insert into SCARAB_R_OPTION_OPTION values (0,10,1,3,3);
insert into SCARAB_R_OPTION_OPTION values (0,11,1,4,4);
insert into SCARAB_R_OPTION_OPTION values (0,12,1,5,5);
insert into SCARAB_R_OPTION_OPTION values (0,13,1,6,6);
insert into SCARAB_R_OPTION_OPTION values (0,14,1,7,7);
insert into SCARAB_R_OPTION_OPTION values (0,15,1,8,8);
insert into SCARAB_R_OPTION_OPTION values (0,16,1,1,1);
insert into SCARAB_R_OPTION_OPTION values (0,17,1,2,2);
insert into SCARAB_R_OPTION_OPTION values (0,18,1,3,3);
insert into SCARAB_R_OPTION_OPTION values (0,19,1,4,4);
insert into SCARAB_R_OPTION_OPTION values (0,20,1,5,5);
insert into SCARAB_R_OPTION_OPTION values (0,21,1,6,6);
insert into SCARAB_R_OPTION_OPTION values (0,22,1,7,7);
insert into SCARAB_R_OPTION_OPTION values (0,23,1,8,8);
insert into SCARAB_R_OPTION_OPTION values (0,54,1,1,1);
insert into SCARAB_R_OPTION_OPTION values (0,55,1,2,2);
insert into SCARAB_R_OPTION_OPTION values (0,56,1,3,3);
insert into SCARAB_R_OPTION_OPTION values (0,57,1,4,4);
insert into SCARAB_R_OPTION_OPTION values (0,58,1,1,1);
insert into SCARAB_R_OPTION_OPTION values (0,59,1,2,2);
insert into SCARAB_R_OPTION_OPTION values (0,60,1,3,3);
insert into SCARAB_R_OPTION_OPTION values (0,61,1,4,4);
insert into SCARAB_R_OPTION_OPTION values (0,62,1,1,1);
insert into SCARAB_R_OPTION_OPTION values (0,63,1,2,2);
insert into SCARAB_R_OPTION_OPTION values (0,64,1,3,3);
insert into SCARAB_R_OPTION_OPTION values (0,65,1,4,4);
insert into SCARAB_R_OPTION_OPTION values (0,66,1,5,5);
insert into SCARAB_R_OPTION_OPTION values (0,67,1,6,6);
insert into SCARAB_R_OPTION_OPTION values (0,68,1,7,7);
insert into SCARAB_R_OPTION_OPTION values (0,69,1,8,8);
insert into SCARAB_R_OPTION_OPTION values (0,70,1,9,9);
insert into SCARAB_R_OPTION_OPTION values (0,71,1,10,10);
insert into SCARAB_R_OPTION_OPTION values (0,72,1,1,1);
insert into SCARAB_R_OPTION_OPTION values (0,73,1,2,2);
insert into SCARAB_R_OPTION_OPTION values (0,74,1,3,3);
insert into SCARAB_R_OPTION_OPTION values (0,88,1,1,1);
insert into SCARAB_R_OPTION_OPTION values (0,89,1,2,2);
insert into SCARAB_R_OPTION_OPTION values (0,90,1,3,3);

insert into SCARAB_R_OPTION_OPTION values (0,24,1,1,1);
insert into SCARAB_R_OPTION_OPTION values (24,75,1,2,2);
insert into SCARAB_R_OPTION_OPTION values (24,76,1,9,9);
insert into SCARAB_R_OPTION_OPTION values (24,87,1,18,18);
insert into SCARAB_R_OPTION_OPTION values (24,53,1,38,38);
insert into SCARAB_R_OPTION_OPTION values (24,84,1,41,41);
insert into SCARAB_R_OPTION_OPTION values (24,85,1,43,43);
insert into SCARAB_R_OPTION_OPTION values (75,25,1,3,3);
insert into SCARAB_R_OPTION_OPTION values (75,26,1,4,4);
insert into SCARAB_R_OPTION_OPTION values (75,27,1,5,5);
insert into SCARAB_R_OPTION_OPTION values (75,28,1,6,6);
insert into SCARAB_R_OPTION_OPTION values (75,29,1,7,7);
insert into SCARAB_R_OPTION_OPTION values (75,30,1,8,8);
insert into SCARAB_R_OPTION_OPTION values (76,31,1,9,9);
insert into SCARAB_R_OPTION_OPTION values (76,32,1,11,11);
insert into SCARAB_R_OPTION_OPTION values (76,33,1,12,12);
insert into SCARAB_R_OPTION_OPTION values (76,34,1,13,13);
insert into SCARAB_R_OPTION_OPTION values (76,35,1,14,14);
insert into SCARAB_R_OPTION_OPTION values (76,36,1,15,15);
insert into SCARAB_R_OPTION_OPTION values (76,37,1,16,16);
insert into SCARAB_R_OPTION_OPTION values (76,77,1,17,17);
insert into SCARAB_R_OPTION_OPTION values (38,78,1,25,25);
insert into SCARAB_R_OPTION_OPTION values (38,79,1,26,26);
insert into SCARAB_R_OPTION_OPTION values (38,80,1,27,27);
insert into SCARAB_R_OPTION_OPTION values (38,81,1,28,28);
insert into SCARAB_R_OPTION_OPTION values (82,40,1,20,20);
insert into SCARAB_R_OPTION_OPTION values (82,41,1,21,21);
insert into SCARAB_R_OPTION_OPTION values (82,42,1,22,22);
insert into SCARAB_R_OPTION_OPTION values (82,77,1,23,23);
insert into SCARAB_R_OPTION_OPTION values (83,39,1,30,30);
insert into SCARAB_R_OPTION_OPTION values (83,43,1,31,31);
insert into SCARAB_R_OPTION_OPTION values (83,44,1,32,32);
insert into SCARAB_R_OPTION_OPTION values (83,45,1,33,33);
insert into SCARAB_R_OPTION_OPTION values (83,46,1,34,34);
insert into SCARAB_R_OPTION_OPTION values (83,50,1,35,35);
insert into SCARAB_R_OPTION_OPTION values (83,51,1,36,36);
insert into SCARAB_R_OPTION_OPTION values (83,52,1,37,37);
insert into SCARAB_R_OPTION_OPTION values (53,48,1,39,39);
insert into SCARAB_R_OPTION_OPTION values (53,49,1,40,40);
insert into SCARAB_R_OPTION_OPTION values (84,47,1,42,42);
insert into SCARAB_R_OPTION_OPTION values (85,86,1,44,44);
insert into SCARAB_R_OPTION_OPTION values (87,38,1,24,24);
insert into SCARAB_R_OPTION_OPTION values (87,82,1,19,19);
insert into SCARAB_R_OPTION_OPTION values (87,83,1,29,29);

/*
 * Issue Dependencies
 */
insert into SCARAB_DEPEND_TYPE(DEPEND_TYPE_ID, DEPEND_TYPE_NAME)
        values(1, 'blocking');
insert into SCARAB_DEPEND_TYPE(DEPEND_TYPE_ID, DEPEND_TYPE_NAME)
        values(2, 'duplicate');
insert into SCARAB_DEPEND_TYPE(DEPEND_TYPE_ID, DEPEND_TYPE_NAME)
        values(3, 'non-blocking');


/*
 * Types of issues (artifact types).
 */
insert into SCARAB_ISSUE_TYPE(ISSUE_TYPE_ID, NAME, DESCRIPTION, PARENT_ID)
        values(1, 'Defect', 'An issue in existing feature/functionality.', 0);
insert into SCARAB_ISSUE_TYPE(ISSUE_TYPE_ID, NAME, DESCRIPTION, PARENT_ID)
        values(2, 'Defect Template', '', 1);
insert into SCARAB_ISSUE_TYPE(ISSUE_TYPE_ID, NAME, DESCRIPTION, PARENT_ID)
        values(3, 'Patch', 'A patch submitted to fix a defect.', 0);
insert into SCARAB_ISSUE_TYPE(ISSUE_TYPE_ID, NAME, DESCRIPTION, PARENT_ID)
        values(4, 'Patch Template', '', 3);
insert into SCARAB_ISSUE_TYPE(ISSUE_TYPE_ID, NAME, DESCRIPTION, PARENT_ID)
        values(5, 'Task', 'A task associated with instantiation, or in support of a Feature/Enhancement/Issue.', 0);
insert into SCARAB_ISSUE_TYPE(ISSUE_TYPE_ID, NAME, DESCRIPTION, PARENT_ID)
        values(6, 'Task Template', '', 5);
insert into SCARAB_ISSUE_TYPE(ISSUE_TYPE_ID, NAME, DESCRIPTION, PARENT_ID)
        values(7, 'Feature', 'A new feature.', 0);
insert into SCARAB_ISSUE_TYPE(ISSUE_TYPE_ID, NAME, DESCRIPTION, PARENT_ID)
        values(8, 'Feature Template', '', 7);
insert into SCARAB_ISSUE_TYPE(ISSUE_TYPE_ID, NAME, DESCRIPTION, PARENT_ID)
        values(9, 'Enhancement', 'Improvement to an existing feature.', 0);
insert into SCARAB_ISSUE_TYPE(ISSUE_TYPE_ID, NAME, DESCRIPTION, PARENT_ID)
        values(10, 'Enhancement Template', '', 9);

/*
 * populate the root module with all issue types.
 * module_id, issue_type_id, active, show in nav, preferred order
 */
INSERT INTO SCARAB_R_MODULE_ISSUE_TYPE (MODULE_ID, ISSUE_TYPE_ID, ACTIVE, DISPLAY, PREFERRED_ORDER) VALUES (0,1,1,1,1);
INSERT INTO SCARAB_R_MODULE_ISSUE_TYPE (MODULE_ID, ISSUE_TYPE_ID, ACTIVE, DISPLAY, PREFERRED_ORDER) VALUES (0,2,1,1,1);
INSERT INTO SCARAB_R_MODULE_ISSUE_TYPE (MODULE_ID, ISSUE_TYPE_ID, ACTIVE, DISPLAY, PREFERRED_ORDER) VALUES (0,3,1,1,1);
INSERT INTO SCARAB_R_MODULE_ISSUE_TYPE (MODULE_ID, ISSUE_TYPE_ID, ACTIVE, DISPLAY, PREFERRED_ORDER) VALUES (0,4,1,1,1);
INSERT INTO SCARAB_R_MODULE_ISSUE_TYPE (MODULE_ID, ISSUE_TYPE_ID, ACTIVE, DISPLAY, PREFERRED_ORDER) VALUES (0,5,1,1,1);
INSERT INTO SCARAB_R_MODULE_ISSUE_TYPE (MODULE_ID, ISSUE_TYPE_ID, ACTIVE, DISPLAY, PREFERRED_ORDER) VALUES (0,6,1,1,1);
INSERT INTO SCARAB_R_MODULE_ISSUE_TYPE (MODULE_ID, ISSUE_TYPE_ID, ACTIVE, DISPLAY, PREFERRED_ORDER) VALUES (0,7,1,1,1);
INSERT INTO SCARAB_R_MODULE_ISSUE_TYPE (MODULE_ID, ISSUE_TYPE_ID, ACTIVE, DISPLAY, PREFERRED_ORDER) VALUES (0,8,1,1,1);
INSERT INTO SCARAB_R_MODULE_ISSUE_TYPE (MODULE_ID, ISSUE_TYPE_ID, ACTIVE, DISPLAY, PREFERRED_ORDER) VALUES (0,9,1,1,1);
INSERT INTO SCARAB_R_MODULE_ISSUE_TYPE (MODULE_ID, ISSUE_TYPE_ID, ACTIVE, DISPLAY, PREFERRED_ORDER) VALUES (0,10,1,1,1);

/*
 * Attachment types
 */
insert into SCARAB_ATTACHMENT_TYPE(ATTACHMENT_TYPE_ID, ATTACHMENT_TYPE_NAME)
        values(1, 'ATTACHMENT');
insert into SCARAB_ATTACHMENT_TYPE(ATTACHMENT_TYPE_ID, ATTACHMENT_TYPE_NAME)
        values(2, 'COMMENT');
insert into SCARAB_ATTACHMENT_TYPE(ATTACHMENT_TYPE_ID, ATTACHMENT_TYPE_NAME)
        values(3, 'URL');
insert into SCARAB_ATTACHMENT_TYPE(ATTACHMENT_TYPE_ID, ATTACHMENT_TYPE_NAME)
        values(4, 'MODIFICATION');

/*
 * Transaction types
 */
insert into SCARAB_TRANSACTION_TYPE(TYPE_ID, NAME)
        values(1, 'Create Issue');
insert into SCARAB_TRANSACTION_TYPE(TYPE_ID, NAME)
        values(2, 'Edit Issue');
insert into SCARAB_TRANSACTION_TYPE(TYPE_ID, NAME)
        values(3, 'Move Issue');
insert into SCARAB_TRANSACTION_TYPE(TYPE_ID, NAME)
        values(4, 'Retotaling Issue Votes');


/*
 * Frequency values
 */
insert into SCARAB_FREQUENCY(FREQUENCY_ID, FREQUENCY_NAME)
        values(1, 'every half hour');
insert into SCARAB_FREQUENCY(FREQUENCY_ID, FREQUENCY_NAME)
        values(2, 'hourly');
insert into SCARAB_FREQUENCY(FREQUENCY_ID, FREQUENCY_NAME)
        values(3, 'twice daily');
insert into SCARAB_FREQUENCY(FREQUENCY_ID, FREQUENCY_NAME)
        values(4, 'daily');
insert into SCARAB_FREQUENCY(FREQUENCY_ID, FREQUENCY_NAME)
        values(5, 'weekly');

/*
 * Scope values
 */
insert into SCARAB_SCOPE(SCOPE_ID, SCOPE_NAME)
        values(1, 'personal');
insert into SCARAB_SCOPE(SCOPE_ID, SCOPE_NAME)
        values(2, 'global');

/*
 * root module
 */
insert into SCARAB_MODULE(MODULE_ID, MODULE_NAME, MODULE_DESCRIPTION, MODULE_URL)
        values(0, "Global", "Built-in root module, parent for all top-level modules(projects)", "/");

/*
 * populate the root module with all attributes.
 * module_id, attr_id, issue_type_id, display_value, active, required, preferred order, dedupe, quick search
 */
INSERT INTO SCARAB_R_MODULE_ATTRIBUTE VALUES (0,1,1,'Description',1,1,100,0,0);
INSERT INTO SCARAB_R_MODULE_ATTRIBUTE VALUES (0,2,1,'Assigned To',0,0,200,0,0);
INSERT INTO SCARAB_R_MODULE_ATTRIBUTE VALUES (0,3,1,'Status',1,0,300,0,0);
INSERT INTO SCARAB_R_MODULE_ATTRIBUTE VALUES (0,4,1,'Resolution',1,0,400,0,0);
INSERT INTO SCARAB_R_MODULE_ATTRIBUTE VALUES (0,5,1,'Platform',1,1,2,1,0);
INSERT INTO SCARAB_R_MODULE_ATTRIBUTE VALUES 
    (0,6,1,'Operating System',1,1,3,1,0);
INSERT INTO SCARAB_R_MODULE_ATTRIBUTE VALUES (0,7,1,'Priority',1,0,500,0,0);
INSERT INTO SCARAB_R_MODULE_ATTRIBUTE VALUES (0,8,1,'Vote',1,0,600,0,0);
INSERT INTO SCARAB_R_MODULE_ATTRIBUTE VALUES (0,9,1,'Severity',1,0,700,0,0);
INSERT INTO SCARAB_R_MODULE_ATTRIBUTE VALUES (0,10,1,'Tracking',0,0,800,0,0);
INSERT INTO SCARAB_R_MODULE_ATTRIBUTE VALUES (0,11,1,'Summary',1,1,1,1,1);
INSERT INTO SCARAB_R_MODULE_ATTRIBUTE VALUES (0,12,1,'Functional Area',1,0,1000,0,0);

INSERT INTO SCARAB_R_MODULE_ATTRIBUTE VALUES (0,1,3,'Description',1,1,100,0,0);
INSERT INTO SCARAB_R_MODULE_ATTRIBUTE VALUES (0,2,3,'Assigned To',0,0,200,0,0);
INSERT INTO SCARAB_R_MODULE_ATTRIBUTE VALUES (0,3,3,'Status',1,0,300,0,0);
INSERT INTO SCARAB_R_MODULE_ATTRIBUTE VALUES (0,4,3,'Resolution',1,0,400,0,0);
INSERT INTO SCARAB_R_MODULE_ATTRIBUTE VALUES (0,5,3,'Platform',1,1,2,1,0);
INSERT INTO SCARAB_R_MODULE_ATTRIBUTE VALUES 
    (0,6,3,'Operating System',1,1,3,1,0);
INSERT INTO SCARAB_R_MODULE_ATTRIBUTE VALUES (0,7,3,'Priority',1,0,500,0,0);
INSERT INTO SCARAB_R_MODULE_ATTRIBUTE VALUES (0,8,3,'Vote',1,0,600,0,0);
INSERT INTO SCARAB_R_MODULE_ATTRIBUTE VALUES (0,11,3,'Summary',1,1,1,1,1);
INSERT INTO SCARAB_R_MODULE_ATTRIBUTE VALUES (0,12,3,'Functional Area',1,0,1000,0,0);

INSERT INTO SCARAB_R_MODULE_ATTRIBUTE VALUES (0,1,5,'Description',1,1,100,0,0);
INSERT INTO SCARAB_R_MODULE_ATTRIBUTE VALUES (0,2,5,'Assigned To',0,0,200,0,0);
INSERT INTO SCARAB_R_MODULE_ATTRIBUTE VALUES (0,3,5,'Status',1,0,300,0,0);
INSERT INTO SCARAB_R_MODULE_ATTRIBUTE VALUES (0,4,5,'Resolution',1,0,400,0,0);
INSERT INTO SCARAB_R_MODULE_ATTRIBUTE VALUES (0,7,5,'Priority',1,0,500,0,0);
INSERT INTO SCARAB_R_MODULE_ATTRIBUTE VALUES (0,8,5,'Vote',1,0,600,0,0);
INSERT INTO SCARAB_R_MODULE_ATTRIBUTE VALUES (0,11,5,'Summary',1,1,1,1,1);
INSERT INTO SCARAB_R_MODULE_ATTRIBUTE VALUES (0,12,5,'Functional Area',1,0,1000,0,0);

INSERT INTO SCARAB_R_MODULE_ATTRIBUTE VALUES (0,1,7,'Description',1,1,100,0,0);
INSERT INTO SCARAB_R_MODULE_ATTRIBUTE VALUES (0,2,7,'Assigned To',0,0,200,0,0);
INSERT INTO SCARAB_R_MODULE_ATTRIBUTE VALUES (0,3,7,'Status',1,0,300,0,0);
INSERT INTO SCARAB_R_MODULE_ATTRIBUTE VALUES (0,4,7,'Resolution',1,0,400,0,0);
INSERT INTO SCARAB_R_MODULE_ATTRIBUTE VALUES (0,7,7,'Priority',1,0,500,0,0);
INSERT INTO SCARAB_R_MODULE_ATTRIBUTE VALUES (0,8,7,'Vote',1,0,600,0,0);
INSERT INTO SCARAB_R_MODULE_ATTRIBUTE VALUES (0,11,7,'Summary',1,1,1,1,1);
INSERT INTO SCARAB_R_MODULE_ATTRIBUTE VALUES (0,12,7,'Functional Area',1,0,1000,0,0);

INSERT INTO SCARAB_R_MODULE_ATTRIBUTE VALUES (0,1,9,'Description',1,1,100,0,0);
INSERT INTO SCARAB_R_MODULE_ATTRIBUTE VALUES (0,2,9,'Assigned To',0,0,200,0,0);
INSERT INTO SCARAB_R_MODULE_ATTRIBUTE VALUES (0,3,9,'Status',1,0,300,0,0);
INSERT INTO SCARAB_R_MODULE_ATTRIBUTE VALUES (0,4,9,'Resolution',1,0,400,0,0);
INSERT INTO SCARAB_R_MODULE_ATTRIBUTE VALUES (0,7,9,'Priority',1,0,500,0,0);
INSERT INTO SCARAB_R_MODULE_ATTRIBUTE VALUES (0,8,9,'Vote',1,0,600,0,0);
INSERT INTO SCARAB_R_MODULE_ATTRIBUTE VALUES (0,11,9,'Summary',1,1,1,1,1);
INSERT INTO SCARAB_R_MODULE_ATTRIBUTE VALUES (0,12,9,'Functional Area',1,0,1000,0,0);

/* Insert attribute groups for project 0
 * group_id, name, description, module_id, issue_type_id,active,preferred order
 */
INSERT INTO SCARAB_ATTRIBUTE_GROUP VALUES (1, "group one", "dedupe attributes", 0, 1, 1, 1);
INSERT INTO SCARAB_ATTRIBUTE_GROUP VALUES (2, "group two", "non-dedupe attributes", 0, 1, 1, 3);

INSERT INTO SCARAB_ATTRIBUTE_GROUP VALUES (3, "group one", "dedupe attributes", 0, 3, 1, 1);
INSERT INTO SCARAB_ATTRIBUTE_GROUP VALUES (4, "group two", "non-dedupe attributes", 0, 3, 1, 3);

INSERT INTO SCARAB_ATTRIBUTE_GROUP VALUES (5, "group one", "dedupe attributes", 5, 5, 1, 1);
INSERT INTO SCARAB_ATTRIBUTE_GROUP VALUES (6, "group two", "non-dedupe attributes", 0, 5, 1, 3);

INSERT INTO SCARAB_ATTRIBUTE_GROUP VALUES (7, "group one", "dedupe attributes", 0, 7, 1, 1);
INSERT INTO SCARAB_ATTRIBUTE_GROUP VALUES (8, "group two", "non-dedupe attributes", 0, 7, 1, 3);

INSERT INTO SCARAB_ATTRIBUTE_GROUP VALUES (9, "group one", "dedupe attributes", 0, 9, 1, 1);
INSERT INTO SCARAB_ATTRIBUTE_GROUP VALUES (10, "group two", "non-dedupe attributes", 0, 9, 1, 3);

/* Insert mapping between attributes and groups 
 * group_id, attribute_id, preferred order
 */
INSERT INTO SCARAB_R_ATTRIBUTE_ATTRIBUTEGROUP VALUES (1, 5, 1);
INSERT INTO SCARAB_R_ATTRIBUTE_ATTRIBUTEGROUP VALUES (1, 6, 2);
INSERT INTO SCARAB_R_ATTRIBUTE_ATTRIBUTEGROUP VALUES (1, 11, 3);
INSERT INTO SCARAB_R_ATTRIBUTE_ATTRIBUTEGROUP VALUES (2, 1, 1);
INSERT INTO SCARAB_R_ATTRIBUTE_ATTRIBUTEGROUP VALUES (2, 2, 2);
INSERT INTO SCARAB_R_ATTRIBUTE_ATTRIBUTEGROUP VALUES (2, 3, 3);
INSERT INTO SCARAB_R_ATTRIBUTE_ATTRIBUTEGROUP VALUES (2, 4, 4);
INSERT INTO SCARAB_R_ATTRIBUTE_ATTRIBUTEGROUP VALUES (2, 7, 5);
INSERT INTO SCARAB_R_ATTRIBUTE_ATTRIBUTEGROUP VALUES (2, 8, 6);
INSERT INTO SCARAB_R_ATTRIBUTE_ATTRIBUTEGROUP VALUES (2, 9, 7);
INSERT INTO SCARAB_R_ATTRIBUTE_ATTRIBUTEGROUP VALUES (2, 10, 8);
INSERT INTO SCARAB_R_ATTRIBUTE_ATTRIBUTEGROUP VALUES (2, 12, 9);

INSERT INTO SCARAB_R_ATTRIBUTE_ATTRIBUTEGROUP VALUES (3, 5, 1);
INSERT INTO SCARAB_R_ATTRIBUTE_ATTRIBUTEGROUP VALUES (3, 6, 2);
INSERT INTO SCARAB_R_ATTRIBUTE_ATTRIBUTEGROUP VALUES (3, 11, 3);
INSERT INTO SCARAB_R_ATTRIBUTE_ATTRIBUTEGROUP VALUES (4, 1, 1);
INSERT INTO SCARAB_R_ATTRIBUTE_ATTRIBUTEGROUP VALUES (4, 2, 2);
INSERT INTO SCARAB_R_ATTRIBUTE_ATTRIBUTEGROUP VALUES (4, 3, 3);
INSERT INTO SCARAB_R_ATTRIBUTE_ATTRIBUTEGROUP VALUES (4, 4, 4);
INSERT INTO SCARAB_R_ATTRIBUTE_ATTRIBUTEGROUP VALUES (4, 7, 5);
INSERT INTO SCARAB_R_ATTRIBUTE_ATTRIBUTEGROUP VALUES (4, 8, 6);
INSERT INTO SCARAB_R_ATTRIBUTE_ATTRIBUTEGROUP VALUES (4, 12, 9);

INSERT INTO SCARAB_R_ATTRIBUTE_ATTRIBUTEGROUP VALUES (5, 5, 1);
INSERT INTO SCARAB_R_ATTRIBUTE_ATTRIBUTEGROUP VALUES (5, 6, 2);
INSERT INTO SCARAB_R_ATTRIBUTE_ATTRIBUTEGROUP VALUES (5, 11, 3);
INSERT INTO SCARAB_R_ATTRIBUTE_ATTRIBUTEGROUP VALUES (6, 1, 1);
INSERT INTO SCARAB_R_ATTRIBUTE_ATTRIBUTEGROUP VALUES (6, 2, 2);
INSERT INTO SCARAB_R_ATTRIBUTE_ATTRIBUTEGROUP VALUES (6, 3, 3);
INSERT INTO SCARAB_R_ATTRIBUTE_ATTRIBUTEGROUP VALUES (6, 4, 4);
INSERT INTO SCARAB_R_ATTRIBUTE_ATTRIBUTEGROUP VALUES (6, 12, 9);

INSERT INTO SCARAB_R_ATTRIBUTE_ATTRIBUTEGROUP VALUES (7, 5, 1);
INSERT INTO SCARAB_R_ATTRIBUTE_ATTRIBUTEGROUP VALUES (7, 6, 2);
INSERT INTO SCARAB_R_ATTRIBUTE_ATTRIBUTEGROUP VALUES (7, 11, 3);
INSERT INTO SCARAB_R_ATTRIBUTE_ATTRIBUTEGROUP VALUES (8, 1, 1);
INSERT INTO SCARAB_R_ATTRIBUTE_ATTRIBUTEGROUP VALUES (8, 2, 2);
INSERT INTO SCARAB_R_ATTRIBUTE_ATTRIBUTEGROUP VALUES (8, 3, 3);
INSERT INTO SCARAB_R_ATTRIBUTE_ATTRIBUTEGROUP VALUES (8, 4, 4);
INSERT INTO SCARAB_R_ATTRIBUTE_ATTRIBUTEGROUP VALUES (8, 12, 9);

INSERT INTO SCARAB_R_ATTRIBUTE_ATTRIBUTEGROUP VALUES (9, 5, 1);
INSERT INTO SCARAB_R_ATTRIBUTE_ATTRIBUTEGROUP VALUES (9, 6, 2);
INSERT INTO SCARAB_R_ATTRIBUTE_ATTRIBUTEGROUP VALUES (9, 11, 3);
INSERT INTO SCARAB_R_ATTRIBUTE_ATTRIBUTEGROUP VALUES (10, 1, 1);
INSERT INTO SCARAB_R_ATTRIBUTE_ATTRIBUTEGROUP VALUES (10, 2, 2);
INSERT INTO SCARAB_R_ATTRIBUTE_ATTRIBUTEGROUP VALUES (10, 3, 3);
INSERT INTO SCARAB_R_ATTRIBUTE_ATTRIBUTEGROUP VALUES (10, 4, 4);
INSERT INTO SCARAB_R_ATTRIBUTE_ATTRIBUTEGROUP VALUES (10, 12, 9);

/*
 * populate the root module with all options.
 * module_id, option_id, display_value, active, preferred order
 */
INSERT INTO SCARAB_R_MODULE_OPTION VALUES (0,1,NULL,1,1);
INSERT INTO SCARAB_R_MODULE_OPTION VALUES (0,2,NULL,1,2);
INSERT INTO SCARAB_R_MODULE_OPTION VALUES (0,3,NULL,1,3);
INSERT INTO SCARAB_R_MODULE_OPTION VALUES (0,4,NULL,1,4);
INSERT INTO SCARAB_R_MODULE_OPTION VALUES (0,5,NULL,1,5);
INSERT INTO SCARAB_R_MODULE_OPTION VALUES (0,6,NULL,1,6);
INSERT INTO SCARAB_R_MODULE_OPTION VALUES (0,7,NULL,1,7);
INSERT INTO SCARAB_R_MODULE_OPTION VALUES (0,8,NULL,1,1);
INSERT INTO SCARAB_R_MODULE_OPTION VALUES (0,9,NULL,1,2);
INSERT INTO SCARAB_R_MODULE_OPTION VALUES (0,10,NULL,1,3);
INSERT INTO SCARAB_R_MODULE_OPTION VALUES (0,11,NULL,1,4);
INSERT INTO SCARAB_R_MODULE_OPTION VALUES (0,12,NULL,1,5);
INSERT INTO SCARAB_R_MODULE_OPTION VALUES (0,13,NULL,1,6);
INSERT INTO SCARAB_R_MODULE_OPTION VALUES (0,14,NULL,1,7);
INSERT INTO SCARAB_R_MODULE_OPTION VALUES (0,15,NULL,1,8);
INSERT INTO SCARAB_R_MODULE_OPTION VALUES (0,16,NULL,1,1);
INSERT INTO SCARAB_R_MODULE_OPTION VALUES (0,17,NULL,1,2);
INSERT INTO SCARAB_R_MODULE_OPTION VALUES (0,18,NULL,1,3);
INSERT INTO SCARAB_R_MODULE_OPTION VALUES (0,19,NULL,1,4);
INSERT INTO SCARAB_R_MODULE_OPTION VALUES (0,20,NULL,1,5);
INSERT INTO SCARAB_R_MODULE_OPTION VALUES (0,21,NULL,1,6);
INSERT INTO SCARAB_R_MODULE_OPTION VALUES (0,22,NULL,1,7);
INSERT INTO SCARAB_R_MODULE_OPTION VALUES (0,23,NULL,1,8);
INSERT INTO SCARAB_R_MODULE_OPTION VALUES (0,24,NULL,1,1);
INSERT INTO SCARAB_R_MODULE_OPTION VALUES (0,25,NULL,1,3);
INSERT INTO SCARAB_R_MODULE_OPTION VALUES (0,26,NULL,1,4);
INSERT INTO SCARAB_R_MODULE_OPTION VALUES (0,27,NULL,1,5);
INSERT INTO SCARAB_R_MODULE_OPTION VALUES (0,28,NULL,1,6);
INSERT INTO SCARAB_R_MODULE_OPTION VALUES (0,29,NULL,1,7);
INSERT INTO SCARAB_R_MODULE_OPTION VALUES (0,30,NULL,1,8);
INSERT INTO SCARAB_R_MODULE_OPTION VALUES (0,31,NULL,1,10);
INSERT INTO SCARAB_R_MODULE_OPTION VALUES (0,32,NULL,1,11);
INSERT INTO SCARAB_R_MODULE_OPTION VALUES (0,33,NULL,1,12);
INSERT INTO SCARAB_R_MODULE_OPTION VALUES (0,34,NULL,1,13);
INSERT INTO SCARAB_R_MODULE_OPTION VALUES (0,35,NULL,1,14);
INSERT INTO SCARAB_R_MODULE_OPTION VALUES (0,36,NULL,1,15);
INSERT INTO SCARAB_R_MODULE_OPTION VALUES (0,37,NULL,1,16);
INSERT INTO SCARAB_R_MODULE_OPTION VALUES (0,38,NULL,1,18);
INSERT INTO SCARAB_R_MODULE_OPTION VALUES (0,39,NULL,1,28);
INSERT INTO SCARAB_R_MODULE_OPTION VALUES (0,40,NULL,1,24);
INSERT INTO SCARAB_R_MODULE_OPTION VALUES (0,41,NULL,1,25);
INSERT INTO SCARAB_R_MODULE_OPTION VALUES (0,42,NULL,1,26);
INSERT INTO SCARAB_R_MODULE_OPTION VALUES (0,43,NULL,1,29);
INSERT INTO SCARAB_R_MODULE_OPTION VALUES (0,44,NULL,1,30);
INSERT INTO SCARAB_R_MODULE_OPTION VALUES (0,45,NULL,1,31);
INSERT INTO SCARAB_R_MODULE_OPTION VALUES (0,46,NULL,1,34);
INSERT INTO SCARAB_R_MODULE_OPTION VALUES (0,47,NULL,0,39);
INSERT INTO SCARAB_R_MODULE_OPTION VALUES (0,48,NULL,0,42);
INSERT INTO SCARAB_R_MODULE_OPTION VALUES (0,49,NULL,0,41);
INSERT INTO SCARAB_R_MODULE_OPTION VALUES (0,50,NULL,1,35);
INSERT INTO SCARAB_R_MODULE_OPTION VALUES (0,51,NULL,1,32);
INSERT INTO SCARAB_R_MODULE_OPTION VALUES (0,52,NULL,1,33);
INSERT INTO SCARAB_R_MODULE_OPTION VALUES (0,53,NULL,1,40);
INSERT INTO SCARAB_R_MODULE_OPTION VALUES (0,54,NULL,1,1);
INSERT INTO SCARAB_R_MODULE_OPTION VALUES (0,55,NULL,1,2);
INSERT INTO SCARAB_R_MODULE_OPTION VALUES (0,56,NULL,1,3);
INSERT INTO SCARAB_R_MODULE_OPTION VALUES (0,57,NULL,1,4);
INSERT INTO SCARAB_R_MODULE_OPTION VALUES (0,58,NULL,1,1);
INSERT INTO SCARAB_R_MODULE_OPTION VALUES (0,59,NULL,1,2);
INSERT INTO SCARAB_R_MODULE_OPTION VALUES (0,60,NULL,1,3);
INSERT INTO SCARAB_R_MODULE_OPTION VALUES (0,61,NULL,1,4);
INSERT INTO SCARAB_R_MODULE_OPTION VALUES (0,62,NULL,1,1);
INSERT INTO SCARAB_R_MODULE_OPTION VALUES (0,63,NULL,1,2);
INSERT INTO SCARAB_R_MODULE_OPTION VALUES (0,64,NULL,1,3);
INSERT INTO SCARAB_R_MODULE_OPTION VALUES (0,65,NULL,1,4);
INSERT INTO SCARAB_R_MODULE_OPTION VALUES (0,66,NULL,1,5);
INSERT INTO SCARAB_R_MODULE_OPTION VALUES (0,67,NULL,1,6);
INSERT INTO SCARAB_R_MODULE_OPTION VALUES (0,68,NULL,1,7);
INSERT INTO SCARAB_R_MODULE_OPTION VALUES (0,69,NULL,1,8);
INSERT INTO SCARAB_R_MODULE_OPTION VALUES (0,70,NULL,1,9);
INSERT INTO SCARAB_R_MODULE_OPTION VALUES (0,71,NULL,1,10);
INSERT INTO SCARAB_R_MODULE_OPTION VALUES (0,72,NULL,1,1);
INSERT INTO SCARAB_R_MODULE_OPTION VALUES (0,73,NULL,1,2);
INSERT INTO SCARAB_R_MODULE_OPTION VALUES (0,74,NULL,1,3);
INSERT INTO SCARAB_R_MODULE_OPTION VALUES (0,75,NULL,1,2);
INSERT INTO SCARAB_R_MODULE_OPTION VALUES (0,76,NULL,1,9);
INSERT INTO SCARAB_R_MODULE_OPTION VALUES (0,77,NULL,1,17);
INSERT INTO SCARAB_R_MODULE_OPTION VALUES (0,78,NULL,0,19);
INSERT INTO SCARAB_R_MODULE_OPTION VALUES (0,79,NULL,0,20);
INSERT INTO SCARAB_R_MODULE_OPTION VALUES (0,80,NULL,0,21);
INSERT INTO SCARAB_R_MODULE_OPTION VALUES (0,81,NULL,0,22);
INSERT INTO SCARAB_R_MODULE_OPTION VALUES (0,82,NULL,1,23);
INSERT INTO SCARAB_R_MODULE_OPTION VALUES (0,83,NULL,1,27);
INSERT INTO SCARAB_R_MODULE_OPTION VALUES (0,84,NULL,1,38);
INSERT INTO SCARAB_R_MODULE_OPTION VALUES (0,85,NULL,1,36);
INSERT INTO SCARAB_R_MODULE_OPTION VALUES (0,86,NULL,0,37);
INSERT INTO SCARAB_R_MODULE_OPTION VALUES (0,87,NULL,1,17);
INSERT INTO SCARAB_R_MODULE_OPTION VALUES (0,88,NULL,1,1);
INSERT INTO SCARAB_R_MODULE_OPTION VALUES (0,89,NULL,1,2);
INSERT INTO SCARAB_R_MODULE_OPTION VALUES (0,90,NULL,1,3);



/*
 * default attributes to appear on the IssueList screen
 * if the user is not logged in or has not selected attributes,
 * these attribute for user id=0 are used.
 * module_id, user_id, issue_type_id, attribute_id, option_id)
 */
INSERT INTO SCARAB_R_MODULE_USER_ATTRIBUTE VALUES (0,0,1,11,1);
INSERT INTO SCARAB_R_MODULE_USER_ATTRIBUTE VALUES (0,0,1,9,2);

INSERT INTO SCARAB_R_MODULE_USER_ATTRIBUTE VALUES (0,0,3,11,1);
INSERT INTO SCARAB_R_MODULE_USER_ATTRIBUTE VALUES (0,0,3,9,2);

INSERT INTO SCARAB_R_MODULE_USER_ATTRIBUTE VALUES (0,0,5,11,1);
INSERT INTO SCARAB_R_MODULE_USER_ATTRIBUTE VALUES (0,0,5,9,2);

INSERT INTO SCARAB_R_MODULE_USER_ATTRIBUTE VALUES (0,0,7,11,1);
INSERT INTO SCARAB_R_MODULE_USER_ATTRIBUTE VALUES (0,0,7,9,2);

INSERT INTO SCARAB_R_MODULE_USER_ATTRIBUTE VALUES (0,0,9,11,1);
INSERT INTO SCARAB_R_MODULE_USER_ATTRIBUTE VALUES (0,0,9,9,2);

