/*
 * Sample Project
 */

insert into SCARAB_MODULE(MODULE_ID, MODULE_NAME, MODULE_CODE, DOMAIN, MODULE_DESCRIPTION, MODULE_URL, PARENT_ID, OWNER_ID, QA_CONTACT_ID) 
    values(1, 'Pacman JVM', 'PAC', 'testinst', 'Sample project', '/PacmanJVM/', 0, 2, 2);
insert into SCARAB_MODULE(MODULE_ID, MODULE_NAME, MODULE_CODE, DOMAIN, MODULE_DESCRIPTION, MODULE_URL, PARENT_ID, OWNER_ID, QA_CONTACT_ID) 
    values(3, 'Turbine', 'TBN', 'testinst', 'The Turbine Project', '/Turbine/', 0, 2, 2);

/*
 * Sample Component
 */

insert into SCARAB_MODULE(MODULE_ID, MODULE_NAME, MODULE_CODE, MODULE_DESCRIPTION, MODULE_URL, PARENT_ID, OWNER_ID, QA_CONTACT_ID) 
    values(2, 'Docs', 'PACD', 'Documentation', '/PacmanJVM/docs/', 1, 2, 2);
insert into SCARAB_MODULE(MODULE_ID, MODULE_NAME, MODULE_CODE, MODULE_DESCRIPTION, MODULE_URL, PARENT_ID, OWNER_ID, QA_CONTACT_ID) 
    values(5, 'Source', 'PACS', 'Source', '/PacmanJVM/source/', 1, 2, 2);
insert into SCARAB_MODULE(MODULE_ID, MODULE_NAME, MODULE_CODE, MODULE_DESCRIPTION, MODULE_URL, PARENT_ID, OWNER_ID, QA_CONTACT_ID) 
    values(4, 'Docs', 'TBND', 'Documentation', '/Turbine/docs/', 3, 2, 2);
insert into SCARAB_MODULE(MODULE_ID, MODULE_NAME, MODULE_CODE, MODULE_DESCRIPTION, MODULE_URL, PARENT_ID, OWNER_ID, QA_CONTACT_ID) 
    values(6, 'Source', 'TBNS', 'Source', '/Turbine/source/', 3, 2, 2);
insert into SCARAB_MODULE(MODULE_ID, MODULE_NAME, MODULE_CODE, MODULE_DESCRIPTION, MODULE_URL, PARENT_ID, OWNER_ID, QA_CONTACT_ID) 
    values(7, 'Java', 'TBNJ', 'Java', '/Turbine/source/java', 6, 2, 2);

/*
 * id_table entries for the module_codes
 */
insert into ID_TABLE (table_name, next_id, quantity) VALUES ('PAC', 1, 1);
insert into ID_TABLE (table_name, next_id, quantity) VALUES ('PACD', 2, 1);
insert into ID_TABLE (table_name, next_id, quantity) VALUES ('PACS', 2, 1);
insert into ID_TABLE (table_name, next_id, quantity) VALUES ('TBN', 1, 1);
insert into ID_TABLE (table_name, next_id, quantity) VALUES ('TBND', 1, 1);
insert into ID_TABLE (table_name, next_id, quantity) VALUES ('TBNS', 1, 1);


/*
 * populate the module 5 with all issue types.
 * module_id, issue_type_id, active, show in nav, preferred order
 */
INSERT INTO SCARAB_R_MODULE_ISSUE_TYPE (MODULE_ID, ISSUE_TYPE_ID, ACTIVE, DISPLAY, PREFERRED_ORDER) VALUES (5,1,1,1,1);
INSERT INTO SCARAB_R_MODULE_ISSUE_TYPE (MODULE_ID, ISSUE_TYPE_ID, ACTIVE, DISPLAY, PREFERRED_ORDER) VALUES (5,2,1,1,1);
INSERT INTO SCARAB_R_MODULE_ISSUE_TYPE (MODULE_ID, ISSUE_TYPE_ID, ACTIVE, DISPLAY, PREFERRED_ORDER) VALUES (5,3,1,1,1);
INSERT INTO SCARAB_R_MODULE_ISSUE_TYPE (MODULE_ID, ISSUE_TYPE_ID, ACTIVE, DISPLAY, PREFERRED_ORDER) VALUES (5,4,1,1,1);
INSERT INTO SCARAB_R_MODULE_ISSUE_TYPE (MODULE_ID, ISSUE_TYPE_ID, ACTIVE, DISPLAY, PREFERRED_ORDER) VALUES (5,5,1,1,1);
INSERT INTO SCARAB_R_MODULE_ISSUE_TYPE (MODULE_ID, ISSUE_TYPE_ID, ACTIVE, DISPLAY, PREFERRED_ORDER) VALUES (5,6,1,1,1);
INSERT INTO SCARAB_R_MODULE_ISSUE_TYPE (MODULE_ID, ISSUE_TYPE_ID, ACTIVE, DISPLAY, PREFERRED_ORDER) VALUES (5,7,1,1,1);
INSERT INTO SCARAB_R_MODULE_ISSUE_TYPE (MODULE_ID, ISSUE_TYPE_ID, ACTIVE, DISPLAY, PREFERRED_ORDER) VALUES (5,8,1,1,1);
INSERT INTO SCARAB_R_MODULE_ISSUE_TYPE (MODULE_ID, ISSUE_TYPE_ID, ACTIVE, DISPLAY, PREFERRED_ORDER) VALUES (5,9,1,1,1);
INSERT INTO SCARAB_R_MODULE_ISSUE_TYPE (MODULE_ID, ISSUE_TYPE_ID, ACTIVE, DISPLAY, PREFERRED_ORDER) VALUES (5,10,1,1,1);

/*
 * Insert some values for project 5
 * module_id, attr_id, issue_type, display_value, active, required, preferred order, 
 * dedupe, quick_search
 */

INSERT INTO SCARAB_R_MODULE_ATTRIBUTE VALUES (5,1,1,'Description',1,1,100,0,0);
INSERT INTO SCARAB_R_MODULE_ATTRIBUTE VALUES (5,2,1,'Assigned To',1,0,200,0,0);
INSERT INTO SCARAB_R_MODULE_ATTRIBUTE VALUES (5,3,1,'Status',1,0,300,0,0);
INSERT INTO SCARAB_R_MODULE_ATTRIBUTE VALUES (5,4,1,'Resolution',1,0,400,0,0);
INSERT INTO SCARAB_R_MODULE_ATTRIBUTE VALUES (5,5,1,'Platform',1,1,2,1,0);
INSERT INTO SCARAB_R_MODULE_ATTRIBUTE VALUES 
    (5,6,1,'Operating System',1,1,3,1,0);
INSERT INTO SCARAB_R_MODULE_ATTRIBUTE VALUES (5,7,1,'Priority',1,0,500,0,0);
INSERT INTO SCARAB_R_MODULE_ATTRIBUTE VALUES (5,8,1,'Vote',1,0,600,0,0);
INSERT INTO SCARAB_R_MODULE_ATTRIBUTE VALUES (5,9,1,'Severity',1,0,700,0,0);
INSERT INTO SCARAB_R_MODULE_ATTRIBUTE VALUES (5,10,1,'Tracking',0,0,800,0,0);
INSERT INTO SCARAB_R_MODULE_ATTRIBUTE VALUES (5,11,1,'Summary',1,1,1,1,1);
INSERT INTO SCARAB_R_MODULE_ATTRIBUTE VALUES (5,12,1,'Functional Area',1,0,1000,0,0);

INSERT INTO SCARAB_R_MODULE_ATTRIBUTE VALUES (5,1,2,'Description',1,1,100,0,0);
INSERT INTO SCARAB_R_MODULE_ATTRIBUTE VALUES (5,2,2,'Assigned To',1,0,200,0,0);
INSERT INTO SCARAB_R_MODULE_ATTRIBUTE VALUES (5,3,2,'Status',1,0,300,0,0);
INSERT INTO SCARAB_R_MODULE_ATTRIBUTE VALUES (5,4,2,'Resolution',1,0,400,0,0);
INSERT INTO SCARAB_R_MODULE_ATTRIBUTE VALUES (5,5,2,'Platform',1,1,2,1,0);
INSERT INTO SCARAB_R_MODULE_ATTRIBUTE VALUES 
    (5,6,2,'Operating System',1,1,3,1,0);
INSERT INTO SCARAB_R_MODULE_ATTRIBUTE VALUES (5,7,2,'Priority',1,0,500,0,0);
INSERT INTO SCARAB_R_MODULE_ATTRIBUTE VALUES (5,8,2,'Vote',1,0,600,0,0);
INSERT INTO SCARAB_R_MODULE_ATTRIBUTE VALUES (5,9,2,'Severity',1,0,700,0,0);
INSERT INTO SCARAB_R_MODULE_ATTRIBUTE VALUES (5,10,2,'Tracking',0,0,800,0,0);
INSERT INTO SCARAB_R_MODULE_ATTRIBUTE VALUES (5,11,2,'Summary',1,1,1,1,1);
INSERT INTO SCARAB_R_MODULE_ATTRIBUTE VALUES (5,12,2,'Functional Area',1,0,1000,0,0);

INSERT INTO SCARAB_R_MODULE_ATTRIBUTE VALUES (5,1,3,'Description',1,1,100,0,0);
INSERT INTO SCARAB_R_MODULE_ATTRIBUTE VALUES (5,2,3,'Assigned To',1,0,200,0,0);
INSERT INTO SCARAB_R_MODULE_ATTRIBUTE VALUES (5,3,3,'Status',1,0,300,0,0);
INSERT INTO SCARAB_R_MODULE_ATTRIBUTE VALUES (5,4,3,'Resolution',1,0,400,0,0);
INSERT INTO SCARAB_R_MODULE_ATTRIBUTE VALUES (5,5,3,'Platform',1,1,2,1,0);
INSERT INTO SCARAB_R_MODULE_ATTRIBUTE VALUES 
    (5,6,3,'Operating System',1,1,3,1,0);
INSERT INTO SCARAB_R_MODULE_ATTRIBUTE VALUES (5,7,3,'Priority',1,0,500,0,0);
INSERT INTO SCARAB_R_MODULE_ATTRIBUTE VALUES (5,8,3,'Vote',1,0,600,0,0);
INSERT INTO SCARAB_R_MODULE_ATTRIBUTE VALUES (5,11,3,'Summary',1,1,1,1,1);
INSERT INTO SCARAB_R_MODULE_ATTRIBUTE VALUES (5,12,3,'Functional Area',1,0,1000,0,0);

INSERT INTO SCARAB_R_MODULE_ATTRIBUTE VALUES (5,1,4,'Description',1,1,100,0,0);
INSERT INTO SCARAB_R_MODULE_ATTRIBUTE VALUES (5,2,4,'Assigned To',1,0,200,0,0);
INSERT INTO SCARAB_R_MODULE_ATTRIBUTE VALUES (5,3,4,'Status',1,0,300,0,0);
INSERT INTO SCARAB_R_MODULE_ATTRIBUTE VALUES (5,4,4,'Resolution',1,0,400,0,0);
INSERT INTO SCARAB_R_MODULE_ATTRIBUTE VALUES (5,5,4,'Platform',1,1,2,1,0);
INSERT INTO SCARAB_R_MODULE_ATTRIBUTE VALUES 
    (5,6,4,'Operating System',1,1,3,1,0);
INSERT INTO SCARAB_R_MODULE_ATTRIBUTE VALUES (5,7,4,'Priority',1,0,500,0,0);
INSERT INTO SCARAB_R_MODULE_ATTRIBUTE VALUES (5,8,4,'Vote',1,0,600,0,0);
INSERT INTO SCARAB_R_MODULE_ATTRIBUTE VALUES (5,11,4,'Summary',1,1,1,1,1);
INSERT INTO SCARAB_R_MODULE_ATTRIBUTE VALUES (5,12,4,'Functional Area',1,0,1000,0,0);

INSERT INTO SCARAB_R_MODULE_ATTRIBUTE VALUES (5,1,5,'Description',1,1,100,0,0);
INSERT INTO SCARAB_R_MODULE_ATTRIBUTE VALUES (5,2,5,'Assigned To',1,0,200,0,0);
INSERT INTO SCARAB_R_MODULE_ATTRIBUTE VALUES (5,3,5,'Status',1,0,300,0,0);
INSERT INTO SCARAB_R_MODULE_ATTRIBUTE VALUES (5,4,5,'Resolution',1,0,400,0,0);
INSERT INTO SCARAB_R_MODULE_ATTRIBUTE VALUES (5,7,5,'Priority',1,0,500,0,0);
INSERT INTO SCARAB_R_MODULE_ATTRIBUTE VALUES (5,8,5,'Vote',1,0,600,0,0);
INSERT INTO SCARAB_R_MODULE_ATTRIBUTE VALUES (5,11,5,'Summary',1,1,1,1,1);
INSERT INTO SCARAB_R_MODULE_ATTRIBUTE VALUES (5,12,5,'Functional Area',1,0,1000,0,0);

INSERT INTO SCARAB_R_MODULE_ATTRIBUTE VALUES (5,1,6,'Description',1,1,100,0,0);
INSERT INTO SCARAB_R_MODULE_ATTRIBUTE VALUES (5,2,6,'Assigned To',1,0,200,0,0);
INSERT INTO SCARAB_R_MODULE_ATTRIBUTE VALUES (5,3,6,'Status',1,0,300,0,0);
INSERT INTO SCARAB_R_MODULE_ATTRIBUTE VALUES (5,4,6,'Resolution',1,0,400,0,0);
INSERT INTO SCARAB_R_MODULE_ATTRIBUTE VALUES (5,7,6,'Priority',1,0,500,0,0);
INSERT INTO SCARAB_R_MODULE_ATTRIBUTE VALUES (5,8,6,'Vote',1,0,600,0,0);
INSERT INTO SCARAB_R_MODULE_ATTRIBUTE VALUES (5,11,6,'Summary',1,1,1,1,1);
INSERT INTO SCARAB_R_MODULE_ATTRIBUTE VALUES (5,12,6,'Functional Area',1,0,1000,0,0);

INSERT INTO SCARAB_R_MODULE_ATTRIBUTE VALUES (5,1,7,'Description',1,1,100,0,0);
INSERT INTO SCARAB_R_MODULE_ATTRIBUTE VALUES (5,2,7,'Assigned To',1,0,200,0,0);
INSERT INTO SCARAB_R_MODULE_ATTRIBUTE VALUES (5,3,7,'Status',1,0,300,0,0);
INSERT INTO SCARAB_R_MODULE_ATTRIBUTE VALUES (5,4,7,'Resolution',1,0,400,0,0);
INSERT INTO SCARAB_R_MODULE_ATTRIBUTE VALUES (5,7,7,'Priority',1,0,500,0,0);
INSERT INTO SCARAB_R_MODULE_ATTRIBUTE VALUES (5,8,7,'Vote',1,0,600,0,0);
INSERT INTO SCARAB_R_MODULE_ATTRIBUTE VALUES (5,11,7,'Summary',1,1,1,1,1);
INSERT INTO SCARAB_R_MODULE_ATTRIBUTE VALUES (5,12,7,'Functional Area',1,0,1000,0,0);

INSERT INTO SCARAB_R_MODULE_ATTRIBUTE VALUES (5,1,8,'Description',1,1,100,0,0);
INSERT INTO SCARAB_R_MODULE_ATTRIBUTE VALUES (5,2,8,'Assigned To',1,0,200,0,0);
INSERT INTO SCARAB_R_MODULE_ATTRIBUTE VALUES (5,3,8,'Status',1,0,300,0,0);
INSERT INTO SCARAB_R_MODULE_ATTRIBUTE VALUES (5,4,8,'Resolution',1,0,400,0,0);
INSERT INTO SCARAB_R_MODULE_ATTRIBUTE VALUES (5,7,8,'Priority',1,0,500,0,0);
INSERT INTO SCARAB_R_MODULE_ATTRIBUTE VALUES (5,8,8,'Vote',1,0,600,0,0);
INSERT INTO SCARAB_R_MODULE_ATTRIBUTE VALUES (5,11,8,'Summary',1,1,1,1,1);
INSERT INTO SCARAB_R_MODULE_ATTRIBUTE VALUES (5,12,8,'Functional Area',1,0,1000,0,0);

INSERT INTO SCARAB_R_MODULE_ATTRIBUTE VALUES (5,1,9,'Description',1,1,100,0,0);
INSERT INTO SCARAB_R_MODULE_ATTRIBUTE VALUES (5,2,9,'Assigned To',1,0,200,0,0);
INSERT INTO SCARAB_R_MODULE_ATTRIBUTE VALUES (5,3,9,'Status',1,0,300,0,0);
INSERT INTO SCARAB_R_MODULE_ATTRIBUTE VALUES (5,4,9,'Resolution',1,0,400,0,0);
INSERT INTO SCARAB_R_MODULE_ATTRIBUTE VALUES (5,7,9,'Priority',1,0,500,0,0);
INSERT INTO SCARAB_R_MODULE_ATTRIBUTE VALUES (5,8,9,'Vote',1,0,600,0,0);
INSERT INTO SCARAB_R_MODULE_ATTRIBUTE VALUES (5,11,9,'Summary',1,1,1,1,1);
INSERT INTO SCARAB_R_MODULE_ATTRIBUTE VALUES (5,12,9,'Functional Area',1,0,1000,0,0);

INSERT INTO SCARAB_R_MODULE_ATTRIBUTE VALUES (5,1,10,'Description',1,1,100,0,0);
INSERT INTO SCARAB_R_MODULE_ATTRIBUTE VALUES (5,2,10,'Assigned To',1,0,200,0,0);
INSERT INTO SCARAB_R_MODULE_ATTRIBUTE VALUES (5,3,10,'Status',1,0,300,0,0);
INSERT INTO SCARAB_R_MODULE_ATTRIBUTE VALUES (5,4,10,'Resolution',1,0,400,0,0);
INSERT INTO SCARAB_R_MODULE_ATTRIBUTE VALUES (5,7,10,'Priority',1,0,500,0,0);
INSERT INTO SCARAB_R_MODULE_ATTRIBUTE VALUES (5,8,10,'Vote',1,0,600,0,0);
INSERT INTO SCARAB_R_MODULE_ATTRIBUTE VALUES (5,11,10,'Summary',1,1,1,1,1);
INSERT INTO SCARAB_R_MODULE_ATTRIBUTE VALUES (5,12,10,'Functional Area',1,0,1000,0,0);


/* Insert attribute groups for project 5
 * group_id, name, description, module_id, issue_type_id,active,preferred order
 */
INSERT INTO SCARAB_ATTRIBUTE_GROUP VALUES (11, "group one", "dedupe attributes", 5, 1, 1, 1);
INSERT INTO SCARAB_ATTRIBUTE_GROUP VALUES (12, "group two", "non-dedupe attributes", 5, 1, 1, 3);

INSERT INTO SCARAB_ATTRIBUTE_GROUP VALUES (13, "group one", "dedupe attributes", 5, 3, 1, 1);
INSERT INTO SCARAB_ATTRIBUTE_GROUP VALUES (14, "group two", "non-dedupe attributes", 5, 3, 1, 3);

INSERT INTO SCARAB_ATTRIBUTE_GROUP VALUES (15, "group one", "dedupe attributes", 5, 5, 1, 1);
INSERT INTO SCARAB_ATTRIBUTE_GROUP VALUES (16, "group two", "non-dedupe attributes", 5, 5, 1, 3);

INSERT INTO SCARAB_ATTRIBUTE_GROUP VALUES (17, "group one", "dedupe attributes", 5, 7, 1, 1);
INSERT INTO SCARAB_ATTRIBUTE_GROUP VALUES (18, "group two", "non-dedupe attributes", 5, 7, 1, 3);

INSERT INTO SCARAB_ATTRIBUTE_GROUP VALUES (19, "group one", "dedupe attributes", 5, 9, 1, 1);
INSERT INTO SCARAB_ATTRIBUTE_GROUP VALUES (20, "group two", "non-dedupe attributes", 5, 9, 1, 3);

/* Insert mapping between attributes and groups 
 * group_id, attribute_id, preferred order
 */
INSERT INTO SCARAB_R_ATTRIBUTE_ATTRIBUTEGROUP VALUES (11, 5, 1);
INSERT INTO SCARAB_R_ATTRIBUTE_ATTRIBUTEGROUP VALUES (11, 6, 2);
INSERT INTO SCARAB_R_ATTRIBUTE_ATTRIBUTEGROUP VALUES (11, 11, 3);
INSERT INTO SCARAB_R_ATTRIBUTE_ATTRIBUTEGROUP VALUES (12, 1, 1);
INSERT INTO SCARAB_R_ATTRIBUTE_ATTRIBUTEGROUP VALUES (12, 2, 2);
INSERT INTO SCARAB_R_ATTRIBUTE_ATTRIBUTEGROUP VALUES (12, 3, 3);
INSERT INTO SCARAB_R_ATTRIBUTE_ATTRIBUTEGROUP VALUES (12, 4, 4);
INSERT INTO SCARAB_R_ATTRIBUTE_ATTRIBUTEGROUP VALUES (12, 7, 5);
INSERT INTO SCARAB_R_ATTRIBUTE_ATTRIBUTEGROUP VALUES (12, 8, 6);
INSERT INTO SCARAB_R_ATTRIBUTE_ATTRIBUTEGROUP VALUES (12, 9, 7);
INSERT INTO SCARAB_R_ATTRIBUTE_ATTRIBUTEGROUP VALUES (12, 10, 8);
INSERT INTO SCARAB_R_ATTRIBUTE_ATTRIBUTEGROUP VALUES (12, 12, 9);

INSERT INTO SCARAB_R_ATTRIBUTE_ATTRIBUTEGROUP VALUES (13, 5, 1);
INSERT INTO SCARAB_R_ATTRIBUTE_ATTRIBUTEGROUP VALUES (13, 6, 2);
INSERT INTO SCARAB_R_ATTRIBUTE_ATTRIBUTEGROUP VALUES (13, 11, 3);
INSERT INTO SCARAB_R_ATTRIBUTE_ATTRIBUTEGROUP VALUES (14, 1, 1);
INSERT INTO SCARAB_R_ATTRIBUTE_ATTRIBUTEGROUP VALUES (14, 2, 2);
INSERT INTO SCARAB_R_ATTRIBUTE_ATTRIBUTEGROUP VALUES (14, 3, 3);
INSERT INTO SCARAB_R_ATTRIBUTE_ATTRIBUTEGROUP VALUES (14, 4, 4);
INSERT INTO SCARAB_R_ATTRIBUTE_ATTRIBUTEGROUP VALUES (14, 7, 5);
INSERT INTO SCARAB_R_ATTRIBUTE_ATTRIBUTEGROUP VALUES (14, 8, 6);
INSERT INTO SCARAB_R_ATTRIBUTE_ATTRIBUTEGROUP VALUES (14, 12, 8);

INSERT INTO SCARAB_R_ATTRIBUTE_ATTRIBUTEGROUP VALUES (15, 11, 3);
INSERT INTO SCARAB_R_ATTRIBUTE_ATTRIBUTEGROUP VALUES (16, 1, 1);
INSERT INTO SCARAB_R_ATTRIBUTE_ATTRIBUTEGROUP VALUES (16, 2, 2);
INSERT INTO SCARAB_R_ATTRIBUTE_ATTRIBUTEGROUP VALUES (16, 3, 3);
INSERT INTO SCARAB_R_ATTRIBUTE_ATTRIBUTEGROUP VALUES (16, 4, 4);
INSERT INTO SCARAB_R_ATTRIBUTE_ATTRIBUTEGROUP VALUES (16, 7, 5);
INSERT INTO SCARAB_R_ATTRIBUTE_ATTRIBUTEGROUP VALUES (16, 8, 6);
INSERT INTO SCARAB_R_ATTRIBUTE_ATTRIBUTEGROUP VALUES (16, 12, 8);

INSERT INTO SCARAB_R_ATTRIBUTE_ATTRIBUTEGROUP VALUES (17, 11, 3);
INSERT INTO SCARAB_R_ATTRIBUTE_ATTRIBUTEGROUP VALUES (18, 1, 1);
INSERT INTO SCARAB_R_ATTRIBUTE_ATTRIBUTEGROUP VALUES (18, 2, 2);
INSERT INTO SCARAB_R_ATTRIBUTE_ATTRIBUTEGROUP VALUES (18, 3, 3);
INSERT INTO SCARAB_R_ATTRIBUTE_ATTRIBUTEGROUP VALUES (18, 4, 4);
INSERT INTO SCARAB_R_ATTRIBUTE_ATTRIBUTEGROUP VALUES (18, 7, 5);
INSERT INTO SCARAB_R_ATTRIBUTE_ATTRIBUTEGROUP VALUES (18, 8, 6);
INSERT INTO SCARAB_R_ATTRIBUTE_ATTRIBUTEGROUP VALUES (18, 12, 8);

INSERT INTO SCARAB_R_ATTRIBUTE_ATTRIBUTEGROUP VALUES (19, 11, 3);
INSERT INTO SCARAB_R_ATTRIBUTE_ATTRIBUTEGROUP VALUES (20, 1, 1);
INSERT INTO SCARAB_R_ATTRIBUTE_ATTRIBUTEGROUP VALUES (20, 2, 2);
INSERT INTO SCARAB_R_ATTRIBUTE_ATTRIBUTEGROUP VALUES (20, 3, 3);
INSERT INTO SCARAB_R_ATTRIBUTE_ATTRIBUTEGROUP VALUES (20, 4, 4);
INSERT INTO SCARAB_R_ATTRIBUTE_ATTRIBUTEGROUP VALUES (20, 7, 5);
INSERT INTO SCARAB_R_ATTRIBUTE_ATTRIBUTEGROUP VALUES (20, 8, 6);
INSERT INTO SCARAB_R_ATTRIBUTE_ATTRIBUTEGROUP VALUES (20, 12, 8);


/*
 * populate the module 6 with all issue types.
 * module_id, issue_type_id, active, show in nav, preferred order
 */
INSERT INTO SCARAB_R_MODULE_ISSUE_TYPE (MODULE_ID, ISSUE_TYPE_ID, ACTIVE, DISPLAY, PREFERRED_ORDER) VALUES (6,1,1,1,1);
INSERT INTO SCARAB_R_MODULE_ISSUE_TYPE (MODULE_ID, ISSUE_TYPE_ID, ACTIVE, DISPLAY, PREFERRED_ORDER) VALUES (6,2,1,1,1);
INSERT INTO SCARAB_R_MODULE_ISSUE_TYPE (MODULE_ID, ISSUE_TYPE_ID, ACTIVE, DISPLAY, PREFERRED_ORDER) VALUES (6,3,1,1,1);
INSERT INTO SCARAB_R_MODULE_ISSUE_TYPE (MODULE_ID, ISSUE_TYPE_ID, ACTIVE, DISPLAY, PREFERRED_ORDER) VALUES (6,4,1,1,1);
INSERT INTO SCARAB_R_MODULE_ISSUE_TYPE (MODULE_ID, ISSUE_TYPE_ID, ACTIVE, DISPLAY, PREFERRED_ORDER) VALUES (6,5,1,1,1);
INSERT INTO SCARAB_R_MODULE_ISSUE_TYPE (MODULE_ID, ISSUE_TYPE_ID, ACTIVE, DISPLAY, PREFERRED_ORDER) VALUES (6,6,1,1,1);
INSERT INTO SCARAB_R_MODULE_ISSUE_TYPE (MODULE_ID, ISSUE_TYPE_ID, ACTIVE, DISPLAY, PREFERRED_ORDER) VALUES (6,7,1,1,1);
INSERT INTO SCARAB_R_MODULE_ISSUE_TYPE (MODULE_ID, ISSUE_TYPE_ID, ACTIVE, DISPLAY, PREFERRED_ORDER) VALUES (6,8,1,1,1);
INSERT INTO SCARAB_R_MODULE_ISSUE_TYPE (MODULE_ID, ISSUE_TYPE_ID, ACTIVE, DISPLAY, PREFERRED_ORDER) VALUES (6,9,1,1,1);
INSERT INTO SCARAB_R_MODULE_ISSUE_TYPE (MODULE_ID, ISSUE_TYPE_ID, ACTIVE, DISPLAY, PREFERRED_ORDER) VALUES (6,10,1,1,1);

/*
 * Insert some values for project 6
 * module_id, attr_id, issue_type, display_value, active, required, preferred order, 
 * dedupe, quick_search
 */

INSERT INTO SCARAB_R_MODULE_ATTRIBUTE VALUES (6,1,1,'Description',1,1,100,0,0);
INSERT INTO SCARAB_R_MODULE_ATTRIBUTE VALUES (6,2,1,'Assigned To',1,0,200,0,0);
INSERT INTO SCARAB_R_MODULE_ATTRIBUTE VALUES (6,3,1,'Status',1,0,300,0,0);
INSERT INTO SCARAB_R_MODULE_ATTRIBUTE VALUES (6,4,1,'Resolution',1,0,400,0,0);
INSERT INTO SCARAB_R_MODULE_ATTRIBUTE VALUES (6,5,1,'Platform',1,1,2,1,0);
INSERT INTO SCARAB_R_MODULE_ATTRIBUTE VALUES 
    (6,6,1,'Operating System',1,1,3,1,0);
INSERT INTO SCARAB_R_MODULE_ATTRIBUTE VALUES (6,7,1,'Priority',1,0,500,0,0);
INSERT INTO SCARAB_R_MODULE_ATTRIBUTE VALUES (6,8,1,'Vote',1,0,600,0,0);
INSERT INTO SCARAB_R_MODULE_ATTRIBUTE VALUES (6,9,1,'Severity',1,0,700,0,0);
INSERT INTO SCARAB_R_MODULE_ATTRIBUTE VALUES (6,10,1,'Tracking',0,0,800,0,0);
INSERT INTO SCARAB_R_MODULE_ATTRIBUTE VALUES (6,11,1,'Summary',1,1,1,1,1);
INSERT INTO SCARAB_R_MODULE_ATTRIBUTE VALUES (6,12,1,'Functional Area',1,0,1000,0,0);

INSERT INTO SCARAB_R_MODULE_ATTRIBUTE VALUES (6,1,2,'Description',1,1,100,0,0);
INSERT INTO SCARAB_R_MODULE_ATTRIBUTE VALUES (6,2,2,'Assigned To',1,0,200,0,0);
INSERT INTO SCARAB_R_MODULE_ATTRIBUTE VALUES (6,3,2,'Status',1,0,300,0,0);
INSERT INTO SCARAB_R_MODULE_ATTRIBUTE VALUES (6,4,2,'Resolution',1,0,400,0,0);
INSERT INTO SCARAB_R_MODULE_ATTRIBUTE VALUES (6,5,2,'Platform',1,1,2,1,0);
INSERT INTO SCARAB_R_MODULE_ATTRIBUTE VALUES 
    (6,6,2,'Operating System',1,1,3,1,0);
INSERT INTO SCARAB_R_MODULE_ATTRIBUTE VALUES (6,7,2,'Priority',1,0,500,0,0);
INSERT INTO SCARAB_R_MODULE_ATTRIBUTE VALUES (6,8,2,'Vote',1,0,600,0,0);
INSERT INTO SCARAB_R_MODULE_ATTRIBUTE VALUES (6,9,2,'Severity',1,0,700,0,0);
INSERT INTO SCARAB_R_MODULE_ATTRIBUTE VALUES (6,10,2,'Tracking',0,0,800,0,0);
INSERT INTO SCARAB_R_MODULE_ATTRIBUTE VALUES (6,11,2,'Summary',1,1,1,1,1);
INSERT INTO SCARAB_R_MODULE_ATTRIBUTE VALUES (6,12,2,'Functional Area',1,0,1000,0,0);

INSERT INTO SCARAB_R_MODULE_ATTRIBUTE VALUES (6,1,3,'Description',1,1,100,0,0);
INSERT INTO SCARAB_R_MODULE_ATTRIBUTE VALUES (6,2,3,'Assigned To',1,0,200,0,0);
INSERT INTO SCARAB_R_MODULE_ATTRIBUTE VALUES (6,3,3,'Status',1,0,300,0,0);
INSERT INTO SCARAB_R_MODULE_ATTRIBUTE VALUES (6,4,3,'Resolution',1,0,400,0,0);
INSERT INTO SCARAB_R_MODULE_ATTRIBUTE VALUES (6,5,3,'Platform',1,1,2,1,0);
INSERT INTO SCARAB_R_MODULE_ATTRIBUTE VALUES 
    (6,6,3,'Operating System',1,1,3,1,0);
INSERT INTO SCARAB_R_MODULE_ATTRIBUTE VALUES (6,7,3,'Priority',1,0,500,0,0);
INSERT INTO SCARAB_R_MODULE_ATTRIBUTE VALUES (6,8,3,'Vote',1,0,600,0,0);
INSERT INTO SCARAB_R_MODULE_ATTRIBUTE VALUES (6,11,3,'Summary',1,1,1,1,1);
INSERT INTO SCARAB_R_MODULE_ATTRIBUTE VALUES (6,12,3,'Functional Area',1,0,1000,0,0);

INSERT INTO SCARAB_R_MODULE_ATTRIBUTE VALUES (6,1,4,'Description',1,1,100,0,0);
INSERT INTO SCARAB_R_MODULE_ATTRIBUTE VALUES (6,2,4,'Assigned To',1,0,200,0,0);
INSERT INTO SCARAB_R_MODULE_ATTRIBUTE VALUES (6,3,4,'Status',1,0,300,0,0);
INSERT INTO SCARAB_R_MODULE_ATTRIBUTE VALUES (6,4,4,'Resolution',1,0,400,0,0);
INSERT INTO SCARAB_R_MODULE_ATTRIBUTE VALUES (6,5,4,'Platform',1,1,2,1,0);
INSERT INTO SCARAB_R_MODULE_ATTRIBUTE VALUES 
    (6,6,4,'Operating System',1,1,3,1,0);
INSERT INTO SCARAB_R_MODULE_ATTRIBUTE VALUES (6,7,4,'Priority',1,0,500,0,0);
INSERT INTO SCARAB_R_MODULE_ATTRIBUTE VALUES (6,8,4,'Vote',1,0,600,0,0);
INSERT INTO SCARAB_R_MODULE_ATTRIBUTE VALUES (6,11,4,'Summary',1,1,1,1,1);
INSERT INTO SCARAB_R_MODULE_ATTRIBUTE VALUES (6,12,4,'Functional Area',1,0,1000,0,0);

INSERT INTO SCARAB_R_MODULE_ATTRIBUTE VALUES (6,1,5,'Description',1,1,100,0,0);
INSERT INTO SCARAB_R_MODULE_ATTRIBUTE VALUES (6,2,5,'Assigned To',1,0,200,0,0);
INSERT INTO SCARAB_R_MODULE_ATTRIBUTE VALUES (6,3,5,'Status',1,0,300,0,0);
INSERT INTO SCARAB_R_MODULE_ATTRIBUTE VALUES (6,4,5,'Resolution',1,0,400,0,0);
INSERT INTO SCARAB_R_MODULE_ATTRIBUTE VALUES (6,7,5,'Priority',1,0,500,0,0);
INSERT INTO SCARAB_R_MODULE_ATTRIBUTE VALUES (6,8,5,'Vote',1,0,600,0,0);
INSERT INTO SCARAB_R_MODULE_ATTRIBUTE VALUES (6,11,5,'Summary',1,1,1,1,1);
INSERT INTO SCARAB_R_MODULE_ATTRIBUTE VALUES (6,12,5,'Functional Area',1,0,1000,0,0);

INSERT INTO SCARAB_R_MODULE_ATTRIBUTE VALUES (6,1,6,'Description',1,1,100,0,0);
INSERT INTO SCARAB_R_MODULE_ATTRIBUTE VALUES (6,2,6,'Assigned To',1,0,200,0,0);
INSERT INTO SCARAB_R_MODULE_ATTRIBUTE VALUES (6,3,6,'Status',1,0,300,0,0);
INSERT INTO SCARAB_R_MODULE_ATTRIBUTE VALUES (6,4,6,'Resolution',1,0,400,0,0);
INSERT INTO SCARAB_R_MODULE_ATTRIBUTE VALUES (6,7,6,'Priority',1,0,500,0,0);
INSERT INTO SCARAB_R_MODULE_ATTRIBUTE VALUES (6,8,6,'Vote',1,0,600,0,0);
INSERT INTO SCARAB_R_MODULE_ATTRIBUTE VALUES (6,11,6,'Summary',1,1,1,1,1);
INSERT INTO SCARAB_R_MODULE_ATTRIBUTE VALUES (6,12,6,'Functional Area',1,0,1000,0,0);

INSERT INTO SCARAB_R_MODULE_ATTRIBUTE VALUES (6,1,7,'Description',1,1,100,0,0);
INSERT INTO SCARAB_R_MODULE_ATTRIBUTE VALUES (6,2,7,'Assigned To',1,0,200,0,0);
INSERT INTO SCARAB_R_MODULE_ATTRIBUTE VALUES (6,3,7,'Status',1,0,300,0,0);
INSERT INTO SCARAB_R_MODULE_ATTRIBUTE VALUES (6,4,7,'Resolution',1,0,400,0,0);
INSERT INTO SCARAB_R_MODULE_ATTRIBUTE VALUES (6,7,7,'Priority',1,0,500,0,0);
INSERT INTO SCARAB_R_MODULE_ATTRIBUTE VALUES (6,8,7,'Vote',1,0,600,0,0);
INSERT INTO SCARAB_R_MODULE_ATTRIBUTE VALUES (6,11,7,'Summary',1,1,1,1,1);
INSERT INTO SCARAB_R_MODULE_ATTRIBUTE VALUES (6,12,7,'Functional Area',1,0,1000,0,0);

INSERT INTO SCARAB_R_MODULE_ATTRIBUTE VALUES (6,1,8,'Description',1,1,100,0,0);
INSERT INTO SCARAB_R_MODULE_ATTRIBUTE VALUES (6,2,8,'Assigned To',1,0,200,0,0);
INSERT INTO SCARAB_R_MODULE_ATTRIBUTE VALUES (6,3,8,'Status',1,0,300,0,0);
INSERT INTO SCARAB_R_MODULE_ATTRIBUTE VALUES (6,4,8,'Resolution',1,0,400,0,0);
INSERT INTO SCARAB_R_MODULE_ATTRIBUTE VALUES (6,7,8,'Priority',1,0,500,0,0);
INSERT INTO SCARAB_R_MODULE_ATTRIBUTE VALUES (6,8,8,'Vote',1,0,600,0,0);
INSERT INTO SCARAB_R_MODULE_ATTRIBUTE VALUES (6,11,8,'Summary',1,1,1,1,1);
INSERT INTO SCARAB_R_MODULE_ATTRIBUTE VALUES (6,12,8,'Functional Area',1,0,1000,0,0);

INSERT INTO SCARAB_R_MODULE_ATTRIBUTE VALUES (6,1,9,'Description',1,1,100,0,0);
INSERT INTO SCARAB_R_MODULE_ATTRIBUTE VALUES (6,2,9,'Assigned To',1,0,200,0,0);
INSERT INTO SCARAB_R_MODULE_ATTRIBUTE VALUES (6,3,9,'Status',1,0,300,0,0);
INSERT INTO SCARAB_R_MODULE_ATTRIBUTE VALUES (6,4,9,'Resolution',1,0,400,0,0);
INSERT INTO SCARAB_R_MODULE_ATTRIBUTE VALUES (6,7,9,'Priority',1,0,500,0,0);
INSERT INTO SCARAB_R_MODULE_ATTRIBUTE VALUES (6,8,9,'Vote',1,0,600,0,0);
INSERT INTO SCARAB_R_MODULE_ATTRIBUTE VALUES (6,11,9,'Summary',1,1,1,1,1);
INSERT INTO SCARAB_R_MODULE_ATTRIBUTE VALUES (6,12,9,'Functional Area',1,0,1000,0,0);

INSERT INTO SCARAB_R_MODULE_ATTRIBUTE VALUES (6,1,10,'Description',1,1,100,0,0);
INSERT INTO SCARAB_R_MODULE_ATTRIBUTE VALUES (6,2,10,'Assigned To',1,0,200,0,0);
INSERT INTO SCARAB_R_MODULE_ATTRIBUTE VALUES (6,3,10,'Status',1,0,300,0,0);
INSERT INTO SCARAB_R_MODULE_ATTRIBUTE VALUES (6,4,10,'Resolution',1,0,400,0,0);
INSERT INTO SCARAB_R_MODULE_ATTRIBUTE VALUES (6,7,10,'Priority',1,0,500,0,0);
INSERT INTO SCARAB_R_MODULE_ATTRIBUTE VALUES (6,8,10,'Vote',1,0,600,0,0);
INSERT INTO SCARAB_R_MODULE_ATTRIBUTE VALUES (6,11,10,'Summary',1,1,1,1,1);
INSERT INTO SCARAB_R_MODULE_ATTRIBUTE VALUES (6,12,10,'Functional Area',1,0,1000,0,0);


/* Insert attribute groups for project 6
 * group_id, name, description, module_id, issue_type_id,active,preferred order
 */
INSERT INTO SCARAB_ATTRIBUTE_GROUP VALUES (21, "group one", "dedupe attributes", 6, 1, 1, 1);
INSERT INTO SCARAB_ATTRIBUTE_GROUP VALUES (22, "group two", "non-dedupe attributes", 6, 1, 1, 3);

INSERT INTO SCARAB_ATTRIBUTE_GROUP VALUES (23, "group one", "dedupe attributes", 6, 3, 1, 1);
INSERT INTO SCARAB_ATTRIBUTE_GROUP VALUES (24, "group two", "non-dedupe attributes", 6, 3, 1, 3);

INSERT INTO SCARAB_ATTRIBUTE_GROUP VALUES (25, "group one", "dedupe attributes", 6, 5, 1, 1);
INSERT INTO SCARAB_ATTRIBUTE_GROUP VALUES (26, "group two", "non-dedupe attributes", 6, 5, 1, 3);

INSERT INTO SCARAB_ATTRIBUTE_GROUP VALUES (27, "group one", "dedupe attributes", 6, 7, 1, 1);
INSERT INTO SCARAB_ATTRIBUTE_GROUP VALUES (28, "group two", "non-dedupe attributes", 6, 7, 1, 3);

INSERT INTO SCARAB_ATTRIBUTE_GROUP VALUES (29, "group one", "dedupe attributes", 6, 9, 1, 1);
INSERT INTO SCARAB_ATTRIBUTE_GROUP VALUES (30, "group two", "non-dedupe attributes", 6, 9, 1, 3);

/* Insert mapping between attributes and groups 
 * group_id, attribute_id, preferred order
 */
INSERT INTO SCARAB_R_ATTRIBUTE_ATTRIBUTEGROUP VALUES (21, 5, 1);
INSERT INTO SCARAB_R_ATTRIBUTE_ATTRIBUTEGROUP VALUES (21, 6, 2);
INSERT INTO SCARAB_R_ATTRIBUTE_ATTRIBUTEGROUP VALUES (21, 11, 3);
INSERT INTO SCARAB_R_ATTRIBUTE_ATTRIBUTEGROUP VALUES (22, 1, 1);
INSERT INTO SCARAB_R_ATTRIBUTE_ATTRIBUTEGROUP VALUES (22, 2, 2);
INSERT INTO SCARAB_R_ATTRIBUTE_ATTRIBUTEGROUP VALUES (22, 3, 3);
INSERT INTO SCARAB_R_ATTRIBUTE_ATTRIBUTEGROUP VALUES (22, 4, 4);
INSERT INTO SCARAB_R_ATTRIBUTE_ATTRIBUTEGROUP VALUES (22, 7, 5);
INSERT INTO SCARAB_R_ATTRIBUTE_ATTRIBUTEGROUP VALUES (22, 8, 6);
INSERT INTO SCARAB_R_ATTRIBUTE_ATTRIBUTEGROUP VALUES (22, 9, 7);
INSERT INTO SCARAB_R_ATTRIBUTE_ATTRIBUTEGROUP VALUES (22, 10, 8);
INSERT INTO SCARAB_R_ATTRIBUTE_ATTRIBUTEGROUP VALUES (22, 12, 9);

INSERT INTO SCARAB_R_ATTRIBUTE_ATTRIBUTEGROUP VALUES (23, 5, 1);
INSERT INTO SCARAB_R_ATTRIBUTE_ATTRIBUTEGROUP VALUES (23, 6, 2);
INSERT INTO SCARAB_R_ATTRIBUTE_ATTRIBUTEGROUP VALUES (23, 11, 3);
INSERT INTO SCARAB_R_ATTRIBUTE_ATTRIBUTEGROUP VALUES (24, 1, 1);
INSERT INTO SCARAB_R_ATTRIBUTE_ATTRIBUTEGROUP VALUES (24, 2, 2);
INSERT INTO SCARAB_R_ATTRIBUTE_ATTRIBUTEGROUP VALUES (24, 3, 3);
INSERT INTO SCARAB_R_ATTRIBUTE_ATTRIBUTEGROUP VALUES (24, 4, 4);
INSERT INTO SCARAB_R_ATTRIBUTE_ATTRIBUTEGROUP VALUES (24, 7, 5);
INSERT INTO SCARAB_R_ATTRIBUTE_ATTRIBUTEGROUP VALUES (24, 8, 6);
INSERT INTO SCARAB_R_ATTRIBUTE_ATTRIBUTEGROUP VALUES (24, 12, 8);

INSERT INTO SCARAB_R_ATTRIBUTE_ATTRIBUTEGROUP VALUES (25, 11, 3);
INSERT INTO SCARAB_R_ATTRIBUTE_ATTRIBUTEGROUP VALUES (26, 1, 1);
INSERT INTO SCARAB_R_ATTRIBUTE_ATTRIBUTEGROUP VALUES (26, 2, 2);
INSERT INTO SCARAB_R_ATTRIBUTE_ATTRIBUTEGROUP VALUES (26, 3, 3);
INSERT INTO SCARAB_R_ATTRIBUTE_ATTRIBUTEGROUP VALUES (26, 4, 4);
INSERT INTO SCARAB_R_ATTRIBUTE_ATTRIBUTEGROUP VALUES (26, 7, 5);
INSERT INTO SCARAB_R_ATTRIBUTE_ATTRIBUTEGROUP VALUES (26, 8, 6);
INSERT INTO SCARAB_R_ATTRIBUTE_ATTRIBUTEGROUP VALUES (26, 12, 8);

INSERT INTO SCARAB_R_ATTRIBUTE_ATTRIBUTEGROUP VALUES (27, 11, 3);
INSERT INTO SCARAB_R_ATTRIBUTE_ATTRIBUTEGROUP VALUES (28, 1, 1);
INSERT INTO SCARAB_R_ATTRIBUTE_ATTRIBUTEGROUP VALUES (28, 2, 2);
INSERT INTO SCARAB_R_ATTRIBUTE_ATTRIBUTEGROUP VALUES (28, 3, 3);
INSERT INTO SCARAB_R_ATTRIBUTE_ATTRIBUTEGROUP VALUES (28, 4, 4);
INSERT INTO SCARAB_R_ATTRIBUTE_ATTRIBUTEGROUP VALUES (28, 7, 5);
INSERT INTO SCARAB_R_ATTRIBUTE_ATTRIBUTEGROUP VALUES (28, 8, 6);
INSERT INTO SCARAB_R_ATTRIBUTE_ATTRIBUTEGROUP VALUES (28, 12, 8);

INSERT INTO SCARAB_R_ATTRIBUTE_ATTRIBUTEGROUP VALUES (29, 11, 3);
INSERT INTO SCARAB_R_ATTRIBUTE_ATTRIBUTEGROUP VALUES (30, 1, 1);
INSERT INTO SCARAB_R_ATTRIBUTE_ATTRIBUTEGROUP VALUES (30, 2, 2);
INSERT INTO SCARAB_R_ATTRIBUTE_ATTRIBUTEGROUP VALUES (30, 3, 3);
INSERT INTO SCARAB_R_ATTRIBUTE_ATTRIBUTEGROUP VALUES (30, 4, 4);
INSERT INTO SCARAB_R_ATTRIBUTE_ATTRIBUTEGROUP VALUES (30, 7, 5);
INSERT INTO SCARAB_R_ATTRIBUTE_ATTRIBUTEGROUP VALUES (30, 8, 6);
INSERT INTO SCARAB_R_ATTRIBUTE_ATTRIBUTEGROUP VALUES (30, 12, 8);


/*
 * Sample Issues
 */

insert into SCARAB_ISSUE(ISSUE_ID, MODULE_ID, TYPE_ID, ID_PREFIX, ID_COUNT) 
       values (1, 5, 1, 'PACD', 1);

/* description */
insert into SCARAB_ISSUE_ATTRIBUTE_VALUE(VALUE_ID, ISSUE_ID, ATTRIBUTE_ID, VALUE) values (1, 1, 1, 'Documents are not as current as they should be.');
/* summary */
insert into SCARAB_ISSUE_ATTRIBUTE_VALUE(VALUE_ID, ISSUE_ID, ATTRIBUTE_ID, VALUE) values (2, 1, 11, 'Docs are out of date.');
/* status is New */
insert into SCARAB_ISSUE_ATTRIBUTE_VALUE(VALUE_ID, ISSUE_ID, ATTRIBUTE_ID, OPTION_ID, VALUE) values (4, 1, 3, 2, 'New');
/* platform is SGI */
insert into SCARAB_ISSUE_ATTRIBUTE_VALUE(VALUE_ID, ISSUE_ID, ATTRIBUTE_ID, OPTION_ID, VALUE) values (6, 1, 5, 21, 'SGI');
/* os is Linux */
insert into SCARAB_ISSUE_ATTRIBUTE_VALUE(VALUE_ID, ISSUE_ID, ATTRIBUTE_ID, OPTION_ID, VALUE) values (7, 1, 6, 38, 'Linux');
/* priority is p3 */
insert into SCARAB_ISSUE_ATTRIBUTE_VALUE(VALUE_ID, ISSUE_ID, ATTRIBUTE_ID, OPTION_ID, VALUE) values (8, 1, 7, 56, 'Low');
/* severity is major */
insert into SCARAB_ISSUE_ATTRIBUTE_VALUE(VALUE_ID, ISSUE_ID, ATTRIBUTE_ID, OPTION_ID, VALUE) values (9, 1, 9, 66, 'major');
insert into SCARAB_ISSUE_ATTRIBUTE_VALUE(VALUE_ID, ISSUE_ID, ATTRIBUTE_ID, OPTION_ID, VALUE) values (19, 1, 12, 89, 'UI');

/* add a transaction for the insertion */
insert into SCARAB_TRANSACTION(TRANSACTION_ID, TYPE_ID, CREATED_BY, CREATED_DATE)
       values (1, 1, 5, 200109020030);
insert into SCARAB_ACTIVITY(ACTIVITY_ID, ISSUE_ID, ATTRIBUTE_ID, TRANSACTION_ID, NEW_VALUE, DESCRIPTION)
       values (1, 1, 11, 1, 'Docs are out of date.', 'Issue 1 had Description set to Docs are out of Date');
insert into SCARAB_ACTIVITY(ACTIVITY_ID, ISSUE_ID, ATTRIBUTE_ID, TRANSACTION_ID, NEW_OPTION_ID, DESCRIPTION)
       values (2, 1, 3, 1, 2, 'Issue 1 had Status set to New');

insert into SCARAB_ISSUE(ISSUE_ID, MODULE_ID, TYPE_ID, ID_PREFIX, ID_COUNT) 
       values (2, 2, 1, 'PACS', 1);
/* description */
insert into SCARAB_ISSUE_ATTRIBUTE_VALUE(VALUE_ID, ISSUE_ID, ATTRIBUTE_ID, VALUE) values (10, 2, 1, 'Items do not display correctly.');
/* summary */
insert into SCARAB_ISSUE_ATTRIBUTE_VALUE(VALUE_ID, ISSUE_ID, ATTRIBUTE_ID, VALUE) values (11, 2, 11, 'Dates display in long form instead of short form.');
/* assigned to visitor id 1 */
#insert into SCARAB_ISSUE_ATTRIBUTE_VALUE(VALUE_ID, ISSUE_ID, ATTRIBUTE_ID, USER_ID, VALUE) values (12, 2, 2, 1, 'jon');
/* status is New */
insert into SCARAB_ISSUE_ATTRIBUTE_VALUE(VALUE_ID, ISSUE_ID, ATTRIBUTE_ID, OPTION_ID, VALUE) values (13, 2, 3, 2, 'New');
/* resolution is verified */
insert into SCARAB_ISSUE_ATTRIBUTE_VALUE(VALUE_ID, ISSUE_ID, ATTRIBUTE_ID, OPTION_ID, VALUE) values (14, 2, 4, 6, 'verified');
/* platform is SGI */
insert into SCARAB_ISSUE_ATTRIBUTE_VALUE(VALUE_ID, ISSUE_ID, ATTRIBUTE_ID, OPTION_ID, VALUE) values (15, 2, 5, 20, 'PC');
/* os is OpenVMS */
insert into SCARAB_ISSUE_ATTRIBUTE_VALUE(VALUE_ID, ISSUE_ID, ATTRIBUTE_ID, OPTION_ID, VALUE) values (16, 2, 6, 75, 'Windows');
/* priority is p3 */
insert into SCARAB_ISSUE_ATTRIBUTE_VALUE(VALUE_ID, ISSUE_ID, ATTRIBUTE_ID, OPTION_ID, VALUE) values (17, 2, 7, 58, 'High');
/* severity is major */
insert into SCARAB_ISSUE_ATTRIBUTE_VALUE(VALUE_ID, ISSUE_ID, ATTRIBUTE_ID, OPTION_ID, VALUE) values (18, 2, 9, 65, 'normal');

/* add a transaction for the insertion */
insert into SCARAB_TRANSACTION(TRANSACTION_ID, TYPE_ID, CREATED_BY, CREATED_DATE)
       values (2, 1, 5, 200109030815);
insert into SCARAB_ACTIVITY(ACTIVITY_ID, ISSUE_ID, ATTRIBUTE_ID, TRANSACTION_ID, NEW_VALUE, DESCRIPTION)
       values (3, 2, 11, 2, 'Dates display in long form instead of short form.',
          "Issue 2 had Description set to 'Dates display in long form instead of short form'");
insert into SCARAB_ACTIVITY(ACTIVITY_ID, ISSUE_ID, ATTRIBUTE_ID, TRANSACTION_ID, NEW_OPTION_ID, DESCRIPTION)
       values (4, 2, 3, 2, 2, "Issue 2 had status set to New");


/* make this issue a child issue of issue 1 */
insert into SCARAB_DEPEND values (1, 2, 3, "No");

/*
 * populate module 1 with all options.
 * module_id, option_id, display_value, active, preferred order
 */
INSERT INTO SCARAB_R_MODULE_OPTION VALUES (1,1,NULL,1,1);
INSERT INTO SCARAB_R_MODULE_OPTION VALUES (1,2,NULL,1,2);
INSERT INTO SCARAB_R_MODULE_OPTION VALUES (1,3,NULL,1,3);
INSERT INTO SCARAB_R_MODULE_OPTION VALUES (1,4,NULL,1,4);
INSERT INTO SCARAB_R_MODULE_OPTION VALUES (1,5,NULL,1,5);
INSERT INTO SCARAB_R_MODULE_OPTION VALUES (1,6,NULL,1,6);
INSERT INTO SCARAB_R_MODULE_OPTION VALUES (1,7,NULL,1,7);
INSERT INTO SCARAB_R_MODULE_OPTION VALUES (1,8,NULL,1,1);
INSERT INTO SCARAB_R_MODULE_OPTION VALUES (1,9,NULL,1,2);
INSERT INTO SCARAB_R_MODULE_OPTION VALUES (1,10,NULL,1,3);
INSERT INTO SCARAB_R_MODULE_OPTION VALUES (1,11,NULL,1,4);
INSERT INTO SCARAB_R_MODULE_OPTION VALUES (1,12,NULL,1,5);
INSERT INTO SCARAB_R_MODULE_OPTION VALUES (1,13,NULL,1,6);
INSERT INTO SCARAB_R_MODULE_OPTION VALUES (1,14,NULL,1,7);
INSERT INTO SCARAB_R_MODULE_OPTION VALUES (1,15,NULL,1,8);
INSERT INTO SCARAB_R_MODULE_OPTION VALUES (1,16,NULL,1,1);
INSERT INTO SCARAB_R_MODULE_OPTION VALUES (1,17,NULL,1,2);
INSERT INTO SCARAB_R_MODULE_OPTION VALUES (1,18,NULL,1,3);
INSERT INTO SCARAB_R_MODULE_OPTION VALUES (1,19,NULL,1,4);
INSERT INTO SCARAB_R_MODULE_OPTION VALUES (1,20,NULL,1,5);
INSERT INTO SCARAB_R_MODULE_OPTION VALUES (1,21,NULL,1,6);
INSERT INTO SCARAB_R_MODULE_OPTION VALUES (1,22,NULL,1,7);
INSERT INTO SCARAB_R_MODULE_OPTION VALUES (1,23,NULL,1,8);
INSERT INTO SCARAB_R_MODULE_OPTION VALUES (1,24,NULL,1,1);
INSERT INTO SCARAB_R_MODULE_OPTION VALUES (1,25,NULL,1,3);
INSERT INTO SCARAB_R_MODULE_OPTION VALUES (1,26,NULL,1,4);
INSERT INTO SCARAB_R_MODULE_OPTION VALUES (1,27,NULL,1,5);
INSERT INTO SCARAB_R_MODULE_OPTION VALUES (1,28,NULL,1,6);
INSERT INTO SCARAB_R_MODULE_OPTION VALUES (1,29,NULL,1,7);
INSERT INTO SCARAB_R_MODULE_OPTION VALUES (1,30,NULL,1,8);
INSERT INTO SCARAB_R_MODULE_OPTION VALUES (1,31,NULL,1,10);
INSERT INTO SCARAB_R_MODULE_OPTION VALUES (1,32,NULL,1,11);
INSERT INTO SCARAB_R_MODULE_OPTION VALUES (1,33,NULL,1,12);
INSERT INTO SCARAB_R_MODULE_OPTION VALUES (1,34,NULL,1,13);
INSERT INTO SCARAB_R_MODULE_OPTION VALUES (1,35,NULL,1,14);
INSERT INTO SCARAB_R_MODULE_OPTION VALUES (1,36,NULL,1,15);
INSERT INTO SCARAB_R_MODULE_OPTION VALUES (1,37,NULL,1,16);
INSERT INTO SCARAB_R_MODULE_OPTION VALUES (1,38,NULL,1,18);
INSERT INTO SCARAB_R_MODULE_OPTION VALUES (1,39,NULL,1,28);
INSERT INTO SCARAB_R_MODULE_OPTION VALUES (1,40,NULL,1,24);
INSERT INTO SCARAB_R_MODULE_OPTION VALUES (1,41,NULL,1,25);
INSERT INTO SCARAB_R_MODULE_OPTION VALUES (1,42,NULL,1,26);
INSERT INTO SCARAB_R_MODULE_OPTION VALUES (1,43,NULL,1,29);
INSERT INTO SCARAB_R_MODULE_OPTION VALUES (1,44,NULL,1,30);
INSERT INTO SCARAB_R_MODULE_OPTION VALUES (1,45,NULL,1,31);
INSERT INTO SCARAB_R_MODULE_OPTION VALUES (1,46,NULL,1,34);
INSERT INTO SCARAB_R_MODULE_OPTION VALUES (1,47,NULL,0,39);
INSERT INTO SCARAB_R_MODULE_OPTION VALUES (1,48,NULL,0,42);
INSERT INTO SCARAB_R_MODULE_OPTION VALUES (1,49,NULL,0,41);
INSERT INTO SCARAB_R_MODULE_OPTION VALUES (1,50,NULL,1,35);
INSERT INTO SCARAB_R_MODULE_OPTION VALUES (1,51,NULL,1,32);
INSERT INTO SCARAB_R_MODULE_OPTION VALUES (1,52,NULL,1,33);
INSERT INTO SCARAB_R_MODULE_OPTION VALUES (1,53,NULL,1,40);
INSERT INTO SCARAB_R_MODULE_OPTION VALUES (1,54,NULL,1,1);
INSERT INTO SCARAB_R_MODULE_OPTION VALUES (1,55,NULL,1,2);
INSERT INTO SCARAB_R_MODULE_OPTION VALUES (1,56,NULL,1,3);
INSERT INTO SCARAB_R_MODULE_OPTION VALUES (1,57,NULL,1,4);
INSERT INTO SCARAB_R_MODULE_OPTION VALUES (1,58,NULL,1,1);
INSERT INTO SCARAB_R_MODULE_OPTION VALUES (1,59,NULL,1,2);
INSERT INTO SCARAB_R_MODULE_OPTION VALUES (1,60,NULL,1,3);
INSERT INTO SCARAB_R_MODULE_OPTION VALUES (1,61,NULL,1,4);
INSERT INTO SCARAB_R_MODULE_OPTION VALUES (1,62,NULL,1,1);
INSERT INTO SCARAB_R_MODULE_OPTION VALUES (1,63,NULL,1,2);
INSERT INTO SCARAB_R_MODULE_OPTION VALUES (1,64,NULL,1,3);
INSERT INTO SCARAB_R_MODULE_OPTION VALUES (1,65,NULL,1,4);
INSERT INTO SCARAB_R_MODULE_OPTION VALUES (1,66,NULL,1,5);
INSERT INTO SCARAB_R_MODULE_OPTION VALUES (1,67,NULL,1,6);
INSERT INTO SCARAB_R_MODULE_OPTION VALUES (1,68,NULL,1,7);
INSERT INTO SCARAB_R_MODULE_OPTION VALUES (1,69,NULL,1,8);
INSERT INTO SCARAB_R_MODULE_OPTION VALUES (1,70,NULL,1,9);
INSERT INTO SCARAB_R_MODULE_OPTION VALUES (1,71,NULL,1,10);
INSERT INTO SCARAB_R_MODULE_OPTION VALUES (1,72,NULL,1,1);
INSERT INTO SCARAB_R_MODULE_OPTION VALUES (1,73,NULL,1,2);
INSERT INTO SCARAB_R_MODULE_OPTION VALUES (1,74,NULL,1,3);
INSERT INTO SCARAB_R_MODULE_OPTION VALUES (1,75,NULL,1,2);
INSERT INTO SCARAB_R_MODULE_OPTION VALUES (1,76,NULL,1,9);
INSERT INTO SCARAB_R_MODULE_OPTION VALUES (1,77,NULL,1,17);
INSERT INTO SCARAB_R_MODULE_OPTION VALUES (1,78,NULL,0,19);
INSERT INTO SCARAB_R_MODULE_OPTION VALUES (1,79,NULL,0,20);
INSERT INTO SCARAB_R_MODULE_OPTION VALUES (1,80,NULL,0,21);
INSERT INTO SCARAB_R_MODULE_OPTION VALUES (1,81,NULL,0,22);
INSERT INTO SCARAB_R_MODULE_OPTION VALUES (1,82,NULL,1,23);
INSERT INTO SCARAB_R_MODULE_OPTION VALUES (1,83,NULL,1,27);
INSERT INTO SCARAB_R_MODULE_OPTION VALUES (1,84,NULL,1,38);
INSERT INTO SCARAB_R_MODULE_OPTION VALUES (1,85,NULL,1,36);
INSERT INTO SCARAB_R_MODULE_OPTION VALUES (1,86,NULL,0,37);
INSERT INTO SCARAB_R_MODULE_OPTION VALUES (1,87,NULL,1,17);
INSERT INTO SCARAB_R_MODULE_OPTION VALUES (1,88,NULL,1,1);
INSERT INTO SCARAB_R_MODULE_OPTION VALUES (1,89,NULL,1,2);
INSERT INTO SCARAB_R_MODULE_OPTION VALUES (1,90,NULL,1,3);



/*
 * populate module 2 with all options.
 * module_id, option_id, display_value, active, preferred order
 */
INSERT INTO SCARAB_R_MODULE_OPTION VALUES (2,1,NULL,1,1);
INSERT INTO SCARAB_R_MODULE_OPTION VALUES (2,2,NULL,1,2);
INSERT INTO SCARAB_R_MODULE_OPTION VALUES (2,3,NULL,1,3);
INSERT INTO SCARAB_R_MODULE_OPTION VALUES (2,4,NULL,1,4);
INSERT INTO SCARAB_R_MODULE_OPTION VALUES (2,5,NULL,1,5);
INSERT INTO SCARAB_R_MODULE_OPTION VALUES (2,6,NULL,1,6);
INSERT INTO SCARAB_R_MODULE_OPTION VALUES (2,7,NULL,1,7);
INSERT INTO SCARAB_R_MODULE_OPTION VALUES (2,8,NULL,1,1);
INSERT INTO SCARAB_R_MODULE_OPTION VALUES (2,9,NULL,1,2);
INSERT INTO SCARAB_R_MODULE_OPTION VALUES (2,10,NULL,1,3);
INSERT INTO SCARAB_R_MODULE_OPTION VALUES (2,11,NULL,1,4);
INSERT INTO SCARAB_R_MODULE_OPTION VALUES (2,12,NULL,1,5);
INSERT INTO SCARAB_R_MODULE_OPTION VALUES (2,13,NULL,1,6);
INSERT INTO SCARAB_R_MODULE_OPTION VALUES (2,14,NULL,1,7);
INSERT INTO SCARAB_R_MODULE_OPTION VALUES (2,15,NULL,1,8);
INSERT INTO SCARAB_R_MODULE_OPTION VALUES (2,16,NULL,1,1);
INSERT INTO SCARAB_R_MODULE_OPTION VALUES (2,17,NULL,1,2);
INSERT INTO SCARAB_R_MODULE_OPTION VALUES (2,18,NULL,1,3);
INSERT INTO SCARAB_R_MODULE_OPTION VALUES (2,19,NULL,1,4);
INSERT INTO SCARAB_R_MODULE_OPTION VALUES (2,20,NULL,1,5);
INSERT INTO SCARAB_R_MODULE_OPTION VALUES (2,21,NULL,1,6);
INSERT INTO SCARAB_R_MODULE_OPTION VALUES (2,22,NULL,1,7);
INSERT INTO SCARAB_R_MODULE_OPTION VALUES (2,23,NULL,1,8);
INSERT INTO SCARAB_R_MODULE_OPTION VALUES (2,24,NULL,1,1);
INSERT INTO SCARAB_R_MODULE_OPTION VALUES (2,25,NULL,1,3);
INSERT INTO SCARAB_R_MODULE_OPTION VALUES (2,26,NULL,1,4);
INSERT INTO SCARAB_R_MODULE_OPTION VALUES (2,27,NULL,1,5);
INSERT INTO SCARAB_R_MODULE_OPTION VALUES (2,28,NULL,1,6);
INSERT INTO SCARAB_R_MODULE_OPTION VALUES (2,29,NULL,1,7);
INSERT INTO SCARAB_R_MODULE_OPTION VALUES (2,30,NULL,1,8);
INSERT INTO SCARAB_R_MODULE_OPTION VALUES (2,31,NULL,1,10);
INSERT INTO SCARAB_R_MODULE_OPTION VALUES (2,32,NULL,1,11);
INSERT INTO SCARAB_R_MODULE_OPTION VALUES (2,33,NULL,1,12);
INSERT INTO SCARAB_R_MODULE_OPTION VALUES (2,34,NULL,1,13);
INSERT INTO SCARAB_R_MODULE_OPTION VALUES (2,35,NULL,1,14);
INSERT INTO SCARAB_R_MODULE_OPTION VALUES (2,36,NULL,1,15);
INSERT INTO SCARAB_R_MODULE_OPTION VALUES (2,37,NULL,1,16);
INSERT INTO SCARAB_R_MODULE_OPTION VALUES (2,38,NULL,1,18);
INSERT INTO SCARAB_R_MODULE_OPTION VALUES (2,39,NULL,1,28);
INSERT INTO SCARAB_R_MODULE_OPTION VALUES (2,40,NULL,1,24);
INSERT INTO SCARAB_R_MODULE_OPTION VALUES (2,41,NULL,1,25);
INSERT INTO SCARAB_R_MODULE_OPTION VALUES (2,42,NULL,1,26);
INSERT INTO SCARAB_R_MODULE_OPTION VALUES (2,43,NULL,1,29);
INSERT INTO SCARAB_R_MODULE_OPTION VALUES (2,44,NULL,1,30);
INSERT INTO SCARAB_R_MODULE_OPTION VALUES (2,45,NULL,1,31);
INSERT INTO SCARAB_R_MODULE_OPTION VALUES (2,46,NULL,1,34);
INSERT INTO SCARAB_R_MODULE_OPTION VALUES (2,47,NULL,0,39);
INSERT INTO SCARAB_R_MODULE_OPTION VALUES (2,48,NULL,0,42);
INSERT INTO SCARAB_R_MODULE_OPTION VALUES (2,49,NULL,0,41);
INSERT INTO SCARAB_R_MODULE_OPTION VALUES (2,50,NULL,1,35);
INSERT INTO SCARAB_R_MODULE_OPTION VALUES (2,51,NULL,1,32);
INSERT INTO SCARAB_R_MODULE_OPTION VALUES (2,52,NULL,1,33);
INSERT INTO SCARAB_R_MODULE_OPTION VALUES (2,53,NULL,1,40);
INSERT INTO SCARAB_R_MODULE_OPTION VALUES (2,54,NULL,1,1);
INSERT INTO SCARAB_R_MODULE_OPTION VALUES (2,55,NULL,1,2);
INSERT INTO SCARAB_R_MODULE_OPTION VALUES (2,56,NULL,1,3);
INSERT INTO SCARAB_R_MODULE_OPTION VALUES (2,57,NULL,1,4);
INSERT INTO SCARAB_R_MODULE_OPTION VALUES (2,58,NULL,1,1);
INSERT INTO SCARAB_R_MODULE_OPTION VALUES (2,59,NULL,1,2);
INSERT INTO SCARAB_R_MODULE_OPTION VALUES (2,60,NULL,1,3);
INSERT INTO SCARAB_R_MODULE_OPTION VALUES (2,61,NULL,1,4);
INSERT INTO SCARAB_R_MODULE_OPTION VALUES (2,62,NULL,1,1);
INSERT INTO SCARAB_R_MODULE_OPTION VALUES (2,63,NULL,1,2);
INSERT INTO SCARAB_R_MODULE_OPTION VALUES (2,64,NULL,1,3);
INSERT INTO SCARAB_R_MODULE_OPTION VALUES (2,65,NULL,1,4);
INSERT INTO SCARAB_R_MODULE_OPTION VALUES (2,66,NULL,1,5);
INSERT INTO SCARAB_R_MODULE_OPTION VALUES (2,67,NULL,1,6);
INSERT INTO SCARAB_R_MODULE_OPTION VALUES (2,68,NULL,1,7);
INSERT INTO SCARAB_R_MODULE_OPTION VALUES (2,69,NULL,1,8);
INSERT INTO SCARAB_R_MODULE_OPTION VALUES (2,70,NULL,1,9);
INSERT INTO SCARAB_R_MODULE_OPTION VALUES (2,71,NULL,1,10);
INSERT INTO SCARAB_R_MODULE_OPTION VALUES (2,72,NULL,1,1);
INSERT INTO SCARAB_R_MODULE_OPTION VALUES (2,73,NULL,1,2);
INSERT INTO SCARAB_R_MODULE_OPTION VALUES (2,74,NULL,1,3);
INSERT INTO SCARAB_R_MODULE_OPTION VALUES (2,75,NULL,1,2);
INSERT INTO SCARAB_R_MODULE_OPTION VALUES (2,76,NULL,1,9);
INSERT INTO SCARAB_R_MODULE_OPTION VALUES (2,77,NULL,1,17);
INSERT INTO SCARAB_R_MODULE_OPTION VALUES (2,78,NULL,0,19);
INSERT INTO SCARAB_R_MODULE_OPTION VALUES (2,79,NULL,0,20);
INSERT INTO SCARAB_R_MODULE_OPTION VALUES (2,80,NULL,0,21);
INSERT INTO SCARAB_R_MODULE_OPTION VALUES (2,81,NULL,0,22);
INSERT INTO SCARAB_R_MODULE_OPTION VALUES (2,82,NULL,1,23);
INSERT INTO SCARAB_R_MODULE_OPTION VALUES (2,83,NULL,1,27);
INSERT INTO SCARAB_R_MODULE_OPTION VALUES (2,84,NULL,1,38);
INSERT INTO SCARAB_R_MODULE_OPTION VALUES (2,85,NULL,1,36);
INSERT INTO SCARAB_R_MODULE_OPTION VALUES (2,86,NULL,0,37);
INSERT INTO SCARAB_R_MODULE_OPTION VALUES (2,87,NULL,1,17);
INSERT INTO SCARAB_R_MODULE_OPTION VALUES (2,88,NULL,1,1);
INSERT INTO SCARAB_R_MODULE_OPTION VALUES (2,89,NULL,1,2);
INSERT INTO SCARAB_R_MODULE_OPTION VALUES (2,90,NULL,1,3);


/*
 * populate module 3 with all options.
 * module_id, option_id, display_value, active, preferred order
 */
INSERT INTO SCARAB_R_MODULE_OPTION VALUES (3,1,NULL,1,1);
INSERT INTO SCARAB_R_MODULE_OPTION VALUES (3,2,NULL,1,2);
INSERT INTO SCARAB_R_MODULE_OPTION VALUES (3,3,NULL,1,3);
INSERT INTO SCARAB_R_MODULE_OPTION VALUES (3,4,NULL,1,4);
INSERT INTO SCARAB_R_MODULE_OPTION VALUES (3,5,NULL,1,5);
INSERT INTO SCARAB_R_MODULE_OPTION VALUES (3,6,NULL,1,6);
INSERT INTO SCARAB_R_MODULE_OPTION VALUES (3,7,NULL,1,7);
INSERT INTO SCARAB_R_MODULE_OPTION VALUES (3,8,NULL,1,1);
INSERT INTO SCARAB_R_MODULE_OPTION VALUES (3,9,NULL,1,2);
INSERT INTO SCARAB_R_MODULE_OPTION VALUES (3,10,NULL,1,3);
INSERT INTO SCARAB_R_MODULE_OPTION VALUES (3,11,NULL,1,4);
INSERT INTO SCARAB_R_MODULE_OPTION VALUES (3,12,NULL,1,5);
INSERT INTO SCARAB_R_MODULE_OPTION VALUES (3,13,NULL,1,6);
INSERT INTO SCARAB_R_MODULE_OPTION VALUES (3,14,NULL,1,7);
INSERT INTO SCARAB_R_MODULE_OPTION VALUES (3,15,NULL,1,8);
INSERT INTO SCARAB_R_MODULE_OPTION VALUES (3,16,NULL,1,1);
INSERT INTO SCARAB_R_MODULE_OPTION VALUES (3,17,NULL,1,2);
INSERT INTO SCARAB_R_MODULE_OPTION VALUES (3,18,NULL,1,3);
INSERT INTO SCARAB_R_MODULE_OPTION VALUES (3,19,NULL,1,4);
INSERT INTO SCARAB_R_MODULE_OPTION VALUES (3,20,NULL,1,5);
INSERT INTO SCARAB_R_MODULE_OPTION VALUES (3,21,NULL,1,6);
INSERT INTO SCARAB_R_MODULE_OPTION VALUES (3,22,NULL,1,7);
INSERT INTO SCARAB_R_MODULE_OPTION VALUES (3,23,NULL,1,8);
INSERT INTO SCARAB_R_MODULE_OPTION VALUES (3,24,NULL,1,1);
INSERT INTO SCARAB_R_MODULE_OPTION VALUES (3,25,NULL,1,3);
INSERT INTO SCARAB_R_MODULE_OPTION VALUES (3,26,NULL,1,4);
INSERT INTO SCARAB_R_MODULE_OPTION VALUES (3,27,NULL,1,5);
INSERT INTO SCARAB_R_MODULE_OPTION VALUES (3,28,NULL,1,6);
INSERT INTO SCARAB_R_MODULE_OPTION VALUES (3,29,NULL,1,7);
INSERT INTO SCARAB_R_MODULE_OPTION VALUES (3,30,NULL,1,8);
INSERT INTO SCARAB_R_MODULE_OPTION VALUES (3,31,NULL,1,10);
INSERT INTO SCARAB_R_MODULE_OPTION VALUES (3,32,NULL,1,11);
INSERT INTO SCARAB_R_MODULE_OPTION VALUES (3,33,NULL,1,12);
INSERT INTO SCARAB_R_MODULE_OPTION VALUES (3,34,NULL,1,13);
INSERT INTO SCARAB_R_MODULE_OPTION VALUES (3,35,NULL,1,14);
INSERT INTO SCARAB_R_MODULE_OPTION VALUES (3,36,NULL,1,15);
INSERT INTO SCARAB_R_MODULE_OPTION VALUES (3,37,NULL,1,16);
INSERT INTO SCARAB_R_MODULE_OPTION VALUES (3,38,NULL,1,18);
INSERT INTO SCARAB_R_MODULE_OPTION VALUES (3,39,NULL,1,28);
INSERT INTO SCARAB_R_MODULE_OPTION VALUES (3,40,NULL,1,24);
INSERT INTO SCARAB_R_MODULE_OPTION VALUES (3,41,NULL,1,25);
INSERT INTO SCARAB_R_MODULE_OPTION VALUES (3,42,NULL,1,26);
INSERT INTO SCARAB_R_MODULE_OPTION VALUES (3,43,NULL,1,29);
INSERT INTO SCARAB_R_MODULE_OPTION VALUES (3,44,NULL,1,30);
INSERT INTO SCARAB_R_MODULE_OPTION VALUES (3,45,NULL,1,31);
INSERT INTO SCARAB_R_MODULE_OPTION VALUES (3,46,NULL,1,34);
INSERT INTO SCARAB_R_MODULE_OPTION VALUES (3,47,NULL,0,39);
INSERT INTO SCARAB_R_MODULE_OPTION VALUES (3,48,NULL,0,42);
INSERT INTO SCARAB_R_MODULE_OPTION VALUES (3,49,NULL,0,41);
INSERT INTO SCARAB_R_MODULE_OPTION VALUES (3,50,NULL,1,35);
INSERT INTO SCARAB_R_MODULE_OPTION VALUES (3,51,NULL,1,32);
INSERT INTO SCARAB_R_MODULE_OPTION VALUES (3,52,NULL,1,33);
INSERT INTO SCARAB_R_MODULE_OPTION VALUES (3,53,NULL,1,40);
INSERT INTO SCARAB_R_MODULE_OPTION VALUES (3,54,NULL,1,1);
INSERT INTO SCARAB_R_MODULE_OPTION VALUES (3,55,NULL,1,2);
INSERT INTO SCARAB_R_MODULE_OPTION VALUES (3,56,NULL,1,3);
INSERT INTO SCARAB_R_MODULE_OPTION VALUES (3,57,NULL,1,4);
INSERT INTO SCARAB_R_MODULE_OPTION VALUES (3,58,NULL,1,1);
INSERT INTO SCARAB_R_MODULE_OPTION VALUES (3,59,NULL,1,2);
INSERT INTO SCARAB_R_MODULE_OPTION VALUES (3,60,NULL,1,3);
INSERT INTO SCARAB_R_MODULE_OPTION VALUES (3,61,NULL,1,4);
INSERT INTO SCARAB_R_MODULE_OPTION VALUES (3,62,NULL,1,1);
INSERT INTO SCARAB_R_MODULE_OPTION VALUES (3,63,NULL,1,2);
INSERT INTO SCARAB_R_MODULE_OPTION VALUES (3,64,NULL,1,3);
INSERT INTO SCARAB_R_MODULE_OPTION VALUES (3,65,NULL,1,4);
INSERT INTO SCARAB_R_MODULE_OPTION VALUES (3,66,NULL,1,5);
INSERT INTO SCARAB_R_MODULE_OPTION VALUES (3,67,NULL,1,6);
INSERT INTO SCARAB_R_MODULE_OPTION VALUES (3,68,NULL,1,7);
INSERT INTO SCARAB_R_MODULE_OPTION VALUES (3,69,NULL,1,8);
INSERT INTO SCARAB_R_MODULE_OPTION VALUES (3,70,NULL,1,9);
INSERT INTO SCARAB_R_MODULE_OPTION VALUES (3,71,NULL,1,10);
INSERT INTO SCARAB_R_MODULE_OPTION VALUES (3,72,NULL,1,1);
INSERT INTO SCARAB_R_MODULE_OPTION VALUES (3,73,NULL,1,2);
INSERT INTO SCARAB_R_MODULE_OPTION VALUES (3,74,NULL,1,3);
INSERT INTO SCARAB_R_MODULE_OPTION VALUES (3,75,NULL,1,2);
INSERT INTO SCARAB_R_MODULE_OPTION VALUES (3,76,NULL,1,9);
INSERT INTO SCARAB_R_MODULE_OPTION VALUES (3,77,NULL,1,17);
INSERT INTO SCARAB_R_MODULE_OPTION VALUES (3,78,NULL,0,19);
INSERT INTO SCARAB_R_MODULE_OPTION VALUES (3,79,NULL,0,20);
INSERT INTO SCARAB_R_MODULE_OPTION VALUES (3,80,NULL,0,21);
INSERT INTO SCARAB_R_MODULE_OPTION VALUES (3,81,NULL,0,22);
INSERT INTO SCARAB_R_MODULE_OPTION VALUES (3,82,NULL,1,23);
INSERT INTO SCARAB_R_MODULE_OPTION VALUES (3,83,NULL,1,27);
INSERT INTO SCARAB_R_MODULE_OPTION VALUES (3,84,NULL,1,38);
INSERT INTO SCARAB_R_MODULE_OPTION VALUES (3,85,NULL,1,36);
INSERT INTO SCARAB_R_MODULE_OPTION VALUES (3,86,NULL,0,37);
INSERT INTO SCARAB_R_MODULE_OPTION VALUES (3,87,NULL,1,17);
INSERT INTO SCARAB_R_MODULE_OPTION VALUES (3,88,NULL,1,1);
INSERT INTO SCARAB_R_MODULE_OPTION VALUES (3,89,NULL,1,2);
INSERT INTO SCARAB_R_MODULE_OPTION VALUES (3,90,NULL,1,3);


/*
 * populate module 4 with all options.
 * module_id, option_id, display_value, active, preferred order
 */
INSERT INTO SCARAB_R_MODULE_OPTION VALUES (4,1,NULL,1,1);
INSERT INTO SCARAB_R_MODULE_OPTION VALUES (4,2,NULL,1,2);
INSERT INTO SCARAB_R_MODULE_OPTION VALUES (4,3,NULL,1,3);
INSERT INTO SCARAB_R_MODULE_OPTION VALUES (4,4,NULL,1,4);
INSERT INTO SCARAB_R_MODULE_OPTION VALUES (4,5,NULL,1,5);
INSERT INTO SCARAB_R_MODULE_OPTION VALUES (4,6,NULL,1,6);
INSERT INTO SCARAB_R_MODULE_OPTION VALUES (4,7,NULL,1,7);
INSERT INTO SCARAB_R_MODULE_OPTION VALUES (4,8,NULL,1,1);
INSERT INTO SCARAB_R_MODULE_OPTION VALUES (4,9,NULL,1,2);
INSERT INTO SCARAB_R_MODULE_OPTION VALUES (4,10,NULL,1,3);
INSERT INTO SCARAB_R_MODULE_OPTION VALUES (4,11,NULL,1,4);
INSERT INTO SCARAB_R_MODULE_OPTION VALUES (4,12,NULL,1,5);
INSERT INTO SCARAB_R_MODULE_OPTION VALUES (4,13,NULL,1,6);
INSERT INTO SCARAB_R_MODULE_OPTION VALUES (4,14,NULL,1,7);
INSERT INTO SCARAB_R_MODULE_OPTION VALUES (4,15,NULL,1,8);
INSERT INTO SCARAB_R_MODULE_OPTION VALUES (4,16,NULL,1,1);
INSERT INTO SCARAB_R_MODULE_OPTION VALUES (4,17,NULL,1,2);
INSERT INTO SCARAB_R_MODULE_OPTION VALUES (4,18,NULL,1,3);
INSERT INTO SCARAB_R_MODULE_OPTION VALUES (4,19,NULL,1,4);
INSERT INTO SCARAB_R_MODULE_OPTION VALUES (4,20,NULL,1,5);
INSERT INTO SCARAB_R_MODULE_OPTION VALUES (4,21,NULL,1,6);
INSERT INTO SCARAB_R_MODULE_OPTION VALUES (4,22,NULL,1,7);
INSERT INTO SCARAB_R_MODULE_OPTION VALUES (4,23,NULL,1,8);
INSERT INTO SCARAB_R_MODULE_OPTION VALUES (4,24,NULL,1,1);
INSERT INTO SCARAB_R_MODULE_OPTION VALUES (4,25,NULL,1,3);
INSERT INTO SCARAB_R_MODULE_OPTION VALUES (4,26,NULL,1,4);
INSERT INTO SCARAB_R_MODULE_OPTION VALUES (4,27,NULL,1,5);
INSERT INTO SCARAB_R_MODULE_OPTION VALUES (4,28,NULL,1,6);
INSERT INTO SCARAB_R_MODULE_OPTION VALUES (4,29,NULL,1,7);
INSERT INTO SCARAB_R_MODULE_OPTION VALUES (4,30,NULL,1,8);
INSERT INTO SCARAB_R_MODULE_OPTION VALUES (4,31,NULL,1,10);
INSERT INTO SCARAB_R_MODULE_OPTION VALUES (4,32,NULL,1,11);
INSERT INTO SCARAB_R_MODULE_OPTION VALUES (4,33,NULL,1,12);
INSERT INTO SCARAB_R_MODULE_OPTION VALUES (4,34,NULL,1,13);
INSERT INTO SCARAB_R_MODULE_OPTION VALUES (4,35,NULL,1,14);
INSERT INTO SCARAB_R_MODULE_OPTION VALUES (4,36,NULL,1,15);
INSERT INTO SCARAB_R_MODULE_OPTION VALUES (4,37,NULL,1,16);
INSERT INTO SCARAB_R_MODULE_OPTION VALUES (4,38,NULL,1,18);
INSERT INTO SCARAB_R_MODULE_OPTION VALUES (4,39,NULL,1,28);
INSERT INTO SCARAB_R_MODULE_OPTION VALUES (4,40,NULL,1,24);
INSERT INTO SCARAB_R_MODULE_OPTION VALUES (4,41,NULL,1,25);
INSERT INTO SCARAB_R_MODULE_OPTION VALUES (4,42,NULL,1,26);
INSERT INTO SCARAB_R_MODULE_OPTION VALUES (4,43,NULL,1,29);
INSERT INTO SCARAB_R_MODULE_OPTION VALUES (4,44,NULL,1,30);
INSERT INTO SCARAB_R_MODULE_OPTION VALUES (4,45,NULL,1,31);
INSERT INTO SCARAB_R_MODULE_OPTION VALUES (4,46,NULL,1,34);
INSERT INTO SCARAB_R_MODULE_OPTION VALUES (4,47,NULL,0,39);
INSERT INTO SCARAB_R_MODULE_OPTION VALUES (4,48,NULL,0,42);
INSERT INTO SCARAB_R_MODULE_OPTION VALUES (4,49,NULL,0,41);
INSERT INTO SCARAB_R_MODULE_OPTION VALUES (4,50,NULL,1,35);
INSERT INTO SCARAB_R_MODULE_OPTION VALUES (4,51,NULL,1,32);
INSERT INTO SCARAB_R_MODULE_OPTION VALUES (4,52,NULL,1,33);
INSERT INTO SCARAB_R_MODULE_OPTION VALUES (4,53,NULL,1,40);
INSERT INTO SCARAB_R_MODULE_OPTION VALUES (4,54,NULL,1,1);
INSERT INTO SCARAB_R_MODULE_OPTION VALUES (4,55,NULL,1,2);
INSERT INTO SCARAB_R_MODULE_OPTION VALUES (4,56,NULL,1,3);
INSERT INTO SCARAB_R_MODULE_OPTION VALUES (4,57,NULL,1,4);
INSERT INTO SCARAB_R_MODULE_OPTION VALUES (4,58,NULL,1,1);
INSERT INTO SCARAB_R_MODULE_OPTION VALUES (4,59,NULL,1,2);
INSERT INTO SCARAB_R_MODULE_OPTION VALUES (4,60,NULL,1,3);
INSERT INTO SCARAB_R_MODULE_OPTION VALUES (4,61,NULL,1,4);
INSERT INTO SCARAB_R_MODULE_OPTION VALUES (4,62,NULL,1,1);
INSERT INTO SCARAB_R_MODULE_OPTION VALUES (4,63,NULL,1,2);
INSERT INTO SCARAB_R_MODULE_OPTION VALUES (4,64,NULL,1,3);
INSERT INTO SCARAB_R_MODULE_OPTION VALUES (4,65,NULL,1,4);
INSERT INTO SCARAB_R_MODULE_OPTION VALUES (4,66,NULL,1,5);
INSERT INTO SCARAB_R_MODULE_OPTION VALUES (4,67,NULL,1,6);
INSERT INTO SCARAB_R_MODULE_OPTION VALUES (4,68,NULL,1,7);
INSERT INTO SCARAB_R_MODULE_OPTION VALUES (4,69,NULL,1,8);
INSERT INTO SCARAB_R_MODULE_OPTION VALUES (4,70,NULL,1,9);
INSERT INTO SCARAB_R_MODULE_OPTION VALUES (4,71,NULL,1,10);
INSERT INTO SCARAB_R_MODULE_OPTION VALUES (4,72,NULL,1,1);
INSERT INTO SCARAB_R_MODULE_OPTION VALUES (4,73,NULL,1,2);
INSERT INTO SCARAB_R_MODULE_OPTION VALUES (4,74,NULL,1,3);
INSERT INTO SCARAB_R_MODULE_OPTION VALUES (4,75,NULL,1,2);
INSERT INTO SCARAB_R_MODULE_OPTION VALUES (4,76,NULL,1,9);
INSERT INTO SCARAB_R_MODULE_OPTION VALUES (4,77,NULL,1,17);
INSERT INTO SCARAB_R_MODULE_OPTION VALUES (4,78,NULL,0,19);
INSERT INTO SCARAB_R_MODULE_OPTION VALUES (4,79,NULL,0,20);
INSERT INTO SCARAB_R_MODULE_OPTION VALUES (4,80,NULL,0,21);
INSERT INTO SCARAB_R_MODULE_OPTION VALUES (4,81,NULL,0,22);
INSERT INTO SCARAB_R_MODULE_OPTION VALUES (4,82,NULL,1,23);
INSERT INTO SCARAB_R_MODULE_OPTION VALUES (4,83,NULL,1,27);
INSERT INTO SCARAB_R_MODULE_OPTION VALUES (4,84,NULL,1,38);
INSERT INTO SCARAB_R_MODULE_OPTION VALUES (4,85,NULL,1,36);
INSERT INTO SCARAB_R_MODULE_OPTION VALUES (4,86,NULL,0,37);
INSERT INTO SCARAB_R_MODULE_OPTION VALUES (4,87,NULL,1,17);
INSERT INTO SCARAB_R_MODULE_OPTION VALUES (4,88,NULL,1,1);
INSERT INTO SCARAB_R_MODULE_OPTION VALUES (4,89,NULL,1,2);
INSERT INTO SCARAB_R_MODULE_OPTION VALUES (4,90,NULL,1,3);


/*
 * populate module 5 with all options.
 * module_id, option_id, display_value, active, preferred order
 */
INSERT INTO SCARAB_R_MODULE_OPTION VALUES (5,1,NULL,1,1);
INSERT INTO SCARAB_R_MODULE_OPTION VALUES (5,2,NULL,1,2);
INSERT INTO SCARAB_R_MODULE_OPTION VALUES (5,3,NULL,1,3);
INSERT INTO SCARAB_R_MODULE_OPTION VALUES (5,4,NULL,1,4);
INSERT INTO SCARAB_R_MODULE_OPTION VALUES (5,5,NULL,1,5);
INSERT INTO SCARAB_R_MODULE_OPTION VALUES (5,6,NULL,1,6);
INSERT INTO SCARAB_R_MODULE_OPTION VALUES (5,7,NULL,1,7);
INSERT INTO SCARAB_R_MODULE_OPTION VALUES (5,8,NULL,1,1);
INSERT INTO SCARAB_R_MODULE_OPTION VALUES (5,9,NULL,1,2);
INSERT INTO SCARAB_R_MODULE_OPTION VALUES (5,10,NULL,1,3);
INSERT INTO SCARAB_R_MODULE_OPTION VALUES (5,11,NULL,1,4);
INSERT INTO SCARAB_R_MODULE_OPTION VALUES (5,12,NULL,1,5);
INSERT INTO SCARAB_R_MODULE_OPTION VALUES (5,13,NULL,1,6);
INSERT INTO SCARAB_R_MODULE_OPTION VALUES (5,14,NULL,1,7);
INSERT INTO SCARAB_R_MODULE_OPTION VALUES (5,15,NULL,1,8);
INSERT INTO SCARAB_R_MODULE_OPTION VALUES (5,16,NULL,1,1);
INSERT INTO SCARAB_R_MODULE_OPTION VALUES (5,17,NULL,1,2);
INSERT INTO SCARAB_R_MODULE_OPTION VALUES (5,18,NULL,1,3);
INSERT INTO SCARAB_R_MODULE_OPTION VALUES (5,19,NULL,1,4);
INSERT INTO SCARAB_R_MODULE_OPTION VALUES (5,20,NULL,1,5);
INSERT INTO SCARAB_R_MODULE_OPTION VALUES (5,21,NULL,1,6);
INSERT INTO SCARAB_R_MODULE_OPTION VALUES (5,22,NULL,1,7);
INSERT INTO SCARAB_R_MODULE_OPTION VALUES (5,23,NULL,1,8);
INSERT INTO SCARAB_R_MODULE_OPTION VALUES (5,24,NULL,1,1);
INSERT INTO SCARAB_R_MODULE_OPTION VALUES (5,25,NULL,1,3);
INSERT INTO SCARAB_R_MODULE_OPTION VALUES (5,26,NULL,1,4);
INSERT INTO SCARAB_R_MODULE_OPTION VALUES (5,27,NULL,1,5);
INSERT INTO SCARAB_R_MODULE_OPTION VALUES (5,28,NULL,1,6);
INSERT INTO SCARAB_R_MODULE_OPTION VALUES (5,29,NULL,1,7);
INSERT INTO SCARAB_R_MODULE_OPTION VALUES (5,30,NULL,1,8);
INSERT INTO SCARAB_R_MODULE_OPTION VALUES (5,31,NULL,1,10);
INSERT INTO SCARAB_R_MODULE_OPTION VALUES (5,32,NULL,1,11);
INSERT INTO SCARAB_R_MODULE_OPTION VALUES (5,33,NULL,1,12);
INSERT INTO SCARAB_R_MODULE_OPTION VALUES (5,34,NULL,1,13);
INSERT INTO SCARAB_R_MODULE_OPTION VALUES (5,35,NULL,1,14);
INSERT INTO SCARAB_R_MODULE_OPTION VALUES (5,36,NULL,1,15);
INSERT INTO SCARAB_R_MODULE_OPTION VALUES (5,37,NULL,1,16);
INSERT INTO SCARAB_R_MODULE_OPTION VALUES (5,38,NULL,1,18);
INSERT INTO SCARAB_R_MODULE_OPTION VALUES (5,39,NULL,1,28);
INSERT INTO SCARAB_R_MODULE_OPTION VALUES (5,40,NULL,1,24);
INSERT INTO SCARAB_R_MODULE_OPTION VALUES (5,41,NULL,1,25);
INSERT INTO SCARAB_R_MODULE_OPTION VALUES (5,42,NULL,1,26);
INSERT INTO SCARAB_R_MODULE_OPTION VALUES (5,43,NULL,1,29);
INSERT INTO SCARAB_R_MODULE_OPTION VALUES (5,44,NULL,1,30);
INSERT INTO SCARAB_R_MODULE_OPTION VALUES (5,45,NULL,1,31);
INSERT INTO SCARAB_R_MODULE_OPTION VALUES (5,46,NULL,1,34);
INSERT INTO SCARAB_R_MODULE_OPTION VALUES (5,47,NULL,0,39);
INSERT INTO SCARAB_R_MODULE_OPTION VALUES (5,48,NULL,0,42);
INSERT INTO SCARAB_R_MODULE_OPTION VALUES (5,49,NULL,0,41);
INSERT INTO SCARAB_R_MODULE_OPTION VALUES (5,50,NULL,1,35);
INSERT INTO SCARAB_R_MODULE_OPTION VALUES (5,51,NULL,1,32);
INSERT INTO SCARAB_R_MODULE_OPTION VALUES (5,52,NULL,1,33);
INSERT INTO SCARAB_R_MODULE_OPTION VALUES (5,53,NULL,1,40);
INSERT INTO SCARAB_R_MODULE_OPTION VALUES (5,54,NULL,1,1);
INSERT INTO SCARAB_R_MODULE_OPTION VALUES (5,55,NULL,1,2);
INSERT INTO SCARAB_R_MODULE_OPTION VALUES (5,56,NULL,1,3);
INSERT INTO SCARAB_R_MODULE_OPTION VALUES (5,57,NULL,1,4);
INSERT INTO SCARAB_R_MODULE_OPTION VALUES (5,58,NULL,1,1);
INSERT INTO SCARAB_R_MODULE_OPTION VALUES (5,59,NULL,1,2);
INSERT INTO SCARAB_R_MODULE_OPTION VALUES (5,60,NULL,1,3);
INSERT INTO SCARAB_R_MODULE_OPTION VALUES (5,61,NULL,1,4);
INSERT INTO SCARAB_R_MODULE_OPTION VALUES (5,62,NULL,1,1);
INSERT INTO SCARAB_R_MODULE_OPTION VALUES (5,63,NULL,1,2);
INSERT INTO SCARAB_R_MODULE_OPTION VALUES (5,64,NULL,1,3);
INSERT INTO SCARAB_R_MODULE_OPTION VALUES (5,65,NULL,1,4);
INSERT INTO SCARAB_R_MODULE_OPTION VALUES (5,66,NULL,1,5);
INSERT INTO SCARAB_R_MODULE_OPTION VALUES (5,67,NULL,1,6);
INSERT INTO SCARAB_R_MODULE_OPTION VALUES (5,68,NULL,1,7);
INSERT INTO SCARAB_R_MODULE_OPTION VALUES (5,69,NULL,1,8);
INSERT INTO SCARAB_R_MODULE_OPTION VALUES (5,70,NULL,1,9);
INSERT INTO SCARAB_R_MODULE_OPTION VALUES (5,71,NULL,1,10);
INSERT INTO SCARAB_R_MODULE_OPTION VALUES (5,72,NULL,1,1);
INSERT INTO SCARAB_R_MODULE_OPTION VALUES (5,73,NULL,1,2);
INSERT INTO SCARAB_R_MODULE_OPTION VALUES (5,74,NULL,1,3);
INSERT INTO SCARAB_R_MODULE_OPTION VALUES (5,75,NULL,1,2);
INSERT INTO SCARAB_R_MODULE_OPTION VALUES (5,76,NULL,1,9);
INSERT INTO SCARAB_R_MODULE_OPTION VALUES (5,77,NULL,1,17);
INSERT INTO SCARAB_R_MODULE_OPTION VALUES (5,78,NULL,0,19);
INSERT INTO SCARAB_R_MODULE_OPTION VALUES (5,79,NULL,0,20);
INSERT INTO SCARAB_R_MODULE_OPTION VALUES (5,80,NULL,0,21);
INSERT INTO SCARAB_R_MODULE_OPTION VALUES (5,81,NULL,0,22);
INSERT INTO SCARAB_R_MODULE_OPTION VALUES (5,82,NULL,1,23);
INSERT INTO SCARAB_R_MODULE_OPTION VALUES (5,83,NULL,1,27);
INSERT INTO SCARAB_R_MODULE_OPTION VALUES (5,84,NULL,1,38);
INSERT INTO SCARAB_R_MODULE_OPTION VALUES (5,85,NULL,1,36);
INSERT INTO SCARAB_R_MODULE_OPTION VALUES (5,86,NULL,0,37);
INSERT INTO SCARAB_R_MODULE_OPTION VALUES (5,87,NULL,1,17);
INSERT INTO SCARAB_R_MODULE_OPTION VALUES (5,88,NULL,1,1);
INSERT INTO SCARAB_R_MODULE_OPTION VALUES (5,89,NULL,1,2);
INSERT INTO SCARAB_R_MODULE_OPTION VALUES (5,90,NULL,1,3);


/*
 * populate module 6 with all options.
 * module_id, option_id, display_value, active, preferred order
 */
INSERT INTO SCARAB_R_MODULE_OPTION VALUES (6,1,NULL,1,1);
INSERT INTO SCARAB_R_MODULE_OPTION VALUES (6,2,NULL,1,2);
INSERT INTO SCARAB_R_MODULE_OPTION VALUES (6,3,NULL,1,3);
INSERT INTO SCARAB_R_MODULE_OPTION VALUES (6,4,NULL,1,4);
INSERT INTO SCARAB_R_MODULE_OPTION VALUES (6,5,NULL,1,5);
INSERT INTO SCARAB_R_MODULE_OPTION VALUES (6,6,NULL,1,6);
INSERT INTO SCARAB_R_MODULE_OPTION VALUES (6,7,NULL,1,7);
INSERT INTO SCARAB_R_MODULE_OPTION VALUES (6,8,NULL,1,1);
INSERT INTO SCARAB_R_MODULE_OPTION VALUES (6,9,NULL,1,2);
INSERT INTO SCARAB_R_MODULE_OPTION VALUES (6,10,NULL,1,3);
INSERT INTO SCARAB_R_MODULE_OPTION VALUES (6,11,NULL,1,4);
INSERT INTO SCARAB_R_MODULE_OPTION VALUES (6,12,NULL,1,5);
INSERT INTO SCARAB_R_MODULE_OPTION VALUES (6,13,NULL,1,6);
INSERT INTO SCARAB_R_MODULE_OPTION VALUES (6,14,NULL,1,7);
INSERT INTO SCARAB_R_MODULE_OPTION VALUES (6,15,NULL,1,8);
INSERT INTO SCARAB_R_MODULE_OPTION VALUES (6,16,NULL,1,1);
INSERT INTO SCARAB_R_MODULE_OPTION VALUES (6,17,NULL,1,2);
INSERT INTO SCARAB_R_MODULE_OPTION VALUES (6,18,NULL,1,3);
INSERT INTO SCARAB_R_MODULE_OPTION VALUES (6,19,NULL,1,4);
INSERT INTO SCARAB_R_MODULE_OPTION VALUES (6,20,NULL,1,5);
INSERT INTO SCARAB_R_MODULE_OPTION VALUES (6,21,NULL,1,6);
INSERT INTO SCARAB_R_MODULE_OPTION VALUES (6,22,NULL,1,7);
INSERT INTO SCARAB_R_MODULE_OPTION VALUES (6,23,NULL,1,8);
INSERT INTO SCARAB_R_MODULE_OPTION VALUES (6,24,NULL,1,1);
INSERT INTO SCARAB_R_MODULE_OPTION VALUES (6,25,NULL,1,3);
INSERT INTO SCARAB_R_MODULE_OPTION VALUES (6,26,NULL,1,4);
INSERT INTO SCARAB_R_MODULE_OPTION VALUES (6,27,NULL,1,5);
INSERT INTO SCARAB_R_MODULE_OPTION VALUES (6,28,NULL,1,6);
INSERT INTO SCARAB_R_MODULE_OPTION VALUES (6,29,NULL,1,7);
INSERT INTO SCARAB_R_MODULE_OPTION VALUES (6,30,NULL,1,8);
INSERT INTO SCARAB_R_MODULE_OPTION VALUES (6,31,NULL,1,10);
INSERT INTO SCARAB_R_MODULE_OPTION VALUES (6,32,NULL,1,11);
INSERT INTO SCARAB_R_MODULE_OPTION VALUES (6,33,NULL,1,12);
INSERT INTO SCARAB_R_MODULE_OPTION VALUES (6,34,NULL,1,13);
INSERT INTO SCARAB_R_MODULE_OPTION VALUES (6,35,NULL,1,14);
INSERT INTO SCARAB_R_MODULE_OPTION VALUES (6,36,NULL,1,15);
INSERT INTO SCARAB_R_MODULE_OPTION VALUES (6,37,NULL,1,16);
INSERT INTO SCARAB_R_MODULE_OPTION VALUES (6,38,NULL,1,18);
INSERT INTO SCARAB_R_MODULE_OPTION VALUES (6,39,NULL,1,28);
INSERT INTO SCARAB_R_MODULE_OPTION VALUES (6,40,NULL,1,24);
INSERT INTO SCARAB_R_MODULE_OPTION VALUES (6,41,NULL,1,25);
INSERT INTO SCARAB_R_MODULE_OPTION VALUES (6,42,NULL,1,26);
INSERT INTO SCARAB_R_MODULE_OPTION VALUES (6,43,NULL,1,29);
INSERT INTO SCARAB_R_MODULE_OPTION VALUES (6,44,NULL,1,30);
INSERT INTO SCARAB_R_MODULE_OPTION VALUES (6,45,NULL,1,31);
INSERT INTO SCARAB_R_MODULE_OPTION VALUES (6,46,NULL,1,34);
INSERT INTO SCARAB_R_MODULE_OPTION VALUES (6,47,NULL,0,39);
INSERT INTO SCARAB_R_MODULE_OPTION VALUES (6,48,NULL,0,42);
INSERT INTO SCARAB_R_MODULE_OPTION VALUES (6,49,NULL,0,41);
INSERT INTO SCARAB_R_MODULE_OPTION VALUES (6,50,NULL,1,35);
INSERT INTO SCARAB_R_MODULE_OPTION VALUES (6,51,NULL,1,32);
INSERT INTO SCARAB_R_MODULE_OPTION VALUES (6,52,NULL,1,33);
INSERT INTO SCARAB_R_MODULE_OPTION VALUES (6,53,NULL,1,40);
INSERT INTO SCARAB_R_MODULE_OPTION VALUES (6,54,NULL,1,1);
INSERT INTO SCARAB_R_MODULE_OPTION VALUES (6,55,NULL,1,2);
INSERT INTO SCARAB_R_MODULE_OPTION VALUES (6,56,NULL,1,3);
INSERT INTO SCARAB_R_MODULE_OPTION VALUES (6,57,NULL,1,4);
INSERT INTO SCARAB_R_MODULE_OPTION VALUES (6,58,NULL,1,1);
INSERT INTO SCARAB_R_MODULE_OPTION VALUES (6,59,NULL,1,2);
INSERT INTO SCARAB_R_MODULE_OPTION VALUES (6,60,NULL,1,3);
INSERT INTO SCARAB_R_MODULE_OPTION VALUES (6,61,NULL,1,4);
INSERT INTO SCARAB_R_MODULE_OPTION VALUES (6,62,NULL,1,1);
INSERT INTO SCARAB_R_MODULE_OPTION VALUES (6,63,NULL,1,2);
INSERT INTO SCARAB_R_MODULE_OPTION VALUES (6,64,NULL,1,3);
INSERT INTO SCARAB_R_MODULE_OPTION VALUES (6,65,NULL,1,4);
INSERT INTO SCARAB_R_MODULE_OPTION VALUES (6,66,NULL,1,5);
INSERT INTO SCARAB_R_MODULE_OPTION VALUES (6,67,NULL,1,6);
INSERT INTO SCARAB_R_MODULE_OPTION VALUES (6,68,NULL,1,7);
INSERT INTO SCARAB_R_MODULE_OPTION VALUES (6,69,NULL,1,8);
INSERT INTO SCARAB_R_MODULE_OPTION VALUES (6,70,NULL,1,9);
INSERT INTO SCARAB_R_MODULE_OPTION VALUES (6,71,NULL,1,10);
INSERT INTO SCARAB_R_MODULE_OPTION VALUES (6,72,NULL,1,1);
INSERT INTO SCARAB_R_MODULE_OPTION VALUES (6,73,NULL,1,2);
INSERT INTO SCARAB_R_MODULE_OPTION VALUES (6,74,NULL,1,3);
INSERT INTO SCARAB_R_MODULE_OPTION VALUES (6,75,NULL,1,2);
INSERT INTO SCARAB_R_MODULE_OPTION VALUES (6,76,NULL,1,9);
INSERT INTO SCARAB_R_MODULE_OPTION VALUES (6,77,NULL,1,17);
INSERT INTO SCARAB_R_MODULE_OPTION VALUES (6,78,NULL,0,19);
INSERT INTO SCARAB_R_MODULE_OPTION VALUES (6,79,NULL,0,20);
INSERT INTO SCARAB_R_MODULE_OPTION VALUES (6,80,NULL,0,21);
INSERT INTO SCARAB_R_MODULE_OPTION VALUES (6,81,NULL,0,22);
INSERT INTO SCARAB_R_MODULE_OPTION VALUES (6,82,NULL,1,23);
INSERT INTO SCARAB_R_MODULE_OPTION VALUES (6,83,NULL,1,27);
INSERT INTO SCARAB_R_MODULE_OPTION VALUES (6,84,NULL,1,38);
INSERT INTO SCARAB_R_MODULE_OPTION VALUES (6,85,NULL,1,36);
INSERT INTO SCARAB_R_MODULE_OPTION VALUES (6,86,NULL,0,37);
INSERT INTO SCARAB_R_MODULE_OPTION VALUES (6,87,NULL,1,17);
INSERT INTO SCARAB_R_MODULE_OPTION VALUES (6,88,NULL,1,1);
INSERT INTO SCARAB_R_MODULE_OPTION VALUES (6,89,NULL,1,2);
INSERT INTO SCARAB_R_MODULE_OPTION VALUES (6,90,NULL,1,3);

