/*
 *  Attributes
 */

/* Description */
insert into SCARAB_ATTRIBUTE(ATTRIBUTE_ID, ATTRIBUTE_NAME, ATTRIBUTE_TYPE_ID, DESCRIPTION, CREATED_DATE)
        values(1, 'Description', 12, 'Description', '2002-01-01 00:30:00');
/* Assigned to */
insert into SCARAB_ATTRIBUTE(ATTRIBUTE_ID, ATTRIBUTE_NAME, 
       ATTRIBUTE_TYPE_ID, PERMISSION, ACTION, DESCRIPTION, CREATED_DATE)
       values(2, 'AssignedTo', 8, 'Issue | Edit', 'to', 'AssignedTo', '2002-01-01 00:30:00');
/* Status */
insert into SCARAB_ATTRIBUTE(ATTRIBUTE_ID, ATTRIBUTE_NAME, ATTRIBUTE_TYPE_ID, DESCRIPTION, CREATED_DATE)
        values(3, 'Status', 5, 'Status', '2002-01-01 00:30:00');
/* Resolution */
insert into SCARAB_ATTRIBUTE(ATTRIBUTE_ID, ATTRIBUTE_NAME, 
       ATTRIBUTE_TYPE_ID, DESCRIPTION, CREATED_DATE)
        values(4, 'Resolution', 5, 'Resolution', '2002-01-01 00:30:00');
/* Platform */
insert into SCARAB_ATTRIBUTE(ATTRIBUTE_ID, ATTRIBUTE_NAME, 
       ATTRIBUTE_TYPE_ID, DESCRIPTION, CREATED_DATE)
       values(5, 'Platform', 5, 'Platform', '2002-01-01 00:30:00');
/* Operating system */
insert into SCARAB_ATTRIBUTE(ATTRIBUTE_ID, ATTRIBUTE_NAME, ATTRIBUTE_TYPE_ID, DESCRIPTION, CREATED_DATE)
        values(6, 'OperatingSystem', 5, 'OperatingSystem', '2002-01-01 00:30:00');
/* Priority select-one */
insert into SCARAB_ATTRIBUTE(ATTRIBUTE_ID, ATTRIBUTE_NAME, ATTRIBUTE_TYPE_ID, DESCRIPTION, CREATED_DATE)
        values(7, 'Priority', 5, 'Priority', '2002-01-01 00:30:00');
/* Priority voted */
insert into SCARAB_ATTRIBUTE(ATTRIBUTE_ID, ATTRIBUTE_NAME, ATTRIBUTE_TYPE_ID, DESCRIPTION, CREATED_DATE)
        values(8, 'Vote', 5, 'Vote', '2002-01-01 00:30:00');
/* Severity */
insert into SCARAB_ATTRIBUTE(ATTRIBUTE_ID, ATTRIBUTE_NAME, ATTRIBUTE_TYPE_ID, DESCRIPTION, CREATED_DATE)
        values(9, 'Severity', 5, 'Severity', '2002-01-01 00:30:00');

/* cc attribute */
insert into SCARAB_ATTRIBUTE(ATTRIBUTE_ID, ATTRIBUTE_NAME, 
       ATTRIBUTE_TYPE_ID, PERMISSION, ACTION, DESCRIPTION, CREATED_DATE)
       values(13, 'AssignedCC', 8, 'Issue | View', 'cc', 'CcAttribute', '2002-01-01 00:30:00');
/* Tracking */
/* 
 * removing until further discussion
 * insert into SCARAB_ATTRIBUTE(ATTRIBUTE_ID, ATTRIBUTE_NAME, ATTRIBUTE_TYPE_ID, DESCRIPTION, CREATED_DATE)
 *         values(10, 'Tracking', 10, 'Tracking', '2002-01-01 00:30:00')
 */

/* Brief (one-line) Description */
insert into SCARAB_ATTRIBUTE(ATTRIBUTE_ID, ATTRIBUTE_NAME, ATTRIBUTE_TYPE_ID, DESCRIPTION, CREATED_DATE)
        values(11, 'Summary', 1, 'Summary', '2002-01-01 00:30:00');
/* Functional area */
insert into SCARAB_ATTRIBUTE(ATTRIBUTE_ID, ATTRIBUTE_NAME, ATTRIBUTE_TYPE_ID, DESCRIPTION, CREATED_DATE)
        values(12, 'FunctionalArea', 5, 'FunctionalArea', '2002-01-01 00:30:00');

update SCARAB_ATTRIBUTE set CREATED_BY='0';

/*
 * Attribute Options
 */

/* Unconfirmed */
insert into SCARAB_ATTRIBUTE_OPTION(OPTION_ID, ATTRIBUTE_ID, OPTION_NAME)
        values(1, 3, 'Unconfirmed');
/* New */
insert into SCARAB_ATTRIBUTE_OPTION(OPTION_ID, ATTRIBUTE_ID, OPTION_NAME)
        values(2, 3, 'New');
/* Assigned */
insert into SCARAB_ATTRIBUTE_OPTION(OPTION_ID, ATTRIBUTE_ID, OPTION_NAME)
        values(3, 3, 'Assigned');
/* Reopened */
insert into SCARAB_ATTRIBUTE_OPTION(OPTION_ID, ATTRIBUTE_ID, OPTION_NAME)
        values(4, 3, 'Reopened');
/* Resolved */
insert into SCARAB_ATTRIBUTE_OPTION(OPTION_ID, ATTRIBUTE_ID, OPTION_NAME)
        values(5, 3, 'Resolved');

/*
 * We need to do this mapping here because there is an integrity constraint
 * on having the Resolved ATTRIBUTE_OPTION exist before we can set it
 */
update SCARAB_ATTRIBUTE set REQUIRED_OPTION_ID=5 where ATTRIBUTE_ID=4;
        
/* Verified */
insert into SCARAB_ATTRIBUTE_OPTION(OPTION_ID, ATTRIBUTE_ID, OPTION_NAME)
        values(6, 3, 'Verified');
/* Closed */
insert into SCARAB_ATTRIBUTE_OPTION(OPTION_ID, ATTRIBUTE_ID, OPTION_NAME)
        values(7, 3, 'Closed');
/* Fixed */
insert into SCARAB_ATTRIBUTE_OPTION(OPTION_ID, ATTRIBUTE_ID, OPTION_NAME)
        values(8, 4, 'Fixed');
/* Invalid */
insert into SCARAB_ATTRIBUTE_OPTION(OPTION_ID, ATTRIBUTE_ID, OPTION_NAME)
        values(9, 4, 'Invalid');
/* WONTFIX */
insert into SCARAB_ATTRIBUTE_OPTION(OPTION_ID, ATTRIBUTE_ID, OPTION_NAME)
        values(10, 4, 'Wontfix');
/* LATER */
insert into SCARAB_ATTRIBUTE_OPTION(OPTION_ID, ATTRIBUTE_ID, OPTION_NAME)
        values(11, 4, 'Later');
/* REMIND */
insert into SCARAB_ATTRIBUTE_OPTION(OPTION_ID, ATTRIBUTE_ID, OPTION_NAME)
        values(12, 4, 'Remind');
/* DUPLICATE */
insert into SCARAB_ATTRIBUTE_OPTION(OPTION_ID, ATTRIBUTE_ID, OPTION_NAME)
        values(13, 4, 'Duplicate');
/* WORKSFORME */
insert into SCARAB_ATTRIBUTE_OPTION(OPTION_ID, ATTRIBUTE_ID, OPTION_NAME)
        values(14, 4, 'Worksforme');
/* MOVED */
insert into SCARAB_ATTRIBUTE_OPTION(OPTION_ID, ATTRIBUTE_ID, OPTION_NAME)
        values(15, 4, 'Moved');
/* All */
insert into SCARAB_ATTRIBUTE_OPTION(OPTION_ID, ATTRIBUTE_ID, OPTION_NAME)
        values(16, 5, 'All');
/* DEC */
insert into SCARAB_ATTRIBUTE_OPTION(OPTION_ID, ATTRIBUTE_ID, OPTION_NAME)
        values(17, 5, 'DEC');
/* HP */
insert into SCARAB_ATTRIBUTE_OPTION(OPTION_ID, ATTRIBUTE_ID, OPTION_NAME)
        values(18, 5, 'HP');
/* Macintosh */
insert into SCARAB_ATTRIBUTE_OPTION(OPTION_ID, ATTRIBUTE_ID, OPTION_NAME)
        values(19, 5, 'Macintosh');
/* PC */
insert into SCARAB_ATTRIBUTE_OPTION(OPTION_ID, ATTRIBUTE_ID, OPTION_NAME)
        values(20, 5, 'PC');
/* SGI */
insert into SCARAB_ATTRIBUTE_OPTION(OPTION_ID, ATTRIBUTE_ID, OPTION_NAME)
        values(21, 5, 'SGI');
/* Sun */
insert into SCARAB_ATTRIBUTE_OPTION(OPTION_ID, ATTRIBUTE_ID, OPTION_NAME)
        values(22, 5, 'Sun');
/* Other */
insert into SCARAB_ATTRIBUTE_OPTION(OPTION_ID, ATTRIBUTE_ID, OPTION_NAME)
        values(23, 5, 'Other');
/* Operating systems */
insert into SCARAB_ATTRIBUTE_OPTION(OPTION_ID, ATTRIBUTE_ID, OPTION_NAME)
        values(24, 6, 'All');
insert into SCARAB_ATTRIBUTE_OPTION(OPTION_ID, ATTRIBUTE_ID, OPTION_NAME) 
        values(75, 6, 'Windows');
insert into SCARAB_ATTRIBUTE_OPTION(OPTION_ID, ATTRIBUTE_ID, OPTION_NAME) 
        values(25, 6, 'Windows3.1');
insert into SCARAB_ATTRIBUTE_OPTION(OPTION_ID, ATTRIBUTE_ID, OPTION_NAME) 
        values(26, 6, 'Windows95');
insert into SCARAB_ATTRIBUTE_OPTION(OPTION_ID, ATTRIBUTE_ID, OPTION_NAME) 
        values(27, 6, 'Windows98');
insert into SCARAB_ATTRIBUTE_OPTION(OPTION_ID, ATTRIBUTE_ID, OPTION_NAME) 
        values(28, 6, 'WindowsME');
insert into SCARAB_ATTRIBUTE_OPTION(OPTION_ID, ATTRIBUTE_ID, OPTION_NAME) 
        values(29, 6, 'Windows2000');
insert into SCARAB_ATTRIBUTE_OPTION(OPTION_ID, ATTRIBUTE_ID, OPTION_NAME) 
        values(30, 6, 'WindowsNT');
insert into SCARAB_ATTRIBUTE_OPTION(OPTION_ID, ATTRIBUTE_ID, OPTION_NAME) 
        values(76, 6, 'MacOS');
insert into SCARAB_ATTRIBUTE_OPTION(OPTION_ID, ATTRIBUTE_ID, OPTION_NAME) 
        values(31, 6, 'MacSystem7');
insert into SCARAB_ATTRIBUTE_OPTION(OPTION_ID, ATTRIBUTE_ID, OPTION_NAME) 
        values(32, 6, 'MacSystem7.5');
insert into SCARAB_ATTRIBUTE_OPTION(OPTION_ID, ATTRIBUTE_ID, OPTION_NAME) 
        values(33, 6, 'MacSystem7.6.1');
insert into SCARAB_ATTRIBUTE_OPTION(OPTION_ID, ATTRIBUTE_ID, OPTION_NAME) 
        values(34, 6, 'MacSystem8.0');
insert into SCARAB_ATTRIBUTE_OPTION(OPTION_ID, ATTRIBUTE_ID, OPTION_NAME) 
        values(35, 6, 'MacSystem8.5');
insert into SCARAB_ATTRIBUTE_OPTION(OPTION_ID, ATTRIBUTE_ID, OPTION_NAME) 
        values(36, 6, 'MacSystem8.6');
insert into SCARAB_ATTRIBUTE_OPTION(OPTION_ID, ATTRIBUTE_ID, OPTION_NAME) 
        values(37, 6, 'MacSystem9.0');
insert into SCARAB_ATTRIBUTE_OPTION(OPTION_ID, ATTRIBUTE_ID, OPTION_NAME) 
        values(77, 6, 'OSX');
insert into SCARAB_ATTRIBUTE_OPTION(OPTION_ID, ATTRIBUTE_ID, OPTION_NAME) 
        values(87, 6, 'Unix');
insert into SCARAB_ATTRIBUTE_OPTION(OPTION_ID, ATTRIBUTE_ID, OPTION_NAME) 
        values(38, 6, 'Linux');
insert into SCARAB_ATTRIBUTE_OPTION(OPTION_ID, ATTRIBUTE_ID, OPTION_NAME) 
        values(78, 6, 'Redhat');
insert into SCARAB_ATTRIBUTE_OPTION(OPTION_ID, ATTRIBUTE_ID, OPTION_NAME) 
        values(79, 6, 'Suse');
insert into SCARAB_ATTRIBUTE_OPTION(OPTION_ID, ATTRIBUTE_ID, OPTION_NAME) 
        values(80, 6, 'Debian');
insert into SCARAB_ATTRIBUTE_OPTION(OPTION_ID, ATTRIBUTE_ID, OPTION_NAME) 
        values(81, 6, 'OtherLinux');
insert into SCARAB_ATTRIBUTE_OPTION(OPTION_ID, ATTRIBUTE_ID, OPTION_NAME) 
        values(82, 6, 'GeneralBSD');
insert into SCARAB_ATTRIBUTE_OPTION(OPTION_ID, ATTRIBUTE_ID, OPTION_NAME) 
        values(40, 6, 'FreeBSD');
insert into SCARAB_ATTRIBUTE_OPTION(OPTION_ID, ATTRIBUTE_ID, OPTION_NAME) 
        values(41, 6, 'NetBSD');
insert into SCARAB_ATTRIBUTE_OPTION(OPTION_ID, ATTRIBUTE_ID, OPTION_NAME) 
        values(42, 6, 'OpenBSD');
insert into SCARAB_ATTRIBUTE_OPTION(OPTION_ID, ATTRIBUTE_ID, OPTION_NAME) 
        values(83, 6, 'CommercialUnix');
insert into SCARAB_ATTRIBUTE_OPTION(OPTION_ID, ATTRIBUTE_ID, OPTION_NAME) 
        values(39, 6, 'BSDI');
insert into SCARAB_ATTRIBUTE_OPTION(OPTION_ID, ATTRIBUTE_ID, OPTION_NAME) 
        values(43, 6, 'AIX');
insert into SCARAB_ATTRIBUTE_OPTION(OPTION_ID, ATTRIBUTE_ID, OPTION_NAME) 
        values(44, 6, 'BeOS');
insert into SCARAB_ATTRIBUTE_OPTION(OPTION_ID, ATTRIBUTE_ID, OPTION_NAME) 
        values(45, 6, 'HPUX');
insert into SCARAB_ATTRIBUTE_OPTION(OPTION_ID, ATTRIBUTE_ID, OPTION_NAME) 
        values(46, 6, 'IRIX');
insert into SCARAB_ATTRIBUTE_OPTION(OPTION_ID, ATTRIBUTE_ID, OPTION_NAME) 
        values(50, 6, 'OSF1');
insert into SCARAB_ATTRIBUTE_OPTION(OPTION_ID, ATTRIBUTE_ID, OPTION_NAME) 
        values(51, 6, 'Solaris');
insert into SCARAB_ATTRIBUTE_OPTION(OPTION_ID, ATTRIBUTE_ID, OPTION_NAME) 
        values(52, 6, 'SunOS');
insert into SCARAB_ATTRIBUTE_OPTION(OPTION_ID, ATTRIBUTE_ID, OPTION_NAME) 
        values(53, 6, 'Other');
insert into SCARAB_ATTRIBUTE_OPTION(OPTION_ID, ATTRIBUTE_ID, OPTION_NAME) 
        values(48, 6, 'OpenVMS');
insert into SCARAB_ATTRIBUTE_OPTION(OPTION_ID, ATTRIBUTE_ID, OPTION_NAME) 
        values(49, 6, 'OS2');
insert into SCARAB_ATTRIBUTE_OPTION(OPTION_ID, ATTRIBUTE_ID, OPTION_NAME) 
        values(84, 6, 'RealtimeEmbedded');
insert into SCARAB_ATTRIBUTE_OPTION(OPTION_ID, ATTRIBUTE_ID, OPTION_NAME) 
        values(47, 6, 'Neutrino');
insert into SCARAB_ATTRIBUTE_OPTION(OPTION_ID, ATTRIBUTE_ID, OPTION_NAME) 
        values(85, 6, 'HandheldPDA');
insert into SCARAB_ATTRIBUTE_OPTION(OPTION_ID, ATTRIBUTE_ID, OPTION_NAME) 
        values(86, 6, 'PalmOS');

/* Priorities select-one */
insert into SCARAB_ATTRIBUTE_OPTION(OPTION_ID, ATTRIBUTE_ID, OPTION_NAME)
        values(54, 7, 'High');
insert into SCARAB_ATTRIBUTE_OPTION(OPTION_ID, ATTRIBUTE_ID, OPTION_NAME) 
        values(55, 7, 'Medium');
insert into SCARAB_ATTRIBUTE_OPTION(OPTION_ID, ATTRIBUTE_ID, OPTION_NAME) 
        values(56, 7, 'Low');
insert into SCARAB_ATTRIBUTE_OPTION(OPTION_ID, ATTRIBUTE_ID, OPTION_NAME) 
        values(57, 7, 'Undecided');

/* Priorities voted */
insert into SCARAB_ATTRIBUTE_OPTION(OPTION_ID, ATTRIBUTE_ID, OPTION_NAME)
        values(58, 8, 'High');
insert into SCARAB_ATTRIBUTE_OPTION(OPTION_ID, ATTRIBUTE_ID, OPTION_NAME) 
        values(59, 8, 'Medium');
insert into SCARAB_ATTRIBUTE_OPTION(OPTION_ID, ATTRIBUTE_ID, OPTION_NAME) 
        values(60, 8, 'Low');
insert into SCARAB_ATTRIBUTE_OPTION(OPTION_ID, ATTRIBUTE_ID, OPTION_NAME) 
        values(61, 8, 'Undecided');

/* Severities */
insert into SCARAB_ATTRIBUTE_OPTION(OPTION_ID, ATTRIBUTE_ID, OPTION_NAME)
        values(62, 9, 'Blocker');
insert into SCARAB_ATTRIBUTE_OPTION(OPTION_ID, ATTRIBUTE_ID, OPTION_NAME) 
        values(63, 9, 'Critical');
insert into SCARAB_ATTRIBUTE_OPTION(OPTION_ID, ATTRIBUTE_ID, OPTION_NAME) 
        values(64, 9, 'Major');
insert into SCARAB_ATTRIBUTE_OPTION(OPTION_ID, ATTRIBUTE_ID, OPTION_NAME) 
        values(65, 9, 'Normal');
insert into SCARAB_ATTRIBUTE_OPTION(OPTION_ID, ATTRIBUTE_ID, OPTION_NAME) 
        values(66, 9, 'Minor');
insert into SCARAB_ATTRIBUTE_OPTION(OPTION_ID, ATTRIBUTE_ID, OPTION_NAME) 
        values(67, 9, 'Trivial');
insert into SCARAB_ATTRIBUTE_OPTION(OPTION_ID, ATTRIBUTE_ID, OPTION_NAME) 
        values(68, 9, 'Enhancement');
insert into SCARAB_ATTRIBUTE_OPTION(OPTION_ID, ATTRIBUTE_ID, OPTION_NAME) 
        values(69, 9, 'Cosmetic');
insert into SCARAB_ATTRIBUTE_OPTION(OPTION_ID, ATTRIBUTE_ID, OPTION_NAME) 
        values(70, 9, 'Serious');
insert into SCARAB_ATTRIBUTE_OPTION(OPTION_ID, ATTRIBUTE_ID, OPTION_NAME) 
        values(71, 9, 'Undecided');

/* Tracking options DISABLED */

/* 
 * never send notification
 */

/*
 * insert into SCARAB_ATTRIBUTE_OPTION(OPTION_ID, ATTRIBUTE_ID, OPTION_NAME)
 *       values(72, 10, 'Never')
 */

/*
 * send notification on major change
 */

/*
 * insert into SCARAB_ATTRIBUTE_OPTION(OPTION_ID, ATTRIBUTE_ID, OPTION_NAME)
 *       values(73, 10, 'Major')
 */

/*
 * send notification on any change
 */

/*
 * insert into SCARAB_ATTRIBUTE_OPTION(OPTION_ID, ATTRIBUTE_ID, OPTION_NAME)
 *       values(74, 10, 'Any')
 */
 
/* Functional area */
insert into SCARAB_ATTRIBUTE_OPTION(OPTION_ID, ATTRIBUTE_ID, OPTION_NAME) 
        values(88, 12, 'UserInterface');
insert into SCARAB_ATTRIBUTE_OPTION(OPTION_ID, ATTRIBUTE_ID, OPTION_NAME) 
        values(89, 12, 'Setup');
insert into SCARAB_ATTRIBUTE_OPTION(OPTION_ID, ATTRIBUTE_ID, OPTION_NAME) 
        values(90, 12, 'Help');

/*
 * Option_Option relationships
 * option1_id, option2_id, relationship_id, preferred_order, weight
 */
insert into SCARAB_R_OPTION_OPTION values (0,1,1,1,1);
insert into SCARAB_R_OPTION_OPTION values (0,2,1,2,2);
insert into SCARAB_R_OPTION_OPTION values (0,3,1,3,3);
insert into SCARAB_R_OPTION_OPTION values (0,4,1,4,4);
insert into SCARAB_R_OPTION_OPTION values (0,5,1,5,5);
insert into SCARAB_R_OPTION_OPTION values (0,6,1,6,6);
insert into SCARAB_R_OPTION_OPTION values (0,7,1,7,7);
insert into SCARAB_R_OPTION_OPTION values (0,8,1,1,1);
insert into SCARAB_R_OPTION_OPTION values (0,9,1,2,2);
insert into SCARAB_R_OPTION_OPTION values (0,10,1,3,3);
insert into SCARAB_R_OPTION_OPTION values (0,11,1,4,4);
insert into SCARAB_R_OPTION_OPTION values (0,12,1,5,5);
insert into SCARAB_R_OPTION_OPTION values (0,13,1,6,6);
insert into SCARAB_R_OPTION_OPTION values (0,14,1,7,7);
insert into SCARAB_R_OPTION_OPTION values (0,15,1,8,8);
insert into SCARAB_R_OPTION_OPTION values (0,16,1,1,1);
insert into SCARAB_R_OPTION_OPTION values (0,17,1,2,2);
insert into SCARAB_R_OPTION_OPTION values (0,18,1,3,3);
insert into SCARAB_R_OPTION_OPTION values (0,19,1,4,4);
insert into SCARAB_R_OPTION_OPTION values (0,20,1,5,5);
insert into SCARAB_R_OPTION_OPTION values (0,21,1,6,6);
insert into SCARAB_R_OPTION_OPTION values (0,22,1,7,7);
insert into SCARAB_R_OPTION_OPTION values (0,23,1,8,8);
insert into SCARAB_R_OPTION_OPTION values (0,54,1,1,1);
insert into SCARAB_R_OPTION_OPTION values (0,55,1,2,2);
insert into SCARAB_R_OPTION_OPTION values (0,56,1,3,3);
insert into SCARAB_R_OPTION_OPTION values (0,57,1,4,4);
insert into SCARAB_R_OPTION_OPTION values (0,58,1,1,1);
insert into SCARAB_R_OPTION_OPTION values (0,59,1,2,2);
insert into SCARAB_R_OPTION_OPTION values (0,60,1,3,3);
insert into SCARAB_R_OPTION_OPTION values (0,61,1,4,4);
insert into SCARAB_R_OPTION_OPTION values (0,62,1,1,1);
insert into SCARAB_R_OPTION_OPTION values (0,63,1,2,2);
insert into SCARAB_R_OPTION_OPTION values (0,64,1,3,3);
insert into SCARAB_R_OPTION_OPTION values (0,65,1,4,4);
insert into SCARAB_R_OPTION_OPTION values (0,66,1,5,5);
insert into SCARAB_R_OPTION_OPTION values (0,67,1,6,6);
insert into SCARAB_R_OPTION_OPTION values (0,68,1,7,7);
insert into SCARAB_R_OPTION_OPTION values (0,69,1,8,8);
insert into SCARAB_R_OPTION_OPTION values (0,70,1,9,9);
insert into SCARAB_R_OPTION_OPTION values (0,71,1,10,10);
/* TRACKING disabled 
 * insert into SCARAB_R_OPTION_OPTION values (0,72,1,1,1)
 * insert into SCARAB_R_OPTION_OPTION values (0,73,1,2,2)
 * insert into SCARAB_R_OPTION_OPTION values (0,74,1,3,3)
 */
insert into SCARAB_R_OPTION_OPTION values (0,88,1,1,1);
insert into SCARAB_R_OPTION_OPTION values (0,89,1,2,2);
insert into SCARAB_R_OPTION_OPTION values (0,90,1,3,3);

insert into SCARAB_R_OPTION_OPTION values (0,24,1,1,1);
insert into SCARAB_R_OPTION_OPTION values (24,75,1,2,2);
insert into SCARAB_R_OPTION_OPTION values (24,76,1,9,9);
insert into SCARAB_R_OPTION_OPTION values (24,87,1,18,18);
insert into SCARAB_R_OPTION_OPTION values (24,53,1,38,38);
insert into SCARAB_R_OPTION_OPTION values (24,84,1,41,41);
insert into SCARAB_R_OPTION_OPTION values (24,85,1,43,43);
insert into SCARAB_R_OPTION_OPTION values (75,25,1,3,3);
insert into SCARAB_R_OPTION_OPTION values (75,26,1,4,4);
insert into SCARAB_R_OPTION_OPTION values (75,27,1,5,5);
insert into SCARAB_R_OPTION_OPTION values (75,28,1,6,6);
insert into SCARAB_R_OPTION_OPTION values (75,29,1,7,7);
insert into SCARAB_R_OPTION_OPTION values (75,30,1,8,8);
insert into SCARAB_R_OPTION_OPTION values (76,31,1,9,9);
insert into SCARAB_R_OPTION_OPTION values (76,32,1,11,11);
insert into SCARAB_R_OPTION_OPTION values (76,33,1,12,12);
insert into SCARAB_R_OPTION_OPTION values (76,34,1,13,13);
insert into SCARAB_R_OPTION_OPTION values (76,35,1,14,14);
insert into SCARAB_R_OPTION_OPTION values (76,36,1,15,15);
insert into SCARAB_R_OPTION_OPTION values (76,37,1,16,16);
insert into SCARAB_R_OPTION_OPTION values (76,77,1,17,17);
insert into SCARAB_R_OPTION_OPTION values (38,78,1,25,25);
insert into SCARAB_R_OPTION_OPTION values (38,79,1,26,26);
insert into SCARAB_R_OPTION_OPTION values (38,80,1,27,27);
insert into SCARAB_R_OPTION_OPTION values (38,81,1,28,28);
insert into SCARAB_R_OPTION_OPTION values (82,40,1,20,20);
insert into SCARAB_R_OPTION_OPTION values (82,41,1,21,21);
insert into SCARAB_R_OPTION_OPTION values (82,42,1,22,22);
insert into SCARAB_R_OPTION_OPTION values (82,77,1,23,23);
insert into SCARAB_R_OPTION_OPTION values (83,39,1,30,30);
insert into SCARAB_R_OPTION_OPTION values (83,43,1,31,31);
insert into SCARAB_R_OPTION_OPTION values (83,44,1,32,32);
insert into SCARAB_R_OPTION_OPTION values (83,45,1,33,33);
insert into SCARAB_R_OPTION_OPTION values (83,46,1,34,34);
insert into SCARAB_R_OPTION_OPTION values (83,50,1,35,35);
insert into SCARAB_R_OPTION_OPTION values (83,51,1,36,36);
insert into SCARAB_R_OPTION_OPTION values (83,52,1,37,37);
insert into SCARAB_R_OPTION_OPTION values (53,48,1,39,39);
insert into SCARAB_R_OPTION_OPTION values (53,49,1,40,40);
insert into SCARAB_R_OPTION_OPTION values (84,47,1,42,42);
insert into SCARAB_R_OPTION_OPTION values (85,86,1,44,44);
insert into SCARAB_R_OPTION_OPTION values (87,38,1,24,24);
insert into SCARAB_R_OPTION_OPTION values (87,82,1,19,19);
insert into SCARAB_R_OPTION_OPTION values (87,83,1,29,29);


/*
 * Types of issues (artifact/issue types).
 */
insert into SCARAB_ISSUE_TYPE(ISSUE_TYPE_ID, NAME, DESCRIPTION, PARENT_ID, ISDEFAULT)
        values(1, 'Defect', 'DefectDescription', 0, 1);
insert into SCARAB_ISSUE_TYPE(ISSUE_TYPE_ID, NAME, DESCRIPTION, PARENT_ID, ISDEFAULT)
        values(2, 'DefectTemplate', '', 1,0);
insert into SCARAB_ISSUE_TYPE(ISSUE_TYPE_ID, NAME, DESCRIPTION, PARENT_ID, ISDEFAULT)
        values(3, 'Patch', 'PatchDescription', 0, 1);
insert into SCARAB_ISSUE_TYPE(ISSUE_TYPE_ID, NAME, DESCRIPTION, PARENT_ID, ISDEFAULT)
        values(4, 'PatchTemplate', '', 3, 0);
insert into SCARAB_ISSUE_TYPE(ISSUE_TYPE_ID, NAME, DESCRIPTION, PARENT_ID, ISDEFAULT)
        values(5, 'Task', 'TaskDescription', 0, 1);
insert into SCARAB_ISSUE_TYPE(ISSUE_TYPE_ID, NAME, DESCRIPTION, PARENT_ID, ISDEFAULT)
        values(6, 'TaskTemplate', '', 5, 0);
insert into SCARAB_ISSUE_TYPE(ISSUE_TYPE_ID, NAME, DESCRIPTION, PARENT_ID, ISDEFAULT)
        values(7, 'Feature', 'FeatureDescription', 0, 1);
insert into SCARAB_ISSUE_TYPE(ISSUE_TYPE_ID, NAME, DESCRIPTION, PARENT_ID, ISDEFAULT)
        values(8, 'FeatureTemplate', '', 7, 0);
insert into SCARAB_ISSUE_TYPE(ISSUE_TYPE_ID, NAME, DESCRIPTION, PARENT_ID, ISDEFAULT)
        values(9, 'Enhancement', 'EnhancementDescription', 0, 1);
insert into SCARAB_ISSUE_TYPE(ISSUE_TYPE_ID, NAME, DESCRIPTION, PARENT_ID, ISDEFAULT)
        values(10, 'EnhancementTemplate', '', 9, 0);

/*
 * Insert attribute groups for project 0
 * group_id, name, description, module_id, issue_type_id, active, dedupe, preferred order
 */
INSERT INTO SCARAB_ATTRIBUTE_GROUP VALUES (1, 'AttributeGroupOne', 'dedupeAttributes', 0, 1, 1, 1, 1);
INSERT INTO SCARAB_ATTRIBUTE_GROUP VALUES (2, 'AttributeGroupTwo', 'nonDedupeAttributes', 0, 1, 1, 0, 3);

INSERT INTO SCARAB_ATTRIBUTE_GROUP VALUES (3, 'AttributeGroupOne', 'dedupeAttributes', 0, 3, 1, 1, 1);
INSERT INTO SCARAB_ATTRIBUTE_GROUP VALUES (4, 'AttributeGroupTwo', 'nonDedupeAttributes', 0, 3, 1, 0, 3);

INSERT INTO SCARAB_ATTRIBUTE_GROUP VALUES (5, 'AttributeGroupOne', 'dedupeAttributes', 0, 5, 1, 1, 1);
INSERT INTO SCARAB_ATTRIBUTE_GROUP VALUES (6, 'AttributeGroupTwo', 'nonDedupeAttributes', 0, 5, 1, 0, 3);

INSERT INTO SCARAB_ATTRIBUTE_GROUP VALUES (7, 'AttributeGroupOne', 'dedupeAttributes', 0, 7, 1, 1, 1);
INSERT INTO SCARAB_ATTRIBUTE_GROUP VALUES (8, 'AttributeGroupTwo', 'nonDedupeAttributes', 0, 7, 1, 0, 3);

INSERT INTO SCARAB_ATTRIBUTE_GROUP VALUES (9, 'AttributeGroupOne', 'dedupeAttributes', 0, 9, 1, 1, 1);
INSERT INTO SCARAB_ATTRIBUTE_GROUP VALUES (10, 'AttributeGroupTwo', 'nonDedupeAttributes', 0, 9, 1, 0, 3);

/* 
 * Insert mapping between attributes and groups 
 * group_id, attribute_id, preferred order
 */
INSERT INTO SCARAB_R_ATTRIBUTE_ATTRGROUP VALUES (1, 5, 1);
INSERT INTO SCARAB_R_ATTRIBUTE_ATTRGROUP VALUES (1, 6, 2);
INSERT INTO SCARAB_R_ATTRIBUTE_ATTRGROUP VALUES (1, 11, 3);
INSERT INTO SCARAB_R_ATTRIBUTE_ATTRGROUP VALUES (2, 1, 1);
INSERT INTO SCARAB_R_ATTRIBUTE_ATTRGROUP VALUES (2, 3, 2);
INSERT INTO SCARAB_R_ATTRIBUTE_ATTRGROUP VALUES (2, 4, 3);
INSERT INTO SCARAB_R_ATTRIBUTE_ATTRGROUP VALUES (2, 7, 4);
INSERT INTO SCARAB_R_ATTRIBUTE_ATTRGROUP VALUES (2, 8, 5);
INSERT INTO SCARAB_R_ATTRIBUTE_ATTRGROUP VALUES (2, 9, 6);
/* Tracking DISABLED
 * INSERT INTO SCARAB_R_ATTRIBUTE_ATTRGROUP VALUES (2, 10, 8)
 */
INSERT INTO SCARAB_R_ATTRIBUTE_ATTRGROUP VALUES (2, 12, 7);

INSERT INTO SCARAB_R_ATTRIBUTE_ATTRGROUP VALUES (3, 5, 1);
INSERT INTO SCARAB_R_ATTRIBUTE_ATTRGROUP VALUES (3, 6, 2);
INSERT INTO SCARAB_R_ATTRIBUTE_ATTRGROUP VALUES (3, 11, 3);
INSERT INTO SCARAB_R_ATTRIBUTE_ATTRGROUP VALUES (4, 1, 1);
INSERT INTO SCARAB_R_ATTRIBUTE_ATTRGROUP VALUES (4, 3, 2);
INSERT INTO SCARAB_R_ATTRIBUTE_ATTRGROUP VALUES (4, 4, 3);
INSERT INTO SCARAB_R_ATTRIBUTE_ATTRGROUP VALUES (4, 7, 4);
INSERT INTO SCARAB_R_ATTRIBUTE_ATTRGROUP VALUES (4, 8, 5);
INSERT INTO SCARAB_R_ATTRIBUTE_ATTRGROUP VALUES (4, 12, 6);

INSERT INTO SCARAB_R_ATTRIBUTE_ATTRGROUP VALUES (5, 11, 1);
INSERT INTO SCARAB_R_ATTRIBUTE_ATTRGROUP VALUES (6, 1, 1);
INSERT INTO SCARAB_R_ATTRIBUTE_ATTRGROUP VALUES (6, 3, 2);
INSERT INTO SCARAB_R_ATTRIBUTE_ATTRGROUP VALUES (6, 4, 3);
INSERT INTO SCARAB_R_ATTRIBUTE_ATTRGROUP VALUES (6, 7, 4);
INSERT INTO SCARAB_R_ATTRIBUTE_ATTRGROUP VALUES (6, 8, 5);
INSERT INTO SCARAB_R_ATTRIBUTE_ATTRGROUP VALUES (6, 12, 6);

INSERT INTO SCARAB_R_ATTRIBUTE_ATTRGROUP VALUES (7, 11, 1);
INSERT INTO SCARAB_R_ATTRIBUTE_ATTRGROUP VALUES (8, 1, 1);
INSERT INTO SCARAB_R_ATTRIBUTE_ATTRGROUP VALUES (8, 2, 2);
INSERT INTO SCARAB_R_ATTRIBUTE_ATTRGROUP VALUES (8, 3, 3);
INSERT INTO SCARAB_R_ATTRIBUTE_ATTRGROUP VALUES (8, 4, 4);
INSERT INTO SCARAB_R_ATTRIBUTE_ATTRGROUP VALUES (8, 7, 5);
INSERT INTO SCARAB_R_ATTRIBUTE_ATTRGROUP VALUES (8, 8, 6);
INSERT INTO SCARAB_R_ATTRIBUTE_ATTRGROUP VALUES (8, 12, 7);

INSERT INTO SCARAB_R_ATTRIBUTE_ATTRGROUP VALUES (9, 11, 1);
INSERT INTO SCARAB_R_ATTRIBUTE_ATTRGROUP VALUES (10, 1, 1);
INSERT INTO SCARAB_R_ATTRIBUTE_ATTRGROUP VALUES (10, 3, 2);
INSERT INTO SCARAB_R_ATTRIBUTE_ATTRGROUP VALUES (10, 4, 3);
INSERT INTO SCARAB_R_ATTRIBUTE_ATTRGROUP VALUES (10, 7, 4);
INSERT INTO SCARAB_R_ATTRIBUTE_ATTRGROUP VALUES (10, 8, 5);
INSERT INTO SCARAB_R_ATTRIBUTE_ATTRGROUP VALUES (10, 12, 6);

/*
 * populate the root module with all issue types.
 * module_id, issue_type_id, active, show in nav, preferred order
 */
INSERT INTO SCARAB_R_MODULE_ISSUE_TYPE (MODULE_ID, ISSUE_TYPE_ID, ACTIVE, DISPLAY, PREFERRED_ORDER) VALUES (0,1,1,1,1);
INSERT INTO SCARAB_R_MODULE_ISSUE_TYPE (MODULE_ID, ISSUE_TYPE_ID, ACTIVE, DISPLAY, PREFERRED_ORDER) VALUES (0,3,1,1,2);
INSERT INTO SCARAB_R_MODULE_ISSUE_TYPE (MODULE_ID, ISSUE_TYPE_ID, ACTIVE, DISPLAY, PREFERRED_ORDER) VALUES (0,5,1,1,3);
INSERT INTO SCARAB_R_MODULE_ISSUE_TYPE (MODULE_ID, ISSUE_TYPE_ID, ACTIVE, DISPLAY, PREFERRED_ORDER) VALUES (0,7,1,1,4);
INSERT INTO SCARAB_R_MODULE_ISSUE_TYPE (MODULE_ID, ISSUE_TYPE_ID, ACTIVE, DISPLAY, PREFERRED_ORDER) VALUES (0,9,1,1,5);

/*
 * populate the root module with all attributes.
 * module_id, attr_id, issue_type_id, display_value, active, required, preferred order, quick search,default_text_flag
 */
INSERT INTO SCARAB_R_MODULE_ATTRIBUTE VALUES (0,1,1,'Description',1,1,100,0,0);
INSERT INTO SCARAB_R_MODULE_ATTRIBUTE VALUES (0,2,1,'AssignedTo',1,0,200,0,0);
INSERT INTO SCARAB_R_MODULE_ATTRIBUTE VALUES (0,3,1,'Status',1,0,300,0,0);
INSERT INTO SCARAB_R_MODULE_ATTRIBUTE VALUES (0,4,1,'Resolution',1,0,400,0,0);
INSERT INTO SCARAB_R_MODULE_ATTRIBUTE VALUES (0,5,1,'Platform',1,1,2,0,0);
INSERT INTO SCARAB_R_MODULE_ATTRIBUTE VALUES (0,6,1,'OperatingSystem',1,1,3,0,0);
INSERT INTO SCARAB_R_MODULE_ATTRIBUTE VALUES (0,7,1,'Priority',1,0,500,0,0);
INSERT INTO SCARAB_R_MODULE_ATTRIBUTE VALUES (0,8,1,'Vote',1,0,600,0,0);
INSERT INTO SCARAB_R_MODULE_ATTRIBUTE VALUES (0,9,1,'Severity',1,0,700,0,0);
INSERT INTO SCARAB_R_MODULE_ATTRIBUTE VALUES (0,11,1,'Summary',1,1,1,1,1);
INSERT INTO SCARAB_R_MODULE_ATTRIBUTE VALUES (0,12,1,'FunctionalArea',1,0,1000,0,0);
INSERT INTO SCARAB_R_MODULE_ATTRIBUTE VALUES (0,1,2,'Description',1,1,100,0,0);
INSERT INTO SCARAB_R_MODULE_ATTRIBUTE VALUES (0,2,2,'AssignedTo',1,0,200,0,0);
INSERT INTO SCARAB_R_MODULE_ATTRIBUTE VALUES (0,3,2,'Status',1,0,300,0,0);
INSERT INTO SCARAB_R_MODULE_ATTRIBUTE VALUES (0,4,2,'Resolution',1,0,400,0,0);
INSERT INTO SCARAB_R_MODULE_ATTRIBUTE VALUES (0,5,2,'Platform',1,1,2,0,0);
INSERT INTO SCARAB_R_MODULE_ATTRIBUTE VALUES (0,6,2,'OperatingSystem',1,1,3,0,0);
INSERT INTO SCARAB_R_MODULE_ATTRIBUTE VALUES (0,7,2,'Priority',1,0,500,0,0);
INSERT INTO SCARAB_R_MODULE_ATTRIBUTE VALUES (0,8,2,'Vote',1,0,600,0,0);
INSERT INTO SCARAB_R_MODULE_ATTRIBUTE VALUES (0,9,2,'Severity',1,0,700,0,0);
INSERT INTO SCARAB_R_MODULE_ATTRIBUTE VALUES (0,11,2,'Summary',1,1,1,1,1);
INSERT INTO SCARAB_R_MODULE_ATTRIBUTE VALUES (0,12,2,'FunctionalArea',1,0,1000,0,0);
INSERT INTO SCARAB_R_MODULE_ATTRIBUTE VALUES (0,1,3,'Description',1,1,100,0,0);
INSERT INTO SCARAB_R_MODULE_ATTRIBUTE VALUES (0,2,3,'AssignedTo',1,0,200,0,0);
INSERT INTO SCARAB_R_MODULE_ATTRIBUTE VALUES (0,3,3,'Status',1,0,300,0,0);
INSERT INTO SCARAB_R_MODULE_ATTRIBUTE VALUES (0,4,3,'Resolution',1,0,400,0,0);
INSERT INTO SCARAB_R_MODULE_ATTRIBUTE VALUES (0,5,3,'Platform',1,1,2,0,0);
INSERT INTO SCARAB_R_MODULE_ATTRIBUTE VALUES (0,6,3,'OperatingSystem',1,1,3,0,0);
INSERT INTO SCARAB_R_MODULE_ATTRIBUTE VALUES (0,7,3,'Priority',1,0,500,0,0);
INSERT INTO SCARAB_R_MODULE_ATTRIBUTE VALUES (0,8,3,'Vote',1,0,600,0,0);
INSERT INTO SCARAB_R_MODULE_ATTRIBUTE VALUES (0,11,3,'Summary',1,1,1,1,1);
INSERT INTO SCARAB_R_MODULE_ATTRIBUTE VALUES (0,12,3,'FunctionalArea',1,0,1000,0,0);
INSERT INTO SCARAB_R_MODULE_ATTRIBUTE VALUES (0,1,4,'Description',1,1,100,0,0);
INSERT INTO SCARAB_R_MODULE_ATTRIBUTE VALUES (0,2,4,'AssignedTo',1,0,200,0,0);
INSERT INTO SCARAB_R_MODULE_ATTRIBUTE VALUES (0,3,4,'Status',1,0,300,0,0);
INSERT INTO SCARAB_R_MODULE_ATTRIBUTE VALUES (0,4,4,'Resolution',1,0,400,0,0);
INSERT INTO SCARAB_R_MODULE_ATTRIBUTE VALUES (0,5,4,'Platform',1,1,2,0,0);
INSERT INTO SCARAB_R_MODULE_ATTRIBUTE VALUES (0,6,4,'OperatingSystem',1,1,3,0,0);
INSERT INTO SCARAB_R_MODULE_ATTRIBUTE VALUES (0,7,4,'Priority',1,0,500,0,0);
INSERT INTO SCARAB_R_MODULE_ATTRIBUTE VALUES (0,8,4,'Vote',1,0,600,0,0);
INSERT INTO SCARAB_R_MODULE_ATTRIBUTE VALUES (0,11,4,'Summary',1,1,1,1,1);
INSERT INTO SCARAB_R_MODULE_ATTRIBUTE VALUES (0,12,4,'FunctionalArea',1,0,1000,0,0);
INSERT INTO SCARAB_R_MODULE_ATTRIBUTE VALUES (0,1,5,'Description',1,1,100,0,0);
INSERT INTO SCARAB_R_MODULE_ATTRIBUTE VALUES (0,2,5,'AssignedTo',1,0,200,0,0);
INSERT INTO SCARAB_R_MODULE_ATTRIBUTE VALUES (0,3,5,'Status',1,0,300,0,0);
INSERT INTO SCARAB_R_MODULE_ATTRIBUTE VALUES (0,4,5,'Resolution',1,0,400,0,0);
INSERT INTO SCARAB_R_MODULE_ATTRIBUTE VALUES (0,7,5,'Priority',1,0,500,0,0);
INSERT INTO SCARAB_R_MODULE_ATTRIBUTE VALUES (0,8,5,'Vote',1,0,600,0,0);
INSERT INTO SCARAB_R_MODULE_ATTRIBUTE VALUES (0,11,5,'Summary',1,1,1,1,1);
INSERT INTO SCARAB_R_MODULE_ATTRIBUTE VALUES (0,12,5,'FunctionalArea',1,0,1000,0,0);
INSERT INTO SCARAB_R_MODULE_ATTRIBUTE VALUES (0,1,6,'Description',1,1,100,0,0);
INSERT INTO SCARAB_R_MODULE_ATTRIBUTE VALUES (0,2,6,'AssignedTo',1,0,200,0,0);
INSERT INTO SCARAB_R_MODULE_ATTRIBUTE VALUES (0,3,6,'Status',1,0,300,0,0);
INSERT INTO SCARAB_R_MODULE_ATTRIBUTE VALUES (0,4,6,'Resolution',1,0,400,0,0);
INSERT INTO SCARAB_R_MODULE_ATTRIBUTE VALUES (0,7,6,'Priority',1,0,500,0,0);
INSERT INTO SCARAB_R_MODULE_ATTRIBUTE VALUES (0,8,6,'Vote',1,0,600,0,0);
INSERT INTO SCARAB_R_MODULE_ATTRIBUTE VALUES (0,11,6,'Summary',1,1,1,1,1);
INSERT INTO SCARAB_R_MODULE_ATTRIBUTE VALUES (0,12,6,'FunctionalArea',1,0,1000,0,0);
INSERT INTO SCARAB_R_MODULE_ATTRIBUTE VALUES (0,1,7,'Description',1,1,100,0,0);
INSERT INTO SCARAB_R_MODULE_ATTRIBUTE VALUES (0,2,7,'AssignedTo',1,0,200,0,0);
INSERT INTO SCARAB_R_MODULE_ATTRIBUTE VALUES (0,3,7,'Status',1,0,300,0,0);
INSERT INTO SCARAB_R_MODULE_ATTRIBUTE VALUES (0,4,7,'Resolution',1,0,400,0,0);
INSERT INTO SCARAB_R_MODULE_ATTRIBUTE VALUES (0,7,7,'Priority',1,0,500,0,0);
INSERT INTO SCARAB_R_MODULE_ATTRIBUTE VALUES (0,8,7,'Vote',1,0,600,0,0);
INSERT INTO SCARAB_R_MODULE_ATTRIBUTE VALUES (0,11,7,'Summary',1,1,1,1,1);
INSERT INTO SCARAB_R_MODULE_ATTRIBUTE VALUES (0,12,7,'FunctionalArea',1,0,1000,0,0);
INSERT INTO SCARAB_R_MODULE_ATTRIBUTE VALUES (0,1,8,'Description',1,1,100,0,0);
INSERT INTO SCARAB_R_MODULE_ATTRIBUTE VALUES (0,2,8,'AssignedTo',1,0,200,0,0);
INSERT INTO SCARAB_R_MODULE_ATTRIBUTE VALUES (0,3,8,'Status',1,0,300,0,0);
INSERT INTO SCARAB_R_MODULE_ATTRIBUTE VALUES (0,4,8,'Resolution',1,0,400,0,0);
INSERT INTO SCARAB_R_MODULE_ATTRIBUTE VALUES (0,7,8,'Priority',1,0,500,0,0);
INSERT INTO SCARAB_R_MODULE_ATTRIBUTE VALUES (0,8,8,'Vote',1,0,600,0,0);
INSERT INTO SCARAB_R_MODULE_ATTRIBUTE VALUES (0,11,8,'Summary',1,1,1,1,1);
INSERT INTO SCARAB_R_MODULE_ATTRIBUTE VALUES (0,12,8,'FunctionalArea',1,0,1000,0,0);
INSERT INTO SCARAB_R_MODULE_ATTRIBUTE VALUES (0,1,9,'Description',1,1,100,0,0);
INSERT INTO SCARAB_R_MODULE_ATTRIBUTE VALUES (0,2,9,'AssignedTo',1,0,200,0,0);
INSERT INTO SCARAB_R_MODULE_ATTRIBUTE VALUES (0,3,9,'Status',1,0,300,0,0);
INSERT INTO SCARAB_R_MODULE_ATTRIBUTE VALUES (0,4,9,'Resolution',1,0,400,0,0);
INSERT INTO SCARAB_R_MODULE_ATTRIBUTE VALUES (0,7,9,'Priority',1,0,500,0,0);
INSERT INTO SCARAB_R_MODULE_ATTRIBUTE VALUES (0,8,9,'Vote',1,0,600,0,0);
INSERT INTO SCARAB_R_MODULE_ATTRIBUTE VALUES (0,11,9,'Summary',1,1,1,1,1);
INSERT INTO SCARAB_R_MODULE_ATTRIBUTE VALUES (0,12,9,'FunctionalArea',1,0,1000,0,0);
INSERT INTO SCARAB_R_MODULE_ATTRIBUTE VALUES (0,1,10,'Description',1,1,100,0,0);
INSERT INTO SCARAB_R_MODULE_ATTRIBUTE VALUES (0,2,10,'AssignedTo',1,0,200,0,0);
INSERT INTO SCARAB_R_MODULE_ATTRIBUTE VALUES (0,3,10,'Status',1,0,300,0,0);
INSERT INTO SCARAB_R_MODULE_ATTRIBUTE VALUES (0,4,10,'Resolution',1,0,400,0,0);
INSERT INTO SCARAB_R_MODULE_ATTRIBUTE VALUES (0,7,10,'Priority',1,0,500,0,0);
INSERT INTO SCARAB_R_MODULE_ATTRIBUTE VALUES (0,8,10,'Vote',1,0,600,0,0);
INSERT INTO SCARAB_R_MODULE_ATTRIBUTE VALUES (0,11,10,'Summary',1,1,1,1,1);
INSERT INTO SCARAB_R_MODULE_ATTRIBUTE VALUES (0,12,10,'FunctionalArea',1,0,1000,0,0);

/*
 * populate the root module with all options.
 * module_id, issue_type_id, option_id, display_value, active, preferred order
 */
INSERT INTO SCARAB_R_MODULE_OPTION VALUES (0,1,16,NULL,1,1,1);
INSERT INTO SCARAB_R_MODULE_OPTION VALUES (0,2,16,NULL,1,1,1);
INSERT INTO SCARAB_R_MODULE_OPTION VALUES (0,1,17,NULL,1,2,2);
INSERT INTO SCARAB_R_MODULE_OPTION VALUES (0,2,17,NULL,1,2,2);
INSERT INTO SCARAB_R_MODULE_OPTION VALUES (0,1,18,NULL,1,3,3);
INSERT INTO SCARAB_R_MODULE_OPTION VALUES (0,2,18,NULL,1,3,3);
INSERT INTO SCARAB_R_MODULE_OPTION VALUES (0,1,19,NULL,1,4,4);
INSERT INTO SCARAB_R_MODULE_OPTION VALUES (0,2,19,NULL,1,4,4);
INSERT INTO SCARAB_R_MODULE_OPTION VALUES (0,1,20,NULL,1,5,5);
INSERT INTO SCARAB_R_MODULE_OPTION VALUES (0,2,20,NULL,1,5,5);
INSERT INTO SCARAB_R_MODULE_OPTION VALUES (0,1,21,NULL,1,6,6);
INSERT INTO SCARAB_R_MODULE_OPTION VALUES (0,2,21,NULL,1,6,6);
INSERT INTO SCARAB_R_MODULE_OPTION VALUES (0,1,22,NULL,1,7,7);
INSERT INTO SCARAB_R_MODULE_OPTION VALUES (0,2,22,NULL,1,7,7);
INSERT INTO SCARAB_R_MODULE_OPTION VALUES (0,1,23,NULL,1,8,8);
INSERT INTO SCARAB_R_MODULE_OPTION VALUES (0,2,23,NULL,1,8,8);
INSERT INTO SCARAB_R_MODULE_OPTION VALUES (0,1,24,NULL,1,1,1);
INSERT INTO SCARAB_R_MODULE_OPTION VALUES (0,2,24,NULL,1,1,1);
INSERT INTO SCARAB_R_MODULE_OPTION VALUES (0,1,25,NULL,1,3,3);
INSERT INTO SCARAB_R_MODULE_OPTION VALUES (0,2,25,NULL,1,3,3);
INSERT INTO SCARAB_R_MODULE_OPTION VALUES (0,1,26,NULL,1,4,4);
INSERT INTO SCARAB_R_MODULE_OPTION VALUES (0,2,26,NULL,1,4,4);
INSERT INTO SCARAB_R_MODULE_OPTION VALUES (0,1,27,NULL,1,5,5);
INSERT INTO SCARAB_R_MODULE_OPTION VALUES (0,2,27,NULL,1,5,5);
INSERT INTO SCARAB_R_MODULE_OPTION VALUES (0,1,28,NULL,1,6,6);
INSERT INTO SCARAB_R_MODULE_OPTION VALUES (0,2,28,NULL,1,6,6);
INSERT INTO SCARAB_R_MODULE_OPTION VALUES (0,1,29,NULL,1,7,7);
INSERT INTO SCARAB_R_MODULE_OPTION VALUES (0,2,29,NULL,1,7,7);
INSERT INTO SCARAB_R_MODULE_OPTION VALUES (0,1,30,NULL,1,8,8);
INSERT INTO SCARAB_R_MODULE_OPTION VALUES (0,2,30,NULL,1,8,8);
INSERT INTO SCARAB_R_MODULE_OPTION VALUES (0,1,31,NULL,1,10,10);
INSERT INTO SCARAB_R_MODULE_OPTION VALUES (0,2,31,NULL,1,10,10);
INSERT INTO SCARAB_R_MODULE_OPTION VALUES (0,1,32,NULL,1,11,11);
INSERT INTO SCARAB_R_MODULE_OPTION VALUES (0,2,32,NULL,1,11,11);
INSERT INTO SCARAB_R_MODULE_OPTION VALUES (0,1,33,NULL,1,12,12);
INSERT INTO SCARAB_R_MODULE_OPTION VALUES (0,2,33,NULL,1,12,12);
INSERT INTO SCARAB_R_MODULE_OPTION VALUES (0,1,34,NULL,1,13,13);
INSERT INTO SCARAB_R_MODULE_OPTION VALUES (0,2,34,NULL,1,13,13);
INSERT INTO SCARAB_R_MODULE_OPTION VALUES (0,1,35,NULL,1,14,14);
INSERT INTO SCARAB_R_MODULE_OPTION VALUES (0,2,35,NULL,1,14,14);
INSERT INTO SCARAB_R_MODULE_OPTION VALUES (0,1,36,NULL,1,15,15);
INSERT INTO SCARAB_R_MODULE_OPTION VALUES (0,2,36,NULL,1,15,15);
INSERT INTO SCARAB_R_MODULE_OPTION VALUES (0,1,37,NULL,1,16,16);
INSERT INTO SCARAB_R_MODULE_OPTION VALUES (0,2,37,NULL,1,16,16);
INSERT INTO SCARAB_R_MODULE_OPTION VALUES (0,1,38,NULL,1,18,18);
INSERT INTO SCARAB_R_MODULE_OPTION VALUES (0,2,38,NULL,1,18,18);
INSERT INTO SCARAB_R_MODULE_OPTION VALUES (0,1,39,NULL,1,28,28);
INSERT INTO SCARAB_R_MODULE_OPTION VALUES (0,2,39,NULL,1,28,28);
INSERT INTO SCARAB_R_MODULE_OPTION VALUES (0,1,40,NULL,1,24,24);
INSERT INTO SCARAB_R_MODULE_OPTION VALUES (0,2,40,NULL,1,24,24);
INSERT INTO SCARAB_R_MODULE_OPTION VALUES (0,1,41,NULL,1,25,25);
INSERT INTO SCARAB_R_MODULE_OPTION VALUES (0,2,41,NULL,1,25,25);
INSERT INTO SCARAB_R_MODULE_OPTION VALUES (0,1,42,NULL,1,26,26);
INSERT INTO SCARAB_R_MODULE_OPTION VALUES (0,2,42,NULL,1,26,26);
INSERT INTO SCARAB_R_MODULE_OPTION VALUES (0,1,43,NULL,1,29,29);
INSERT INTO SCARAB_R_MODULE_OPTION VALUES (0,2,43,NULL,1,29,29);
INSERT INTO SCARAB_R_MODULE_OPTION VALUES (0,1,44,NULL,1,30,30);
INSERT INTO SCARAB_R_MODULE_OPTION VALUES (0,2,44,NULL,1,30,30);
INSERT INTO SCARAB_R_MODULE_OPTION VALUES (0,1,45,NULL,1,31,31);
INSERT INTO SCARAB_R_MODULE_OPTION VALUES (0,2,45,NULL,1,31,31);
INSERT INTO SCARAB_R_MODULE_OPTION VALUES (0,1,46,NULL,1,34,34);
INSERT INTO SCARAB_R_MODULE_OPTION VALUES (0,2,46,NULL,1,34,34);
INSERT INTO SCARAB_R_MODULE_OPTION VALUES (0,1,50,NULL,1,35,35);
INSERT INTO SCARAB_R_MODULE_OPTION VALUES (0,2,50,NULL,1,35,35);
INSERT INTO SCARAB_R_MODULE_OPTION VALUES (0,1,51,NULL,1,32,32);
INSERT INTO SCARAB_R_MODULE_OPTION VALUES (0,2,51,NULL,1,32,32);
INSERT INTO SCARAB_R_MODULE_OPTION VALUES (0,1,52,NULL,1,33,33);
INSERT INTO SCARAB_R_MODULE_OPTION VALUES (0,2,52,NULL,1,33,33);
INSERT INTO SCARAB_R_MODULE_OPTION VALUES (0,1,53,NULL,1,40,40);
INSERT INTO SCARAB_R_MODULE_OPTION VALUES (0,2,53,NULL,1,40,40);
INSERT INTO SCARAB_R_MODULE_OPTION VALUES (0,1,75,NULL,1,2,2);
INSERT INTO SCARAB_R_MODULE_OPTION VALUES (0,2,75,NULL,1,2,2);
INSERT INTO SCARAB_R_MODULE_OPTION VALUES (0,1,76,NULL,1,9,9);
INSERT INTO SCARAB_R_MODULE_OPTION VALUES (0,2,76,NULL,1,9,9);
INSERT INTO SCARAB_R_MODULE_OPTION VALUES (0,1,77,NULL,1,17,17);
INSERT INTO SCARAB_R_MODULE_OPTION VALUES (0,2,77,NULL,1,17,17);
INSERT INTO SCARAB_R_MODULE_OPTION VALUES (0,1,82,NULL,1,23,23);
INSERT INTO SCARAB_R_MODULE_OPTION VALUES (0,2,82,NULL,1,23,23);
INSERT INTO SCARAB_R_MODULE_OPTION VALUES (0,1,83,NULL,1,27,27);
INSERT INTO SCARAB_R_MODULE_OPTION VALUES (0,2,83,NULL,1,27,27);
INSERT INTO SCARAB_R_MODULE_OPTION VALUES (0,1,84,NULL,1,38,38);
INSERT INTO SCARAB_R_MODULE_OPTION VALUES (0,2,84,NULL,1,38,38);
INSERT INTO SCARAB_R_MODULE_OPTION VALUES (0,1,85,NULL,1,36,36);
INSERT INTO SCARAB_R_MODULE_OPTION VALUES (0,2,85,NULL,1,36,36);
INSERT INTO SCARAB_R_MODULE_OPTION VALUES (0,1,87,NULL,1,17,17);
INSERT INTO SCARAB_R_MODULE_OPTION VALUES (0,2,87,NULL,1,17,17);
INSERT INTO SCARAB_R_MODULE_OPTION VALUES (0,1,1,NULL,1,1,1);
INSERT INTO SCARAB_R_MODULE_OPTION VALUES (0,2,1,NULL,1,1,1);
INSERT INTO SCARAB_R_MODULE_OPTION VALUES (0,1,2,NULL,1,2,2);
INSERT INTO SCARAB_R_MODULE_OPTION VALUES (0,2,2,NULL,1,2,2);
INSERT INTO SCARAB_R_MODULE_OPTION VALUES (0,1,3,NULL,1,3,3);
INSERT INTO SCARAB_R_MODULE_OPTION VALUES (0,2,3,NULL,1,3,3);
INSERT INTO SCARAB_R_MODULE_OPTION VALUES (0,1,4,NULL,1,4,4);
INSERT INTO SCARAB_R_MODULE_OPTION VALUES (0,2,4,NULL,1,4,4);
INSERT INTO SCARAB_R_MODULE_OPTION VALUES (0,1,5,NULL,1,5,5);
INSERT INTO SCARAB_R_MODULE_OPTION VALUES (0,2,5,NULL,1,5,5);
INSERT INTO SCARAB_R_MODULE_OPTION VALUES (0,1,6,NULL,1,6,6);
INSERT INTO SCARAB_R_MODULE_OPTION VALUES (0,2,6,NULL,1,6,6);
INSERT INTO SCARAB_R_MODULE_OPTION VALUES (0,1,7,NULL,1,7,7);
INSERT INTO SCARAB_R_MODULE_OPTION VALUES (0,2,7,NULL,1,7,7);
INSERT INTO SCARAB_R_MODULE_OPTION VALUES (0,1,8,NULL,1,1,1);
INSERT INTO SCARAB_R_MODULE_OPTION VALUES (0,2,8,NULL,1,1,1);
INSERT INTO SCARAB_R_MODULE_OPTION VALUES (0,1,9,NULL,1,2,2);
INSERT INTO SCARAB_R_MODULE_OPTION VALUES (0,2,9,NULL,1,2,2);
INSERT INTO SCARAB_R_MODULE_OPTION VALUES (0,1,10,NULL,1,3,3);
INSERT INTO SCARAB_R_MODULE_OPTION VALUES (0,2,10,NULL,1,3,3);
INSERT INTO SCARAB_R_MODULE_OPTION VALUES (0,1,11,NULL,1,4,4);
INSERT INTO SCARAB_R_MODULE_OPTION VALUES (0,2,11,NULL,1,4,4);
INSERT INTO SCARAB_R_MODULE_OPTION VALUES (0,1,12,NULL,1,5,5);
INSERT INTO SCARAB_R_MODULE_OPTION VALUES (0,2,12,NULL,1,5,5);
INSERT INTO SCARAB_R_MODULE_OPTION VALUES (0,1,13,NULL,1,6,6);
INSERT INTO SCARAB_R_MODULE_OPTION VALUES (0,2,13,NULL,1,6,6);
INSERT INTO SCARAB_R_MODULE_OPTION VALUES (0,1,14,NULL,1,7,7);
INSERT INTO SCARAB_R_MODULE_OPTION VALUES (0,2,14,NULL,1,7,7);
INSERT INTO SCARAB_R_MODULE_OPTION VALUES (0,1,15,NULL,1,8,8);
INSERT INTO SCARAB_R_MODULE_OPTION VALUES (0,2,15,NULL,1,8,8);
INSERT INTO SCARAB_R_MODULE_OPTION VALUES (0,1,54,NULL,1,1,1);
INSERT INTO SCARAB_R_MODULE_OPTION VALUES (0,2,54,NULL,1,1,1);
INSERT INTO SCARAB_R_MODULE_OPTION VALUES (0,1,55,NULL,1,2,2);
INSERT INTO SCARAB_R_MODULE_OPTION VALUES (0,2,55,NULL,1,2,2);
INSERT INTO SCARAB_R_MODULE_OPTION VALUES (0,1,56,NULL,1,3,3);
INSERT INTO SCARAB_R_MODULE_OPTION VALUES (0,2,56,NULL,1,3,3);
INSERT INTO SCARAB_R_MODULE_OPTION VALUES (0,1,57,NULL,1,4,4);
INSERT INTO SCARAB_R_MODULE_OPTION VALUES (0,2,57,NULL,1,4,4);
INSERT INTO SCARAB_R_MODULE_OPTION VALUES (0,1,58,NULL,1,1,1);
INSERT INTO SCARAB_R_MODULE_OPTION VALUES (0,2,58,NULL,1,1,1);
INSERT INTO SCARAB_R_MODULE_OPTION VALUES (0,1,59,NULL,1,2,2);
INSERT INTO SCARAB_R_MODULE_OPTION VALUES (0,2,59,NULL,1,2,2);
INSERT INTO SCARAB_R_MODULE_OPTION VALUES (0,1,60,NULL,1,3,3);
INSERT INTO SCARAB_R_MODULE_OPTION VALUES (0,2,60,NULL,1,3,3);
INSERT INTO SCARAB_R_MODULE_OPTION VALUES (0,1,61,NULL,1,4,4);
INSERT INTO SCARAB_R_MODULE_OPTION VALUES (0,2,61,NULL,1,4,4);
INSERT INTO SCARAB_R_MODULE_OPTION VALUES (0,1,62,NULL,1,1,1);
INSERT INTO SCARAB_R_MODULE_OPTION VALUES (0,2,62,NULL,1,1,1);
INSERT INTO SCARAB_R_MODULE_OPTION VALUES (0,1,63,NULL,1,2,2);
INSERT INTO SCARAB_R_MODULE_OPTION VALUES (0,2,63,NULL,1,2,2);
INSERT INTO SCARAB_R_MODULE_OPTION VALUES (0,1,64,NULL,1,3,3);
INSERT INTO SCARAB_R_MODULE_OPTION VALUES (0,2,64,NULL,1,3,3);
INSERT INTO SCARAB_R_MODULE_OPTION VALUES (0,1,65,NULL,1,4,4);
INSERT INTO SCARAB_R_MODULE_OPTION VALUES (0,2,65,NULL,1,4,4);
INSERT INTO SCARAB_R_MODULE_OPTION VALUES (0,1,66,NULL,1,5,5);
INSERT INTO SCARAB_R_MODULE_OPTION VALUES (0,2,66,NULL,1,5,5);
INSERT INTO SCARAB_R_MODULE_OPTION VALUES (0,1,67,NULL,1,6,6);
INSERT INTO SCARAB_R_MODULE_OPTION VALUES (0,2,67,NULL,1,6,6);
INSERT INTO SCARAB_R_MODULE_OPTION VALUES (0,1,68,NULL,1,7,7);
INSERT INTO SCARAB_R_MODULE_OPTION VALUES (0,2,68,NULL,1,7,7);
INSERT INTO SCARAB_R_MODULE_OPTION VALUES (0,1,69,NULL,1,8,8);
INSERT INTO SCARAB_R_MODULE_OPTION VALUES (0,2,69,NULL,1,8,8);
INSERT INTO SCARAB_R_MODULE_OPTION VALUES (0,1,70,NULL,1,9,9);
INSERT INTO SCARAB_R_MODULE_OPTION VALUES (0,2,70,NULL,1,9,9);
INSERT INTO SCARAB_R_MODULE_OPTION VALUES (0,1,71,NULL,1,10,10);
INSERT INTO SCARAB_R_MODULE_OPTION VALUES (0,2,71,NULL,1,10,10);
INSERT INTO SCARAB_R_MODULE_OPTION VALUES (0,1,88,NULL,1,1,1);
INSERT INTO SCARAB_R_MODULE_OPTION VALUES (0,2,88,NULL,1,1,1);
INSERT INTO SCARAB_R_MODULE_OPTION VALUES (0,1,89,NULL,1,2,2);
INSERT INTO SCARAB_R_MODULE_OPTION VALUES (0,2,89,NULL,1,2,2);
INSERT INTO SCARAB_R_MODULE_OPTION VALUES (0,1,90,NULL,1,3,3);
INSERT INTO SCARAB_R_MODULE_OPTION VALUES (0,2,90,NULL,1,3,3);
INSERT INTO SCARAB_R_MODULE_OPTION VALUES (0,3,16,NULL,1,1,1);
INSERT INTO SCARAB_R_MODULE_OPTION VALUES (0,4,16,NULL,1,1,1);
INSERT INTO SCARAB_R_MODULE_OPTION VALUES (0,3,17,NULL,1,2,2);
INSERT INTO SCARAB_R_MODULE_OPTION VALUES (0,4,17,NULL,1,2,2);
INSERT INTO SCARAB_R_MODULE_OPTION VALUES (0,3,18,NULL,1,3,3);
INSERT INTO SCARAB_R_MODULE_OPTION VALUES (0,4,18,NULL,1,3,3);
INSERT INTO SCARAB_R_MODULE_OPTION VALUES (0,3,19,NULL,1,4,4);
INSERT INTO SCARAB_R_MODULE_OPTION VALUES (0,4,19,NULL,1,4,4);
INSERT INTO SCARAB_R_MODULE_OPTION VALUES (0,3,20,NULL,1,5,5);
INSERT INTO SCARAB_R_MODULE_OPTION VALUES (0,4,20,NULL,1,5,5);
INSERT INTO SCARAB_R_MODULE_OPTION VALUES (0,3,21,NULL,1,6,6);
INSERT INTO SCARAB_R_MODULE_OPTION VALUES (0,4,21,NULL,1,6,6);
INSERT INTO SCARAB_R_MODULE_OPTION VALUES (0,3,22,NULL,1,7,7);
INSERT INTO SCARAB_R_MODULE_OPTION VALUES (0,4,22,NULL,1,7,7);
INSERT INTO SCARAB_R_MODULE_OPTION VALUES (0,3,23,NULL,1,8,8);
INSERT INTO SCARAB_R_MODULE_OPTION VALUES (0,4,23,NULL,1,8,8);
INSERT INTO SCARAB_R_MODULE_OPTION VALUES (0,3,24,NULL,1,1,1);
INSERT INTO SCARAB_R_MODULE_OPTION VALUES (0,4,24,NULL,1,1,1);
INSERT INTO SCARAB_R_MODULE_OPTION VALUES (0,3,25,NULL,1,3,3);
INSERT INTO SCARAB_R_MODULE_OPTION VALUES (0,4,25,NULL,1,3,3);
INSERT INTO SCARAB_R_MODULE_OPTION VALUES (0,3,26,NULL,1,4,4);
INSERT INTO SCARAB_R_MODULE_OPTION VALUES (0,4,26,NULL,1,4,4);
INSERT INTO SCARAB_R_MODULE_OPTION VALUES (0,3,27,NULL,1,5,5);
INSERT INTO SCARAB_R_MODULE_OPTION VALUES (0,4,27,NULL,1,5,5);
INSERT INTO SCARAB_R_MODULE_OPTION VALUES (0,3,28,NULL,1,6,6);
INSERT INTO SCARAB_R_MODULE_OPTION VALUES (0,4,28,NULL,1,6,6);
INSERT INTO SCARAB_R_MODULE_OPTION VALUES (0,3,29,NULL,1,7,7);
INSERT INTO SCARAB_R_MODULE_OPTION VALUES (0,4,29,NULL,1,7,7);
INSERT INTO SCARAB_R_MODULE_OPTION VALUES (0,3,30,NULL,1,8,8);
INSERT INTO SCARAB_R_MODULE_OPTION VALUES (0,4,30,NULL,1,8,8);
INSERT INTO SCARAB_R_MODULE_OPTION VALUES (0,3,31,NULL,1,10,10);
INSERT INTO SCARAB_R_MODULE_OPTION VALUES (0,4,31,NULL,1,10,10);
INSERT INTO SCARAB_R_MODULE_OPTION VALUES (0,3,32,NULL,1,11,11);
INSERT INTO SCARAB_R_MODULE_OPTION VALUES (0,4,32,NULL,1,11,11);
INSERT INTO SCARAB_R_MODULE_OPTION VALUES (0,3,33,NULL,1,12,12);
INSERT INTO SCARAB_R_MODULE_OPTION VALUES (0,4,33,NULL,1,12,12);
INSERT INTO SCARAB_R_MODULE_OPTION VALUES (0,3,34,NULL,1,13,13);
INSERT INTO SCARAB_R_MODULE_OPTION VALUES (0,4,34,NULL,1,13,13);
INSERT INTO SCARAB_R_MODULE_OPTION VALUES (0,3,35,NULL,1,14,14);
INSERT INTO SCARAB_R_MODULE_OPTION VALUES (0,4,35,NULL,1,14,14);
INSERT INTO SCARAB_R_MODULE_OPTION VALUES (0,3,36,NULL,1,15,15);
INSERT INTO SCARAB_R_MODULE_OPTION VALUES (0,4,36,NULL,1,15,15);
INSERT INTO SCARAB_R_MODULE_OPTION VALUES (0,3,37,NULL,1,16,16);
INSERT INTO SCARAB_R_MODULE_OPTION VALUES (0,4,37,NULL,1,16,16);
INSERT INTO SCARAB_R_MODULE_OPTION VALUES (0,3,38,NULL,1,18,18);
INSERT INTO SCARAB_R_MODULE_OPTION VALUES (0,4,38,NULL,1,18,18);
INSERT INTO SCARAB_R_MODULE_OPTION VALUES (0,3,39,NULL,1,28,28);
INSERT INTO SCARAB_R_MODULE_OPTION VALUES (0,4,39,NULL,1,28,28);
INSERT INTO SCARAB_R_MODULE_OPTION VALUES (0,3,40,NULL,1,24,24);
INSERT INTO SCARAB_R_MODULE_OPTION VALUES (0,4,40,NULL,1,24,24);
INSERT INTO SCARAB_R_MODULE_OPTION VALUES (0,3,41,NULL,1,25,25);
INSERT INTO SCARAB_R_MODULE_OPTION VALUES (0,4,41,NULL,1,25,25);
INSERT INTO SCARAB_R_MODULE_OPTION VALUES (0,3,42,NULL,1,26,26);
INSERT INTO SCARAB_R_MODULE_OPTION VALUES (0,4,42,NULL,1,26,26);
INSERT INTO SCARAB_R_MODULE_OPTION VALUES (0,3,43,NULL,1,29,29);
INSERT INTO SCARAB_R_MODULE_OPTION VALUES (0,4,43,NULL,1,29,29);
INSERT INTO SCARAB_R_MODULE_OPTION VALUES (0,3,44,NULL,1,30,30);
INSERT INTO SCARAB_R_MODULE_OPTION VALUES (0,4,44,NULL,1,30,30);
INSERT INTO SCARAB_R_MODULE_OPTION VALUES (0,3,45,NULL,1,31,31);
INSERT INTO SCARAB_R_MODULE_OPTION VALUES (0,4,45,NULL,1,31,31);
INSERT INTO SCARAB_R_MODULE_OPTION VALUES (0,3,46,NULL,1,34,34);
INSERT INTO SCARAB_R_MODULE_OPTION VALUES (0,4,46,NULL,1,34,34);
INSERT INTO SCARAB_R_MODULE_OPTION VALUES (0,3,50,NULL,1,35,35);
INSERT INTO SCARAB_R_MODULE_OPTION VALUES (0,4,50,NULL,1,35,35);
INSERT INTO SCARAB_R_MODULE_OPTION VALUES (0,3,51,NULL,1,32,32);
INSERT INTO SCARAB_R_MODULE_OPTION VALUES (0,4,51,NULL,1,32,32);
INSERT INTO SCARAB_R_MODULE_OPTION VALUES (0,3,52,NULL,1,33,33);
INSERT INTO SCARAB_R_MODULE_OPTION VALUES (0,4,52,NULL,1,33,33);
INSERT INTO SCARAB_R_MODULE_OPTION VALUES (0,3,53,NULL,1,40,40);
INSERT INTO SCARAB_R_MODULE_OPTION VALUES (0,4,53,NULL,1,40,40);
INSERT INTO SCARAB_R_MODULE_OPTION VALUES (0,3,75,NULL,1,2,2);
INSERT INTO SCARAB_R_MODULE_OPTION VALUES (0,4,75,NULL,1,2,2);
INSERT INTO SCARAB_R_MODULE_OPTION VALUES (0,3,76,NULL,1,9,9);
INSERT INTO SCARAB_R_MODULE_OPTION VALUES (0,4,76,NULL,1,9,9);
INSERT INTO SCARAB_R_MODULE_OPTION VALUES (0,3,77,NULL,1,17,17);
INSERT INTO SCARAB_R_MODULE_OPTION VALUES (0,4,77,NULL,1,17,17);
INSERT INTO SCARAB_R_MODULE_OPTION VALUES (0,3,82,NULL,1,23,23);
INSERT INTO SCARAB_R_MODULE_OPTION VALUES (0,4,82,NULL,1,23,23);
INSERT INTO SCARAB_R_MODULE_OPTION VALUES (0,3,83,NULL,1,27,27);
INSERT INTO SCARAB_R_MODULE_OPTION VALUES (0,4,83,NULL,1,27,27);
INSERT INTO SCARAB_R_MODULE_OPTION VALUES (0,3,84,NULL,1,38,38);
INSERT INTO SCARAB_R_MODULE_OPTION VALUES (0,4,84,NULL,1,38,38);
INSERT INTO SCARAB_R_MODULE_OPTION VALUES (0,3,85,NULL,1,36,36);
INSERT INTO SCARAB_R_MODULE_OPTION VALUES (0,4,85,NULL,1,36,36);
INSERT INTO SCARAB_R_MODULE_OPTION VALUES (0,3,87,NULL,1,17,17);
INSERT INTO SCARAB_R_MODULE_OPTION VALUES (0,4,87,NULL,1,17,17);
INSERT INTO SCARAB_R_MODULE_OPTION VALUES (0,3,1,NULL,1,1,1);
INSERT INTO SCARAB_R_MODULE_OPTION VALUES (0,4,1,NULL,1,1,1);
INSERT INTO SCARAB_R_MODULE_OPTION VALUES (0,3,2,NULL,1,2,2);
INSERT INTO SCARAB_R_MODULE_OPTION VALUES (0,4,2,NULL,1,2,2);
INSERT INTO SCARAB_R_MODULE_OPTION VALUES (0,3,3,NULL,1,3,3);
INSERT INTO SCARAB_R_MODULE_OPTION VALUES (0,4,3,NULL,1,3,3);
INSERT INTO SCARAB_R_MODULE_OPTION VALUES (0,3,4,NULL,1,4,4);
INSERT INTO SCARAB_R_MODULE_OPTION VALUES (0,4,4,NULL,1,4,4);
INSERT INTO SCARAB_R_MODULE_OPTION VALUES (0,3,5,NULL,1,5,5);
INSERT INTO SCARAB_R_MODULE_OPTION VALUES (0,4,5,NULL,1,5,5);
INSERT INTO SCARAB_R_MODULE_OPTION VALUES (0,3,6,NULL,1,6,6);
INSERT INTO SCARAB_R_MODULE_OPTION VALUES (0,4,6,NULL,1,6,6);
INSERT INTO SCARAB_R_MODULE_OPTION VALUES (0,3,7,NULL,1,7,7);
INSERT INTO SCARAB_R_MODULE_OPTION VALUES (0,4,7,NULL,1,7,7);
INSERT INTO SCARAB_R_MODULE_OPTION VALUES (0,3,8,NULL,1,1,1);
INSERT INTO SCARAB_R_MODULE_OPTION VALUES (0,4,8,NULL,1,1,1);
INSERT INTO SCARAB_R_MODULE_OPTION VALUES (0,3,9,NULL,1,2,2);
INSERT INTO SCARAB_R_MODULE_OPTION VALUES (0,4,9,NULL,1,2,2);
INSERT INTO SCARAB_R_MODULE_OPTION VALUES (0,3,10,NULL,1,3,3);
INSERT INTO SCARAB_R_MODULE_OPTION VALUES (0,4,10,NULL,1,3,3);
INSERT INTO SCARAB_R_MODULE_OPTION VALUES (0,3,11,NULL,1,4,4);
INSERT INTO SCARAB_R_MODULE_OPTION VALUES (0,4,11,NULL,1,4,4);
INSERT INTO SCARAB_R_MODULE_OPTION VALUES (0,3,12,NULL,1,5,5);
INSERT INTO SCARAB_R_MODULE_OPTION VALUES (0,4,12,NULL,1,5,5);
INSERT INTO SCARAB_R_MODULE_OPTION VALUES (0,3,13,NULL,1,6,6);
INSERT INTO SCARAB_R_MODULE_OPTION VALUES (0,4,13,NULL,1,6,6);
INSERT INTO SCARAB_R_MODULE_OPTION VALUES (0,3,14,NULL,1,7,7);
INSERT INTO SCARAB_R_MODULE_OPTION VALUES (0,4,14,NULL,1,7,7);
INSERT INTO SCARAB_R_MODULE_OPTION VALUES (0,3,15,NULL,1,8,8);
INSERT INTO SCARAB_R_MODULE_OPTION VALUES (0,4,15,NULL,1,8,8);
INSERT INTO SCARAB_R_MODULE_OPTION VALUES (0,3,54,NULL,1,1,1);
INSERT INTO SCARAB_R_MODULE_OPTION VALUES (0,4,54,NULL,1,1,1);
INSERT INTO SCARAB_R_MODULE_OPTION VALUES (0,3,55,NULL,1,2,2);
INSERT INTO SCARAB_R_MODULE_OPTION VALUES (0,4,55,NULL,1,2,2);
INSERT INTO SCARAB_R_MODULE_OPTION VALUES (0,3,56,NULL,1,3,3);
INSERT INTO SCARAB_R_MODULE_OPTION VALUES (0,4,56,NULL,1,3,3);
INSERT INTO SCARAB_R_MODULE_OPTION VALUES (0,3,57,NULL,1,4,4);
INSERT INTO SCARAB_R_MODULE_OPTION VALUES (0,4,57,NULL,1,4,4);
INSERT INTO SCARAB_R_MODULE_OPTION VALUES (0,3,58,NULL,1,1,1);
INSERT INTO SCARAB_R_MODULE_OPTION VALUES (0,4,58,NULL,1,1,1);
INSERT INTO SCARAB_R_MODULE_OPTION VALUES (0,3,59,NULL,1,2,2);
INSERT INTO SCARAB_R_MODULE_OPTION VALUES (0,4,59,NULL,1,2,2);
INSERT INTO SCARAB_R_MODULE_OPTION VALUES (0,3,60,NULL,1,3,3);
INSERT INTO SCARAB_R_MODULE_OPTION VALUES (0,4,60,NULL,1,3,3);
INSERT INTO SCARAB_R_MODULE_OPTION VALUES (0,3,61,NULL,1,4,4);
INSERT INTO SCARAB_R_MODULE_OPTION VALUES (0,4,61,NULL,1,4,4);
INSERT INTO SCARAB_R_MODULE_OPTION VALUES (0,3,88,NULL,1,1,1);
INSERT INTO SCARAB_R_MODULE_OPTION VALUES (0,4,88,NULL,1,1,1);
INSERT INTO SCARAB_R_MODULE_OPTION VALUES (0,3,89,NULL,1,2,2);
INSERT INTO SCARAB_R_MODULE_OPTION VALUES (0,4,89,NULL,1,2,2);
INSERT INTO SCARAB_R_MODULE_OPTION VALUES (0,3,90,NULL,1,3,3);
INSERT INTO SCARAB_R_MODULE_OPTION VALUES (0,4,90,NULL,1,3,3);
INSERT INTO SCARAB_R_MODULE_OPTION VALUES (0,5,1,NULL,1,1,1);
INSERT INTO SCARAB_R_MODULE_OPTION VALUES (0,6,1,NULL,1,1,1);
INSERT INTO SCARAB_R_MODULE_OPTION VALUES (0,5,2,NULL,1,2,2);
INSERT INTO SCARAB_R_MODULE_OPTION VALUES (0,6,2,NULL,1,2,2);
INSERT INTO SCARAB_R_MODULE_OPTION VALUES (0,5,3,NULL,1,3,3);
INSERT INTO SCARAB_R_MODULE_OPTION VALUES (0,6,3,NULL,1,3,3);
INSERT INTO SCARAB_R_MODULE_OPTION VALUES (0,5,4,NULL,1,4,4);
INSERT INTO SCARAB_R_MODULE_OPTION VALUES (0,6,4,NULL,1,4,4);
INSERT INTO SCARAB_R_MODULE_OPTION VALUES (0,5,5,NULL,1,5,5);
INSERT INTO SCARAB_R_MODULE_OPTION VALUES (0,6,5,NULL,1,5,5);
INSERT INTO SCARAB_R_MODULE_OPTION VALUES (0,5,6,NULL,1,6,6);
INSERT INTO SCARAB_R_MODULE_OPTION VALUES (0,6,6,NULL,1,6,6);
INSERT INTO SCARAB_R_MODULE_OPTION VALUES (0,5,7,NULL,1,7,7);
INSERT INTO SCARAB_R_MODULE_OPTION VALUES (0,6,7,NULL,1,7,7);
INSERT INTO SCARAB_R_MODULE_OPTION VALUES (0,5,8,NULL,1,1,1);
INSERT INTO SCARAB_R_MODULE_OPTION VALUES (0,6,8,NULL,1,1,1);
INSERT INTO SCARAB_R_MODULE_OPTION VALUES (0,5,9,NULL,1,2,2);
INSERT INTO SCARAB_R_MODULE_OPTION VALUES (0,6,9,NULL,1,2,2);
INSERT INTO SCARAB_R_MODULE_OPTION VALUES (0,5,10,NULL,1,3,3);
INSERT INTO SCARAB_R_MODULE_OPTION VALUES (0,6,10,NULL,1,3,3);
INSERT INTO SCARAB_R_MODULE_OPTION VALUES (0,5,11,NULL,1,4,4);
INSERT INTO SCARAB_R_MODULE_OPTION VALUES (0,6,11,NULL,1,4,4);
INSERT INTO SCARAB_R_MODULE_OPTION VALUES (0,5,12,NULL,1,5,5);
INSERT INTO SCARAB_R_MODULE_OPTION VALUES (0,6,12,NULL,1,5,5);
INSERT INTO SCARAB_R_MODULE_OPTION VALUES (0,5,13,NULL,1,6,6);
INSERT INTO SCARAB_R_MODULE_OPTION VALUES (0,6,13,NULL,1,6,6);
INSERT INTO SCARAB_R_MODULE_OPTION VALUES (0,5,14,NULL,1,7,7);
INSERT INTO SCARAB_R_MODULE_OPTION VALUES (0,6,14,NULL,1,7,7);
INSERT INTO SCARAB_R_MODULE_OPTION VALUES (0,5,15,NULL,1,8,8);
INSERT INTO SCARAB_R_MODULE_OPTION VALUES (0,6,15,NULL,1,8,8);
INSERT INTO SCARAB_R_MODULE_OPTION VALUES (0,5,54,NULL,1,1,1);
INSERT INTO SCARAB_R_MODULE_OPTION VALUES (0,6,54,NULL,1,1,1);
INSERT INTO SCARAB_R_MODULE_OPTION VALUES (0,5,55,NULL,1,2,2);
INSERT INTO SCARAB_R_MODULE_OPTION VALUES (0,6,55,NULL,1,2,2);
INSERT INTO SCARAB_R_MODULE_OPTION VALUES (0,5,56,NULL,1,3,3);
INSERT INTO SCARAB_R_MODULE_OPTION VALUES (0,6,56,NULL,1,3,3);
INSERT INTO SCARAB_R_MODULE_OPTION VALUES (0,5,57,NULL,1,4,4);
INSERT INTO SCARAB_R_MODULE_OPTION VALUES (0,6,57,NULL,1,4,4);
INSERT INTO SCARAB_R_MODULE_OPTION VALUES (0,5,58,NULL,1,1,1);
INSERT INTO SCARAB_R_MODULE_OPTION VALUES (0,6,58,NULL,1,1,1);
INSERT INTO SCARAB_R_MODULE_OPTION VALUES (0,5,59,NULL,1,2,2);
INSERT INTO SCARAB_R_MODULE_OPTION VALUES (0,6,59,NULL,1,2,2);
INSERT INTO SCARAB_R_MODULE_OPTION VALUES (0,5,60,NULL,1,3,3);
INSERT INTO SCARAB_R_MODULE_OPTION VALUES (0,6,60,NULL,1,3,3);
INSERT INTO SCARAB_R_MODULE_OPTION VALUES (0,5,61,NULL,1,4,4);
INSERT INTO SCARAB_R_MODULE_OPTION VALUES (0,6,61,NULL,1,4,4);
INSERT INTO SCARAB_R_MODULE_OPTION VALUES (0,5,88,NULL,1,1,1);
INSERT INTO SCARAB_R_MODULE_OPTION VALUES (0,6,88,NULL,1,1,1);
INSERT INTO SCARAB_R_MODULE_OPTION VALUES (0,5,89,NULL,1,2,2);
INSERT INTO SCARAB_R_MODULE_OPTION VALUES (0,6,89,NULL,1,2,2);
INSERT INTO SCARAB_R_MODULE_OPTION VALUES (0,5,90,NULL,1,3,3);
INSERT INTO SCARAB_R_MODULE_OPTION VALUES (0,6,90,NULL,1,3,3);
INSERT INTO SCARAB_R_MODULE_OPTION VALUES (0,7,1,NULL,1,1,1);
INSERT INTO SCARAB_R_MODULE_OPTION VALUES (0,8,1,NULL,1,1,1);
INSERT INTO SCARAB_R_MODULE_OPTION VALUES (0,7,2,NULL,1,2,2);
INSERT INTO SCARAB_R_MODULE_OPTION VALUES (0,8,2,NULL,1,2,2);
INSERT INTO SCARAB_R_MODULE_OPTION VALUES (0,7,3,NULL,1,3,3);
INSERT INTO SCARAB_R_MODULE_OPTION VALUES (0,8,3,NULL,1,3,3);
INSERT INTO SCARAB_R_MODULE_OPTION VALUES (0,7,4,NULL,1,4,4);
INSERT INTO SCARAB_R_MODULE_OPTION VALUES (0,8,4,NULL,1,4,4);
INSERT INTO SCARAB_R_MODULE_OPTION VALUES (0,7,5,NULL,1,5,5);
INSERT INTO SCARAB_R_MODULE_OPTION VALUES (0,8,5,NULL,1,5,5);
INSERT INTO SCARAB_R_MODULE_OPTION VALUES (0,7,6,NULL,1,6,6);
INSERT INTO SCARAB_R_MODULE_OPTION VALUES (0,8,6,NULL,1,6,6);
INSERT INTO SCARAB_R_MODULE_OPTION VALUES (0,7,7,NULL,1,7,7);
INSERT INTO SCARAB_R_MODULE_OPTION VALUES (0,8,7,NULL,1,7,7);
INSERT INTO SCARAB_R_MODULE_OPTION VALUES (0,7,8,NULL,1,1,1);
INSERT INTO SCARAB_R_MODULE_OPTION VALUES (0,8,8,NULL,1,1,1);
INSERT INTO SCARAB_R_MODULE_OPTION VALUES (0,7,9,NULL,1,2,2);
INSERT INTO SCARAB_R_MODULE_OPTION VALUES (0,8,9,NULL,1,2,2);
INSERT INTO SCARAB_R_MODULE_OPTION VALUES (0,7,10,NULL,1,3,3);
INSERT INTO SCARAB_R_MODULE_OPTION VALUES (0,8,10,NULL,1,3,3);
INSERT INTO SCARAB_R_MODULE_OPTION VALUES (0,7,11,NULL,1,4,4);
INSERT INTO SCARAB_R_MODULE_OPTION VALUES (0,8,11,NULL,1,4,4);
INSERT INTO SCARAB_R_MODULE_OPTION VALUES (0,7,12,NULL,1,5,5);
INSERT INTO SCARAB_R_MODULE_OPTION VALUES (0,8,12,NULL,1,5,5);
INSERT INTO SCARAB_R_MODULE_OPTION VALUES (0,7,13,NULL,1,6,6);
INSERT INTO SCARAB_R_MODULE_OPTION VALUES (0,8,13,NULL,1,6,6);
INSERT INTO SCARAB_R_MODULE_OPTION VALUES (0,7,14,NULL,1,7,7);
INSERT INTO SCARAB_R_MODULE_OPTION VALUES (0,8,14,NULL,1,7,7);
INSERT INTO SCARAB_R_MODULE_OPTION VALUES (0,7,15,NULL,1,8,8);
INSERT INTO SCARAB_R_MODULE_OPTION VALUES (0,8,15,NULL,1,8,8);
INSERT INTO SCARAB_R_MODULE_OPTION VALUES (0,7,54,NULL,1,1,1);
INSERT INTO SCARAB_R_MODULE_OPTION VALUES (0,8,54,NULL,1,1,1);
INSERT INTO SCARAB_R_MODULE_OPTION VALUES (0,7,55,NULL,1,2,2);
INSERT INTO SCARAB_R_MODULE_OPTION VALUES (0,8,55,NULL,1,2,2);
INSERT INTO SCARAB_R_MODULE_OPTION VALUES (0,7,56,NULL,1,3,3);
INSERT INTO SCARAB_R_MODULE_OPTION VALUES (0,8,56,NULL,1,3,3);
INSERT INTO SCARAB_R_MODULE_OPTION VALUES (0,7,57,NULL,1,4,4);
INSERT INTO SCARAB_R_MODULE_OPTION VALUES (0,8,57,NULL,1,4,4);
INSERT INTO SCARAB_R_MODULE_OPTION VALUES (0,7,58,NULL,1,1,1);
INSERT INTO SCARAB_R_MODULE_OPTION VALUES (0,8,58,NULL,1,1,1);
INSERT INTO SCARAB_R_MODULE_OPTION VALUES (0,7,59,NULL,1,2,2);
INSERT INTO SCARAB_R_MODULE_OPTION VALUES (0,8,59,NULL,1,2,2);
INSERT INTO SCARAB_R_MODULE_OPTION VALUES (0,7,60,NULL,1,3,3);
INSERT INTO SCARAB_R_MODULE_OPTION VALUES (0,8,60,NULL,1,3,3);
INSERT INTO SCARAB_R_MODULE_OPTION VALUES (0,7,61,NULL,1,4,4);
INSERT INTO SCARAB_R_MODULE_OPTION VALUES (0,8,61,NULL,1,4,4);
INSERT INTO SCARAB_R_MODULE_OPTION VALUES (0,7,88,NULL,1,1,1);
INSERT INTO SCARAB_R_MODULE_OPTION VALUES (0,8,88,NULL,1,1,1);
INSERT INTO SCARAB_R_MODULE_OPTION VALUES (0,7,89,NULL,1,2,2);
INSERT INTO SCARAB_R_MODULE_OPTION VALUES (0,8,89,NULL,1,2,2);
INSERT INTO SCARAB_R_MODULE_OPTION VALUES (0,7,90,NULL,1,3,3);
INSERT INTO SCARAB_R_MODULE_OPTION VALUES (0,8,90,NULL,1,3,3);
INSERT INTO SCARAB_R_MODULE_OPTION VALUES (0,9,1,NULL,1,1,1);
INSERT INTO SCARAB_R_MODULE_OPTION VALUES (0,10,1,NULL,1,1,1);
INSERT INTO SCARAB_R_MODULE_OPTION VALUES (0,9,2,NULL,1,2,2);
INSERT INTO SCARAB_R_MODULE_OPTION VALUES (0,10,2,NULL,1,2,2);
INSERT INTO SCARAB_R_MODULE_OPTION VALUES (0,9,3,NULL,1,3,3);
INSERT INTO SCARAB_R_MODULE_OPTION VALUES (0,10,3,NULL,1,3,3);
INSERT INTO SCARAB_R_MODULE_OPTION VALUES (0,9,4,NULL,1,4,4);
INSERT INTO SCARAB_R_MODULE_OPTION VALUES (0,10,4,NULL,1,4,4);
INSERT INTO SCARAB_R_MODULE_OPTION VALUES (0,9,5,NULL,1,5,5);
INSERT INTO SCARAB_R_MODULE_OPTION VALUES (0,10,5,NULL,1,5,5);
INSERT INTO SCARAB_R_MODULE_OPTION VALUES (0,9,6,NULL,1,6,6);
INSERT INTO SCARAB_R_MODULE_OPTION VALUES (0,10,6,NULL,1,6,6);
INSERT INTO SCARAB_R_MODULE_OPTION VALUES (0,9,7,NULL,1,7,7);
INSERT INTO SCARAB_R_MODULE_OPTION VALUES (0,10,7,NULL,1,7,7);
INSERT INTO SCARAB_R_MODULE_OPTION VALUES (0,9,8,NULL,1,1,1);
INSERT INTO SCARAB_R_MODULE_OPTION VALUES (0,10,8,NULL,1,1,1);
INSERT INTO SCARAB_R_MODULE_OPTION VALUES (0,9,9,NULL,1,2,2);
INSERT INTO SCARAB_R_MODULE_OPTION VALUES (0,10,9,NULL,1,2,2);
INSERT INTO SCARAB_R_MODULE_OPTION VALUES (0,9,10,NULL,1,3,3);
INSERT INTO SCARAB_R_MODULE_OPTION VALUES (0,10,10,NULL,1,3,3);
INSERT INTO SCARAB_R_MODULE_OPTION VALUES (0,9,11,NULL,1,4,4);
INSERT INTO SCARAB_R_MODULE_OPTION VALUES (0,10,11,NULL,1,4,4);
INSERT INTO SCARAB_R_MODULE_OPTION VALUES (0,9,12,NULL,1,5,5);
INSERT INTO SCARAB_R_MODULE_OPTION VALUES (0,10,12,NULL,1,5,5);
INSERT INTO SCARAB_R_MODULE_OPTION VALUES (0,9,13,NULL,1,6,6);
INSERT INTO SCARAB_R_MODULE_OPTION VALUES (0,10,13,NULL,1,6,6);
INSERT INTO SCARAB_R_MODULE_OPTION VALUES (0,9,14,NULL,1,7,7);
INSERT INTO SCARAB_R_MODULE_OPTION VALUES (0,10,14,NULL,1,7,7);
INSERT INTO SCARAB_R_MODULE_OPTION VALUES (0,9,15,NULL,1,8,8);
INSERT INTO SCARAB_R_MODULE_OPTION VALUES (0,10,15,NULL,1,8,8);
INSERT INTO SCARAB_R_MODULE_OPTION VALUES (0,9,54,NULL,1,1,1);
INSERT INTO SCARAB_R_MODULE_OPTION VALUES (0,10,54,NULL,1,1,1);
INSERT INTO SCARAB_R_MODULE_OPTION VALUES (0,9,55,NULL,1,2,2);
INSERT INTO SCARAB_R_MODULE_OPTION VALUES (0,10,55,NULL,1,2,2);
INSERT INTO SCARAB_R_MODULE_OPTION VALUES (0,9,56,NULL,1,3,3);
INSERT INTO SCARAB_R_MODULE_OPTION VALUES (0,10,56,NULL,1,3,3);
INSERT INTO SCARAB_R_MODULE_OPTION VALUES (0,9,57,NULL,1,4,4);
INSERT INTO SCARAB_R_MODULE_OPTION VALUES (0,10,57,NULL,1,4,4);
INSERT INTO SCARAB_R_MODULE_OPTION VALUES (0,9,58,NULL,1,1,1);
INSERT INTO SCARAB_R_MODULE_OPTION VALUES (0,10,58,NULL,1,1,1);
INSERT INTO SCARAB_R_MODULE_OPTION VALUES (0,9,59,NULL,1,2,2);
INSERT INTO SCARAB_R_MODULE_OPTION VALUES (0,10,59,NULL,1,2,2);
INSERT INTO SCARAB_R_MODULE_OPTION VALUES (0,9,60,NULL,1,3,3);
INSERT INTO SCARAB_R_MODULE_OPTION VALUES (0,10,60,NULL,1,3,3);
INSERT INTO SCARAB_R_MODULE_OPTION VALUES (0,9,61,NULL,1,4,4);
INSERT INTO SCARAB_R_MODULE_OPTION VALUES (0,10,61,NULL,1,4,4);
INSERT INTO SCARAB_R_MODULE_OPTION VALUES (0,9,88,NULL,1,1,1);
INSERT INTO SCARAB_R_MODULE_OPTION VALUES (0,10,88,NULL,1,1,1);
INSERT INTO SCARAB_R_MODULE_OPTION VALUES (0,9,89,NULL,1,2,2);
INSERT INTO SCARAB_R_MODULE_OPTION VALUES (0,10,89,NULL,1,2,2);
INSERT INTO SCARAB_R_MODULE_OPTION VALUES (0,9,90,NULL,1,3,3);
INSERT INTO SCARAB_R_MODULE_OPTION VALUES (0,10,90,NULL,1,3,3);


