<project name="Torque" default="main" basedir=".">

  <property name="torque.home" value="."/>
  <property name="torque.dir" value="torque.home"/>
  <property name="torque.config" value="${torque.home}/config"/>
  <property name="torque.props" value="${torque.config}/torque.props"/>
  <property name="torque.macros" value="${torque.config}/torque.macros"/>

  <!-- Build classpath -->
  <path id="classpath">
    <fileset dir="lib">
      <include name="**/*.jar"/>
    </fileset>
  </path>
  
  <!-- 
       Load the torque properties file. All the targets use the
       information stored in the properties file. Edit the properties
       file! Not this build file! 
  -->
       
  <property file="${torque.props}"/>


  <!-- ================================================================ -->
  <!-- M A I N  T A R G E T                                             -->
  <!-- ================================================================ -->
  <!-- This default target will run all the targets that generate       -->
  <!-- source. You will probably only run this target once then         -->
  <!-- call individual targets as necessary to update your sources      -->
  <!-- when you change your XML schema.                                 -->
  <!-- ================================================================ -->

  <target name="main">
    <antcall target="project-sql"/>
    <antcall target="project-om"/>
  </target>


  <!-- ================================================================ -->
  <!-- I N I T  T A S K  T A R G E T                                    -->
  <!-- ================================================================ -->
  <!-- Taskdefs are defined inside this target as Ant seems to have     -->
  <!-- problems defining them at the top level.                         -->
  <!-- ================================================================ -->

  <target name="init-tasks">
    
    <taskdef name="torque-sql" 
      classname="org.apache.turbine.torque.TorqueSQLTask">
      <classpath refid="classpath"/>
    </taskdef>
    
    <taskdef name="torque-om" 
      classname="org.apache.turbine.torque.TorqueObjectModelTask">
      <classpath refid="classpath"/>
    </taskdef>
    
    <taskdef name="torque-intake" 
      classname="org.apache.turbine.torque.TorqueIntakeTask">
      <classpath refid="classpath"/>
    </taskdef>
    
    <taskdef name="sql-xml" 
      classname="org.apache.turbine.torque.TorqueSQLTransformTask">
      <classpath refid="classpath"/>
    </taskdef>
    
    <taskdef name="texen" 
      classname="org.apache.velocity.texen.ant.TexenTask">
      <classpath refid="classpath"/>
    </taskdef>
  
  </target>

  <!-- ================================================================ -->
  <!-- G E N E R A T E  P R O J E C T  S Q L                            -->
  <!-- ================================================================ -->
  <!-- Generate the SQL for your project, these are in addition         -->
  <!-- to the base Turbine tables! The tables you require for your      -->
  <!-- project should be specified in project-schema.xml.               -->
  <!-- ================================================================ -->

  <target name="project-sql" depends="init-tasks">

    <echo message="+------------------------------------------+"/>
    <echo message="|                                          |"/>
    <echo message="| Generating SQL for YOUR Turbine project! |"/>
    <echo message="| Woo hoo!                                 |"/>
    <echo message="|                                          |"/>
    <echo message="+------------------------------------------+"/>

    <torque-sql
      contextProperties="${torque.props}"
      controlTemplate="${SQLControlTemplate}"
      outputDirectory="${outputDirectory}"
      templatePath="${templatePath}"
      outputFile="report.${project}.sql.generation"
      xmlFile="${torque.home}/${schemaDirectory}/${project}-schema.xml"
      targetDatabase="${database}"
    />

  </target>

  <!-- ================================================================ -->
  <!-- G E N E R A T E  P R O J E C T  P E E R  B A S E D  O M          -->
  <!-- ================================================================ -->
  <!-- Generate the Peer-based object model for your project.           -->
  <!-- These are in addition to the base Turbine OM!                    -->
  <!-- ================================================================ -->


  <target name="project-om" depends="init-tasks">

    <echo message="+------------------------------------------+"/>
    <echo message="|                                          |"/>
    <echo message="| Generating Peer-based Object Model for   |"/>
    <echo message="| YOUR Turbine project! Woo hoo!           |"/>
    <echo message="|                                          |"/>
    <echo message="+------------------------------------------+"/>

    <torque-om
      contextProperties="${torque.props}"
      controlTemplate="${OMControlTemplate}"
      outputDirectory="${outputDirectory}"
      templatePath="${templatePath}"
      outputFile="report.${project}.om.generation"
      targetPackage="${targetPackage}.om"
      xmlFile="${torque.home}/${schemaDirectory}/${project}-schema.xml"
    />
  
  </target>

  <!-- ================================================================ -->
  <!-- G E N E R A T E  P R O J E C T  I N P U T  C L A S S E S         -->
  <!-- ================================================================ -->
  <!-- Generate the classes to parse input parameters for your project. -->
  <!-- These are in addition to the base Turbine OM!                    -->
  <!-- ================================================================ -->

  <target name="project-inputs" depends="init-tasks">

    <echo message="+------------------------------------------+"/>
    <echo message="|                                          |"/>
    <echo message="| Generating input parsing objects for     |"/>
    <echo message="| YOUR Turbine project! Woo hoo!           |"/>
    <echo message="|                                          |"/>
    <echo message="+------------------------------------------+"/>

    <torque-intake
      contextProperties="${torque.props}"
      xmlFile="${torque.home}/${xmlDirectory}/${project}-intake.xml"
      controlTemplate="${IntakeControlTemplate}"
      outputDirectory="${outputDirectory}"
      templatePath="${templatePath}"
      targetPackage="${targetPackage}.intake"
      outputFile="report.${project}.intake.generation"
    />
  
  </target>

  <!-- ================================================================ -->
  <!-- G E N E R A T E  T U R B I N E  S E R V I C E                    -->
  <!-- ================================================================ -->
  <!-- Generate turbine service code.                                   -->
  <!-- ================================================================ -->
  
  <target name="turbine-service" depends="init-tasks">
  
    <texen 
      contextProperties="service.props"
      controlTemplate="${ServiceControlTemplate}"
      outputDirectory="${outputDirectory}"
      templatePath="${templatePath}"
      outputFile="report.${project}.service.generation"
    />
    
  </target>

  <!-- =================================================================== -->
  <!-- Create an xml schema from an sql schema.                            -->
  <!--                                                                     -->
  <!--  inputFile: The input sql file. This must be valid sql file but     -->
  <!--             it not not be in any specific format.                   -->
  <!-- outputFile: The file where the xml schema will be written           -->
  <!-- =================================================================== -->

  <target name="sql2xml" depends="init-tasks">
    <sql-xml
      inputFile="schema/schema.sql"
      outputFile="schema/schema.xml"
    />
  </target>

</project>

